[debug] [2026-05-21T01:36:32.153Z] [Firebase Plugin] Activating Firebase extension.
[info] [Firebase Plugin] Checked firebase-tools, is up to date!
[debug] [2026-05-21T01:36:38.791Z] [Firebase Plugin] requireAuthWrapper
[debug] [2026-05-21T01:36:38.793Z] > command requires scopes: ["email","openid","https://www.googleapis.com/auth/cloudplatformprojects.readonly","https://www.googleapis.com/auth/firebase","https://www.googleapis.com/auth/cloud-platform"]
[debug] [2026-05-21T01:36:38.794Z] > authorizing via signed-in user (feraswork02@gmail.com)
[debug] [2026-05-21T01:36:38.796Z] Checked if tokens are valid: false, expires at: 1779269327300
[debug] [2026-05-21T01:36:38.797Z] Checked if tokens are valid: false, expires at: 1779269327300
[debug] [2026-05-21T01:36:38.797Z] > refreshing access token with scopes: []
[debug] [2026-05-21T01:36:38.798Z] >>> [apiv2][query] POST https://www.googleapis.com/oauth2/v3/token [none]
[debug] [2026-05-21T01:36:38.799Z] >>> [apiv2][body] POST https://www.googleapis.com/oauth2/v3/token [omitted]
[debug] [2026-05-21T01:36:38.810Z] [Firebase Plugin] VSCode notification server listening on port 40001
[info] [Firebase Plugin] Starting SQL Connect toolkit (version 3.4.5) on port 50001
[debug] [2026-05-21T01:36:40.021Z] 'fdc build' failed with error: Unable to build your SQL Connect schema and connectors (exit code 1): E0521 04:36:39.998484   20816 cmd.go:43] Error loading data connect config: could not find dataconnect.yaml in `f:\React\Animation\Graduation-Project\dataconnect`
 {"metadata":{"emulator":{"name":"dataconnect"},"message":"'fdc build' failed with error: Unable to build your SQL Connect schema and connectors (exit code 1): E0521 04:36:39.998484   20816 cmd.go:43] Error loading data connect config: could not find dataconnect.yaml in `f:\\React\\Animation\\Graduation-Project\\dataconnect`\n"}}
[debug] [2026-05-21T01:36:40.022Z] Ignoring unsupported arg: auto_download {"metadata":{"emulator":{"name":"dataconnect"},"message":"Ignoring unsupported arg: auto_download"}}
[debug] [2026-05-21T01:36:40.023Z] Ignoring unsupported arg: port {"metadata":{"emulator":{"name":"dataconnect"},"message":"Ignoring unsupported arg: port"}}
[debug] [2026-05-21T01:36:40.023Z] Starting SQL Connect Emulator with command {"binary":"C:\\Users\\feras\\.cache\\firebase\\emulators\\dataconnect-emulator-3.4.5.exe","args":["--logtostderr","-v=2","dev","--listen=localhost:50001","--config_dir=f:\\React\\Animation\\Graduation-Project\\dataconnect","--enable_output_schema_extensions=true","--enable_output_generated_sdk=true"],"optionalArgs":["listen","config_dir","enable_output_schema_extensions","enable_output_generated_sdk"],"joinArgs":true,"shell":false,"port":9399} {"metadata":{"emulator":{"name":"dataconnect"},"message":"Starting SQL Connect Emulator with command {\"binary\":\"C:\\\\Users\\\\feras\\\\.cache\\\\firebase\\\\emulators\\\\dataconnect-emulator-3.4.5.exe\",\"args\":[\"--logtostderr\",\"-v=2\",\"dev\",\"--listen=localhost:50001\",\"--config_dir=f:\\\\React\\\\Animation\\\\Graduation-Project\\\\dataconnect\",\"--enable_output_schema_extensions=true\",\"--enable_output_generated_sdk=true\"],\"optionalArgs\":[\"listen\",\"config_dir\",\"enable_output_schema_extensions\",\"enable_output_generated_sdk\"],\"joinArgs\":true,\"shell\":false,\"port\":9399}"}}
[info] i  dataconnect: SQL Connect Emulator logging to dataconnect-debug.log {"metadata":{"emulator":{"name":"dataconnect"},"message":"SQL Connect Emulator logging to \u001b[1mdataconnect-debug.log\u001b[22m"}}
[debug] [2026-05-21T01:36:40.180Z] E0521 04:36:40.067538   32040 dev.go:83] Failed to load initial config from "f:\\React\\Animation\\Graduation-Project\\dataconnect": could not find dataconnect.yaml in `f:\React\Animation\Graduation-Project\dataconnect`
E0521 04:36:40.084306   32040 watch.go:116] watchAllDir unable to walk dir `f:\React\Animation\Graduation-Project\dataconnect`: GetFileAttributesEx f:\React\Animation\Graduation-Project\dataconnect: The system cannot find the file specified.
I0521 04:36:40.099414   32040 dev.go:104] Listening on address (HTTP + gRPC): 127.0.0.1:50001
 {"metadata":{"emulator":{"name":"dataconnect"},"message":"E0521 04:36:40.067538   32040 dev.go:83] Failed to load initial config from \"f:\\\\React\\\\Animation\\\\Graduation-Project\\\\dataconnect\": could not find dataconnect.yaml in `f:\\React\\Animation\\Graduation-Project\\dataconnect`\nE0521 04:36:40.084306   32040 watch.go:116] watchAllDir unable to walk dir `f:\\React\\Animation\\Graduation-Project\\dataconnect`: GetFileAttributesEx f:\\React\\Animation\\Graduation-Project\\dataconnect: The system cannot find the file specified.\nI0521 04:36:40.099414   32040 dev.go:104] Listening on address (HTTP + gRPC): 127.0.0.1:50001\n"}}
[debug] [2026-05-21T01:36:40.285Z] <<< [apiv2][status] POST https://www.googleapis.com/oauth2/v3/token 200
[debug] [2026-05-21T01:36:40.285Z] <<< [apiv2][body] POST https://www.googleapis.com/oauth2/v3/token [omitted]
[debug] [2026-05-21T01:36:40.298Z] [Firebase Plugin] User found:  feraswork02@gmail.com
[info] [Firebase Plugin] (Core:Project) New user detected, fetching projects
[debug] [2026-05-21T01:36:40.299Z] Checked if tokens are valid: true, expires at: 1779330999286
[debug] [2026-05-21T01:36:40.299Z] >>> [apiv2][query] GET https://firebase.googleapis.com/v1beta1/projects pageSize=1000
[error] [Firebase Plugin] error:  {}
[debug] [2026-05-21T01:36:40.892Z] <<< [apiv2][status] GET https://firebase.googleapis.com/v1beta1/projects 200
[debug] [2026-05-21T01:36:40.892Z] <<< [apiv2][body] GET https://firebase.googleapis.com/v1beta1/projects [omitted]
[debug] [2026-05-21T01:36:50.087Z] E0521 04:36:50.087143   32040 watch.go:40] Failed to load config from "f:\\React\\Animation\\Graduation-Project\\dataconnect": could not find dataconnect.yaml in `f:\React\Animation\Graduation-Project\dataconnect`
 {"metadata":{"emulator":{"name":"dataconnect"},"message":"E0521 04:36:50.087143   32040 watch.go:40] Failed to load config from \"f:\\\\React\\\\Animation\\\\Graduation-Project\\\\dataconnect\": could not find dataconnect.yaml in `f:\\React\\Animation\\Graduation-Project\\dataconnect`\n"}}
[debug] [2026-05-21T01:37:00.086Z] E0521 04:37:00.086961   32040 watch.go:40] Failed to load config from "f:\\React\\Animation\\Graduation-Project\\dataconnect": could not find dataconnect.yaml in `f:\React\Animation\Graduation-Project\dataconnect`
 {"metadata":{"emulator":{"name":"dataconnect"},"message":"E0521 04:37:00.086961   32040 watch.go:40] Failed to load config from \"f:\\\\React\\\\Animation\\\\Graduation-Project\\\\dataconnect\": could not find dataconnect.yaml in `f:\\React\\Animation\\Graduation-Project\\dataconnect`\n"}}
[debug] [2026-05-21T01:37:10.086Z] E0521 04:37:10.086975   32040 watch.go:40] Failed to load config from "f:\\React\\Animation\\Graduation-Project\\dataconnect": could not find dataconnect.yaml in `f:\React\Animation\Graduation-Project\dataconnect`
 {"metadata":{"emulator":{"name":"dataconnect"},"message":"E0521 04:37:10.086975   32040 watch.go:40] Failed to load config from \"f:\\\\React\\\\Animation\\\\Graduation-Project\\\\dataconnect\": could not find dataconnect.yaml in `f:\\React\\Animation\\Graduation-Project\\dataconnect`\n"}}
[debug] [2026-05-21T01:37:20.087Z] E0521 04:37:20.087237   32040 watch.go:40] Failed to load config from "f:\\React\\Animation\\Graduation-Project\\dataconnect": could not find dataconnect.yaml in `f:\React\Animation\Graduation-Project\dataconnect`
 {"metadata":{"emulator":{"name":"dataconnect"},"message":"E0521 04:37:20.087237   32040 watch.go:40] Failed to load config from \"f:\\\\React\\\\Animation\\\\Graduation-Project\\\\dataconnect\": could not find dataconnect.yaml in `f:\\React\\Animation\\Graduation-Project\\dataconnect`\n"}}
[debug] [2026-05-21T01:37:30.087Z] E0521 04:37:30.087156   32040 watch.go:40] Failed to load config from "f:\\React\\Animation\\Graduation-Project\\dataconnect": could not find dataconnect.yaml in `f:\React\Animation\Graduation-Project\dataconnect`
 {"metadata":{"emulator":{"name":"dataconnect"},"message":"E0521 04:37:30.087156   32040 watch.go:40] Failed to load config from \"f:\\\\React\\\\Animation\\\\Graduation-Project\\\\dataconnect\": could not find dataconnect.yaml in `f:\\React\\Animation\\Graduation-Project\\dataconnect`\n"}}
[debug] [2026-05-21T01:37:40.087Z] E0521 04:37:40.087188   32040 watch.go:116] watchAllDir unable to walk dir `f:\React\Animation\Graduation-Project\dataconnect`: GetFileAttributesEx f:\React\Animation\Graduation-Project\dataconnect: The system cannot find the file specified.
E0521 04:37:40.087188   32040 watch.go:40] Failed to load config from "f:\\React\\Animation\\Graduation-Project\\dataconnect": could not find dataconnect.yaml in `f:\React\Animation\Graduation-Project\dataconnect`
 {"metadata":{"emulator":{"name":"dataconnect"},"message":"E0521 04:37:40.087188   32040 watch.go:116] watchAllDir unable to walk dir `f:\\React\\Animation\\Graduation-Project\\dataconnect`: GetFileAttributesEx f:\\React\\Animation\\Graduation-Project\\dataconnect: The system cannot find the file specified.\nE0521 04:37:40.087188   32040 watch.go:40] Failed to load config from \"f:\\\\React\\\\Animation\\\\Graduation-Project\\\\dataconnect\": could not find dataconnect.yaml in `f:\\React\\Animation\\Graduation-Project\\dataconnect`\n"}}
[debug] [2026-05-21T01:37:50.087Z] E0521 04:37:50.087262   32040 watch.go:40] Failed to load config from "f:\\React\\Animation\\Graduation-Project\\dataconnect": could not find dataconnect.yaml in `f:\React\Animation\Graduation-Project\dataconnect`
 {"metadata":{"emulator":{"name":"dataconnect"},"message":"E0521 04:37:50.087262   32040 watch.go:40] Failed to load config from \"f:\\\\React\\\\Animation\\\\Graduation-Project\\\\dataconnect\": could not find dataconnect.yaml in `f:\\React\\Animation\\Graduation-Project\\dataconnect`\n"}}
[debug] [2026-05-21T01:38:00.087Z] E0521 04:38:00.087305   32040 watch.go:40] Failed to load config from "f:\\React\\Animation\\Graduation-Project\\dataconnect": could not find dataconnect.yaml in `f:\React\Animation\Graduation-Project\dataconnect`
 {"metadata":{"emulator":{"name":"dataconnect"},"message":"E0521 04:38:00.087305   32040 watch.go:40] Failed to load config from \"f:\\\\React\\\\Animation\\\\Graduation-Project\\\\dataconnect\": could not find dataconnect.yaml in `f:\\React\\Animation\\Graduation-Project\\dataconnect`\n"}}
[debug] [2026-05-21T01:38:10.087Z] E0521 04:38:10.087156   32040 watch.go:40] Failed to load config from "f:\\React\\Animation\\Graduation-Project\\dataconnect": could not find dataconnect.yaml in `f:\React\Animation\Graduation-Project\dataconnect`
 {"metadata":{"emulator":{"name":"dataconnect"},"message":"E0521 04:38:10.087156   32040 watch.go:40] Failed to load config from \"f:\\\\React\\\\Animation\\\\Graduation-Project\\\\dataconnect\": could not find dataconnect.yaml in `f:\\React\\Animation\\Graduation-Project\\dataconnect`\n"}}
[debug] [2026-05-21T01:38:20.087Z] E0521 04:38:20.087309   32040 watch.go:40] Failed to load config from "f:\\React\\Animation\\Graduation-Project\\dataconnect": could not find dataconnect.yaml in `f:\React\Animation\Graduation-Project\dataconnect`
 {"metadata":{"emulator":{"name":"dataconnect"},"message":"E0521 04:38:20.087309   32040 watch.go:40] Failed to load config from \"f:\\\\React\\\\Animation\\\\Graduation-Project\\\\dataconnect\": could not find dataconnect.yaml in `f:\\React\\Animation\\Graduation-Project\\dataconnect`\n"}}
[debug] [2026-05-21T01:38:30.087Z] E0521 04:38:30.087117   32040 watch.go:40] Failed to load config from "f:\\React\\Animation\\Graduation-Project\\dataconnect": could not find dataconnect.yaml in `f:\React\Animation\Graduation-Project\dataconnect`
 {"metadata":{"emulator":{"name":"dataconnect"},"message":"E0521 04:38:30.087117   32040 watch.go:40] Failed to load config from \"f:\\\\React\\\\Animation\\\\Graduation-Project\\\\dataconnect\": could not find dataconnect.yaml in `f:\\React\\Animation\\Graduation-Project\\dataconnect`\n"}}
[debug] [2026-05-21T01:38:40.086Z] E0521 04:38:40.086923   32040 watch.go:116] watchAllDir unable to walk dir `f:\React\Animation\Graduation-Project\dataconnect`: GetFileAttributesEx f:\React\Animation\Graduation-Project\dataconnect: The system cannot find the file specified.
 {"metadata":{"emulator":{"name":"dataconnect"},"message":"E0521 04:38:40.086923   32040 watch.go:116] watchAllDir unable to walk dir `f:\\React\\Animation\\Graduation-Project\\dataconnect`: GetFileAttributesEx f:\\React\\Animation\\Graduation-Project\\dataconnect: The system cannot find the file specified.\n"}}
[debug] [2026-05-21T01:38:40.087Z] E0521 04:38:40.086923   32040 watch.go:40] Failed to load config from "f:\\React\\Animation\\Graduation-Project\\dataconnect": could not find dataconnect.yaml in `f:\React\Animation\Graduation-Project\dataconnect`
 {"metadata":{"emulator":{"name":"dataconnect"},"message":"E0521 04:38:40.086923   32040 watch.go:40] Failed to load config from \"f:\\\\React\\\\Animation\\\\Graduation-Project\\\\dataconnect\": could not find dataconnect.yaml in `f:\\React\\Animation\\Graduation-Project\\dataconnect`\n"}}
[debug] [2026-05-21T01:38:50.089Z] E0521 04:38:50.089412   32040 watch.go:40] Failed to load config from "f:\\React\\Animation\\Graduation-Project\\dataconnect": could not find dataconnect.yaml in `f:\React\Animation\Graduation-Project\dataconnect`
 {"metadata":{"emulator":{"name":"dataconnect"},"message":"E0521 04:38:50.089412   32040 watch.go:40] Failed to load config from \"f:\\\\React\\\\Animation\\\\Graduation-Project\\\\dataconnect\": could not find dataconnect.yaml in `f:\\React\\Animation\\Graduation-Project\\dataconnect`\n"}}
[debug] [2026-05-21T01:39:00.087Z] E0521 04:39:00.087422   32040 watch.go:40] Failed to load config from "f:\\React\\Animation\\Graduation-Project\\dataconnect": could not find dataconnect.yaml in `f:\React\Animation\Graduation-Project\dataconnect`
 {"metadata":{"emulator":{"name":"dataconnect"},"message":"E0521 04:39:00.087422   32040 watch.go:40] Failed to load config from \"f:\\\\React\\\\Animation\\\\Graduation-Project\\\\dataconnect\": could not find dataconnect.yaml in `f:\\React\\Animation\\Graduation-Project\\dataconnect`\n"}}
[debug] [2026-05-21T01:39:10.087Z] E0521 04:39:10.087353   32040 watch.go:40] Failed to load config from "f:\\React\\Animation\\Graduation-Project\\dataconnect": could not find dataconnect.yaml in `f:\React\Animation\Graduation-Project\dataconnect`
 {"metadata":{"emulator":{"name":"dataconnect"},"message":"E0521 04:39:10.087353   32040 watch.go:40] Failed to load config from \"f:\\\\React\\\\Animation\\\\Graduation-Project\\\\dataconnect\": could not find dataconnect.yaml in `f:\\React\\Animation\\Graduation-Project\\dataconnect`\n"}}
[debug] [2026-05-21T01:39:20.087Z] E0521 04:39:20.087662   32040 watch.go:40] Failed to load config from "f:\\React\\Animation\\Graduation-Project\\dataconnect": could not find dataconnect.yaml in `f:\React\Animation\Graduation-Project\dataconnect`
 {"metadata":{"emulator":{"name":"dataconnect"},"message":"E0521 04:39:20.087662   32040 watch.go:40] Failed to load config from \"f:\\\\React\\\\Animation\\\\Graduation-Project\\\\dataconnect\": could not find dataconnect.yaml in `f:\\React\\Animation\\Graduation-Project\\dataconnect`\n"}}
[debug] [2026-05-21T01:39:30.087Z] E0521 04:39:30.087411   32040 watch.go:40] Failed to load config from "f:\\React\\Animation\\Graduation-Project\\dataconnect": could not find dataconnect.yaml in `f:\React\Animation\Graduation-Project\dataconnect`
 {"metadata":{"emulator":{"name":"dataconnect"},"message":"E0521 04:39:30.087411   32040 watch.go:40] Failed to load config from \"f:\\\\React\\\\Animation\\\\Graduation-Project\\\\dataconnect\": could not find dataconnect.yaml in `f:\\React\\Animation\\Graduation-Project\\dataconnect`\n"}}
[debug] [2026-05-21T01:39:40.087Z] E0521 04:39:40.087172   32040 watch.go:116] watchAllDir unable to walk dir `f:\React\Animation\Graduation-Project\dataconnect`: GetFileAttributesEx f:\React\Animation\Graduation-Project\dataconnect: The system cannot find the file specified.
E0521 04:39:40.087172   32040 watch.go:40] Failed to load config from "f:\\React\\Animation\\Graduation-Project\\dataconnect": could not find dataconnect.yaml in `f:\React\Animation\Graduation-Project\dataconnect`
 {"metadata":{"emulator":{"name":"dataconnect"},"message":"E0521 04:39:40.087172   32040 watch.go:116] watchAllDir unable to walk dir `f:\\React\\Animation\\Graduation-Project\\dataconnect`: GetFileAttributesEx f:\\React\\Animation\\Graduation-Project\\dataconnect: The system cannot find the file specified.\nE0521 04:39:40.087172   32040 watch.go:40] Failed to load config from \"f:\\\\React\\\\Animation\\\\Graduation-Project\\\\dataconnect\": could not find dataconnect.yaml in `f:\\React\\Animation\\Graduation-Project\\dataconnect`\n"}}
[debug] [2026-05-21T01:39:50.087Z] E0521 04:39:50.087074   32040 watch.go:40] Failed to load config from "f:\\React\\Animation\\Graduation-Project\\dataconnect": could not find dataconnect.yaml in `f:\React\Animation\Graduation-Project\dataconnect`
 {"metadata":{"emulator":{"name":"dataconnect"},"message":"E0521 04:39:50.087074   32040 watch.go:40] Failed to load config from \"f:\\\\React\\\\Animation\\\\Graduation-Project\\\\dataconnect\": could not find dataconnect.yaml in `f:\\React\\Animation\\Graduation-Project\\dataconnect`\n"}}
[debug] [2026-05-21T01:40:00.087Z] E0521 04:40:00.087154   32040 watch.go:40] Failed to load config from "f:\\React\\Animation\\Graduation-Project\\dataconnect": could not find dataconnect.yaml in `f:\React\Animation\Graduation-Project\dataconnect`
 {"metadata":{"emulator":{"name":"dataconnect"},"message":"E0521 04:40:00.087154   32040 watch.go:40] Failed to load config from \"f:\\\\React\\\\Animation\\\\Graduation-Project\\\\dataconnect\": could not find dataconnect.yaml in `f:\\React\\Animation\\Graduation-Project\\dataconnect`\n"}}
[debug] [2026-05-21T01:40:10.087Z] E0521 04:40:10.087191   32040 watch.go:40] Failed to load config from "f:\\React\\Animation\\Graduation-Project\\dataconnect": could not find dataconnect.yaml in `f:\React\Animation\Graduation-Project\dataconnect`
 {"metadata":{"emulator":{"name":"dataconnect"},"message":"E0521 04:40:10.087191   32040 watch.go:40] Failed to load config from \"f:\\\\React\\\\Animation\\\\Graduation-Project\\\\dataconnect\": could not find dataconnect.yaml in `f:\\React\\Animation\\Graduation-Project\\dataconnect`\n"}}
[debug] [2026-05-21T01:40:20.087Z] E0521 04:40:20.087109   32040 watch.go:40] Failed to load config from "f:\\React\\Animation\\Graduation-Project\\dataconnect": could not find dataconnect.yaml in `f:\React\Animation\Graduation-Project\dataconnect`
 {"metadata":{"emulator":{"name":"dataconnect"},"message":"E0521 04:40:20.087109   32040 watch.go:40] Failed to load config from \"f:\\\\React\\\\Animation\\\\Graduation-Project\\\\dataconnect\": could not find dataconnect.yaml in `f:\\React\\Animation\\Graduation-Project\\dataconnect`\n"}}
[debug] [2026-05-21T01:40:30.087Z] E0521 04:40:30.086985   32040 watch.go:40] Failed to load config from "f:\\React\\Animation\\Graduation-Project\\dataconnect": could not find dataconnect.yaml in `f:\React\Animation\Graduation-Project\dataconnect`
 {"metadata":{"emulator":{"name":"dataconnect"},"message":"E0521 04:40:30.086985   32040 watch.go:40] Failed to load config from \"f:\\\\React\\\\Animation\\\\Graduation-Project\\\\dataconnect\": could not find dataconnect.yaml in `f:\\React\\Animation\\Graduation-Project\\dataconnect`\n"}}
[debug] [2026-05-21T01:40:40.087Z] E0521 04:40:40.087049   32040 watch.go:116] watchAllDir unable to walk dir `f:\React\Animation\Graduation-Project\dataconnect`: GetFileAttributesEx f:\React\Animation\Graduation-Project\dataconnect: The system cannot find the file specified.
E0521 04:40:40.087049   32040 watch.go:40] Failed to load config from "f:\\React\\Animation\\Graduation-Project\\dataconnect": could not find dataconnect.yaml in `f:\React\Animation\Graduation-Project\dataconnect`
 {"metadata":{"emulator":{"name":"dataconnect"},"message":"E0521 04:40:40.087049   32040 watch.go:116] watchAllDir unable to walk dir `f:\\React\\Animation\\Graduation-Project\\dataconnect`: GetFileAttributesEx f:\\React\\Animation\\Graduation-Project\\dataconnect: The system cannot find the file specified.\nE0521 04:40:40.087049   32040 watch.go:40] Failed to load config from \"f:\\\\React\\\\Animation\\\\Graduation-Project\\\\dataconnect\": could not find dataconnect.yaml in `f:\\React\\Animation\\Graduation-Project\\dataconnect`\n"}}
[debug] [2026-05-21T01:40:50.087Z] E0521 04:40:50.086967   32040 watch.go:40] Failed to load config from "f:\\React\\Animation\\Graduation-Project\\dataconnect": could not find dataconnect.yaml in `f:\React\Animation\Graduation-Project\dataconnect`
 {"metadata":{"emulator":{"name":"dataconnect"},"message":"E0521 04:40:50.086967   32040 watch.go:40] Failed to load config from \"f:\\\\React\\\\Animation\\\\Graduation-Project\\\\dataconnect\": could not find dataconnect.yaml in `f:\\React\\Animation\\Graduation-Project\\dataconnect`\n"}}
[debug] [2026-05-21T01:41:00.087Z] E0521 04:41:00.087083   32040 watch.go:40] Failed to load config from "f:\\React\\Animation\\Graduation-Project\\dataconnect": could not find dataconnect.yaml in `f:\React\Animation\Graduation-Project\dataconnect`
 {"metadata":{"emulator":{"name":"dataconnect"},"message":"E0521 04:41:00.087083   32040 watch.go:40] Failed to load config from \"f:\\\\React\\\\Animation\\\\Graduation-Project\\\\dataconnect\": could not find dataconnect.yaml in `f:\\React\\Animation\\Graduation-Project\\dataconnect`\n"}}
[debug] [2026-05-21T01:41:10.087Z] E0521 04:41:10.087396   32040 watch.go:40] Failed to load config from "f:\\React\\Animation\\Graduation-Project\\dataconnect": could not find dataconnect.yaml in `f:\React\Animation\Graduation-Project\dataconnect`
 {"metadata":{"emulator":{"name":"dataconnect"},"message":"E0521 04:41:10.087396   32040 watch.go:40] Failed to load config from \"f:\\\\React\\\\Animation\\\\Graduation-Project\\\\dataconnect\": could not find dataconnect.yaml in `f:\\React\\Animation\\Graduation-Project\\dataconnect`\n"}}
[debug] [2026-05-21T01:41:20.087Z] E0521 04:41:20.087232   32040 watch.go:40] Failed to load config from "f:\\React\\Animation\\Graduation-Project\\dataconnect": could not find dataconnect.yaml in `f:\React\Animation\Graduation-Project\dataconnect`
 {"metadata":{"emulator":{"name":"dataconnect"},"message":"E0521 04:41:20.087232   32040 watch.go:40] Failed to load config from \"f:\\\\React\\\\Animation\\\\Graduation-Project\\\\dataconnect\": could not find dataconnect.yaml in `f:\\React\\Animation\\Graduation-Project\\dataconnect`\n"}}
[debug] [2026-05-21T01:41:30.087Z] E0521 04:41:30.087683   32040 watch.go:40] Failed to load config from "f:\\React\\Animation\\Graduation-Project\\dataconnect": could not find dataconnect.yaml in `f:\React\Animation\Graduation-Project\dataconnect`
 {"metadata":{"emulator":{"name":"dataconnect"},"message":"E0521 04:41:30.087683   32040 watch.go:40] Failed to load config from \"f:\\\\React\\\\Animation\\\\Graduation-Project\\\\dataconnect\": could not find dataconnect.yaml in `f:\\React\\Animation\\Graduation-Project\\dataconnect`\n"}}
[debug] [2026-05-21T01:41:40.087Z] E0521 04:41:40.087351   32040 watch.go:116] watchAllDir unable to walk dir `f:\React\Animation\Graduation-Project\dataconnect`: GetFileAttributesEx f:\React\Animation\Graduation-Project\dataconnect: The system cannot find the file specified.
E0521 04:41:40.087351   32040 watch.go:40] Failed to load config from "f:\\React\\Animation\\Graduation-Project\\dataconnect": could not find dataconnect.yaml in `f:\React\Animation\Graduation-Project\dataconnect`
 {"metadata":{"emulator":{"name":"dataconnect"},"message":"E0521 04:41:40.087351   32040 watch.go:116] watchAllDir unable to walk dir `f:\\React\\Animation\\Graduation-Project\\dataconnect`: GetFileAttributesEx f:\\React\\Animation\\Graduation-Project\\dataconnect: The system cannot find the file specified.\nE0521 04:41:40.087351   32040 watch.go:40] Failed to load config from \"f:\\\\React\\\\Animation\\\\Graduation-Project\\\\dataconnect\": could not find dataconnect.yaml in `f:\\React\\Animation\\Graduation-Project\\dataconnect`\n"}}
[debug] [2026-05-21T01:41:50.087Z] E0521 04:41:50.087170   32040 watch.go:40] Failed to load config from "f:\\React\\Animation\\Graduation-Project\\dataconnect": could not find dataconnect.yaml in `f:\React\Animation\Graduation-Project\dataconnect`
 {"metadata":{"emulator":{"name":"dataconnect"},"message":"E0521 04:41:50.087170   32040 watch.go:40] Failed to load config from \"f:\\\\React\\\\Animation\\\\Graduation-Project\\\\dataconnect\": could not find dataconnect.yaml in `f:\\React\\Animation\\Graduation-Project\\dataconnect`\n"}}
[debug] [2026-05-21T01:42:00.087Z] E0521 04:42:00.086910   32040 watch.go:40] Failed to load config from "f:\\React\\Animation\\Graduation-Project\\dataconnect": could not find dataconnect.yaml in `f:\React\Animation\Graduation-Project\dataconnect`
 {"metadata":{"emulator":{"name":"dataconnect"},"message":"E0521 04:42:00.086910   32040 watch.go:40] Failed to load config from \"f:\\\\React\\\\Animation\\\\Graduation-Project\\\\dataconnect\": could not find dataconnect.yaml in `f:\\React\\Animation\\Graduation-Project\\dataconnect`\n"}}
[debug] [2026-05-21T01:42:10.087Z] E0521 04:42:10.087118   32040 watch.go:40] Failed to load config from "f:\\React\\Animation\\Graduation-Project\\dataconnect": could not find dataconnect.yaml in `f:\React\Animation\Graduation-Project\dataconnect`
 {"metadata":{"emulator":{"name":"dataconnect"},"message":"E0521 04:42:10.087118   32040 watch.go:40] Failed to load config from \"f:\\\\React\\\\Animation\\\\Graduation-Project\\\\dataconnect\": could not find dataconnect.yaml in `f:\\React\\Animation\\Graduation-Project\\dataconnect`\n"}}
[debug] [2026-05-21T01:42:20.087Z] E0521 04:42:20.087244   32040 watch.go:40] Failed to load config from "f:\\React\\Animation\\Graduation-Project\\dataconnect": could not find dataconnect.yaml in `f:\React\Animation\Graduation-Project\dataconnect`
 {"metadata":{"emulator":{"name":"dataconnect"},"message":"E0521 04:42:20.087244   32040 watch.go:40] Failed to load config from \"f:\\\\React\\\\Animation\\\\Graduation-Project\\\\dataconnect\": could not find dataconnect.yaml in `f:\\React\\Animation\\Graduation-Project\\dataconnect`\n"}}
[debug] [2026-05-21T01:42:30.087Z] E0521 04:42:30.087137   32040 watch.go:40] Failed to load config from "f:\\React\\Animation\\Graduation-Project\\dataconnect": could not find dataconnect.yaml in `f:\React\Animation\Graduation-Project\dataconnect`
 {"metadata":{"emulator":{"name":"dataconnect"},"message":"E0521 04:42:30.087137   32040 watch.go:40] Failed to load config from \"f:\\\\React\\\\Animation\\\\Graduation-Project\\\\dataconnect\": could not find dataconnect.yaml in `f:\\React\\Animation\\Graduation-Project\\dataconnect`\n"}}
[debug] [2026-05-21T01:42:40.087Z] E0521 04:42:40.087086   32040 watch.go:116] watchAllDir unable to walk dir `f:\React\Animation\Graduation-Project\dataconnect`: GetFileAttributesEx f:\React\Animation\Graduation-Project\dataconnect: The system cannot find the file specified.
E0521 04:42:40.087086   32040 watch.go:40] Failed to load config from "f:\\React\\Animation\\Graduation-Project\\dataconnect": could not find dataconnect.yaml in `f:\React\Animation\Graduation-Project\dataconnect`
 {"metadata":{"emulator":{"name":"dataconnect"},"message":"E0521 04:42:40.087086   32040 watch.go:116] watchAllDir unable to walk dir `f:\\React\\Animation\\Graduation-Project\\dataconnect`: GetFileAttributesEx f:\\React\\Animation\\Graduation-Project\\dataconnect: The system cannot find the file specified.\nE0521 04:42:40.087086   32040 watch.go:40] Failed to load config from \"f:\\\\React\\\\Animation\\\\Graduation-Project\\\\dataconnect\": could not find dataconnect.yaml in `f:\\React\\Animation\\Graduation-Project\\dataconnect`\n"}}
[debug] [2026-05-21T01:42:50.086Z] E0521 04:42:50.087029   32040 watch.go:40] Failed to load config from "f:\\React\\Animation\\Graduation-Project\\dataconnect": could not find dataconnect.yaml in `f:\React\Animation\Graduation-Project\dataconnect`
 {"metadata":{"emulator":{"name":"dataconnect"},"message":"E0521 04:42:50.087029   32040 watch.go:40] Failed to load config from \"f:\\\\React\\\\Animation\\\\Graduation-Project\\\\dataconnect\": could not find dataconnect.yaml in `f:\\React\\Animation\\Graduation-Project\\dataconnect`\n"}}
[debug] [2026-05-21T01:43:00.087Z] E0521 04:43:00.087036   32040 watch.go:40] Failed to load config from "f:\\React\\Animation\\Graduation-Project\\dataconnect": could not find dataconnect.yaml in `f:\React\Animation\Graduation-Project\dataconnect`
 {"metadata":{"emulator":{"name":"dataconnect"},"message":"E0521 04:43:00.087036   32040 watch.go:40] Failed to load config from \"f:\\\\React\\\\Animation\\\\Graduation-Project\\\\dataconnect\": could not find dataconnect.yaml in `f:\\React\\Animation\\Graduation-Project\\dataconnect`\n"}}
[debug] [2026-05-21T01:43:10.086Z] E0521 04:43:10.086931   32040 watch.go:40] Failed to load config from "f:\\React\\Animation\\Graduation-Project\\dataconnect": could not find dataconnect.yaml in `f:\React\Animation\Graduation-Project\dataconnect`
 {"metadata":{"emulator":{"name":"dataconnect"},"message":"E0521 04:43:10.086931   32040 watch.go:40] Failed to load config from \"f:\\\\React\\\\Animation\\\\Graduation-Project\\\\dataconnect\": could not find dataconnect.yaml in `f:\\React\\Animation\\Graduation-Project\\dataconnect`\n"}}
[debug] [2026-05-21T01:43:20.087Z] E0521 04:43:20.086975   32040 watch.go:40] Failed to load config from "f:\\React\\Animation\\Graduation-Project\\dataconnect": could not find dataconnect.yaml in `f:\React\Animation\Graduation-Project\dataconnect`
 {"metadata":{"emulator":{"name":"dataconnect"},"message":"E0521 04:43:20.086975   32040 watch.go:40] Failed to load config from \"f:\\\\React\\\\Animation\\\\Graduation-Project\\\\dataconnect\": could not find dataconnect.yaml in `f:\\React\\Animation\\Graduation-Project\\dataconnect`\n"}}
[debug] [2026-05-21T01:43:30.087Z] E0521 04:43:30.087259   32040 watch.go:40] Failed to load config from "f:\\React\\Animation\\Graduation-Project\\dataconnect": could not find dataconnect.yaml in `f:\React\Animation\Graduation-Project\dataconnect`
 {"metadata":{"emulator":{"name":"dataconnect"},"message":"E0521 04:43:30.087259   32040 watch.go:40] Failed to load config from \"f:\\\\React\\\\Animation\\\\Graduation-Project\\\\dataconnect\": could not find dataconnect.yaml in `f:\\React\\Animation\\Graduation-Project\\dataconnect`\n"}}
[debug] [2026-05-21T01:43:40.087Z] E0521 04:43:40.087609   32040 watch.go:116] watchAllDir unable to walk dir `f:\React\Animation\Graduation-Project\dataconnect`: GetFileAttributesEx f:\React\Animation\Graduation-Project\dataconnect: The system cannot find the file specified.
E0521 04:43:40.087609   32040 watch.go:40] Failed to load config from "f:\\React\\Animation\\Graduation-Project\\dataconnect": could not find dataconnect.yaml in `f:\React\Animation\Graduation-Project\dataconnect`
 {"metadata":{"emulator":{"name":"dataconnect"},"message":"E0521 04:43:40.087609   32040 watch.go:116] watchAllDir unable to walk dir `f:\\React\\Animation\\Graduation-Project\\dataconnect`: GetFileAttributesEx f:\\React\\Animation\\Graduation-Project\\dataconnect: The system cannot find the file specified.\nE0521 04:43:40.087609   32040 watch.go:40] Failed to load config from \"f:\\\\React\\\\Animation\\\\Graduation-Project\\\\dataconnect\": could not find dataconnect.yaml in `f:\\React\\Animation\\Graduation-Project\\dataconnect`\n"}}
[debug] [2026-05-21T01:43:50.087Z] E0521 04:43:50.087485   32040 watch.go:40] Failed to load config from "f:\\React\\Animation\\Graduation-Project\\dataconnect": could not find dataconnect.yaml in `f:\React\Animation\Graduation-Project\dataconnect`
 {"metadata":{"emulator":{"name":"dataconnect"},"message":"E0521 04:43:50.087485   32040 watch.go:40] Failed to load config from \"f:\\\\React\\\\Animation\\\\Graduation-Project\\\\dataconnect\": could not find dataconnect.yaml in `f:\\React\\Animation\\Graduation-Project\\dataconnect`\n"}}
[debug] [2026-05-21T01:44:00.087Z] E0521 04:44:00.087198   32040 watch.go:40] Failed to load config from "f:\\React\\Animation\\Graduation-Project\\dataconnect": could not find dataconnect.yaml in `f:\React\Animation\Graduation-Project\dataconnect`
 {"metadata":{"emulator":{"name":"dataconnect"},"message":"E0521 04:44:00.087198   32040 watch.go:40] Failed to load config from \"f:\\\\React\\\\Animation\\\\Graduation-Project\\\\dataconnect\": could not find dataconnect.yaml in `f:\\React\\Animation\\Graduation-Project\\dataconnect`\n"}}
[debug] [2026-05-21T01:44:10.087Z] E0521 04:44:10.087373   32040 watch.go:40] Failed to load config from "f:\\React\\Animation\\Graduation-Project\\dataconnect": could not find dataconnect.yaml in `f:\React\Animation\Graduation-Project\dataconnect`
 {"metadata":{"emulator":{"name":"dataconnect"},"message":"E0521 04:44:10.087373   32040 watch.go:40] Failed to load config from \"f:\\\\React\\\\Animation\\\\Graduation-Project\\\\dataconnect\": could not find dataconnect.yaml in `f:\\React\\Animation\\Graduation-Project\\dataconnect`\n"}}
[debug] [2026-05-21T01:44:20.087Z] E0521 04:44:20.087193   32040 watch.go:40] Failed to load config from "f:\\React\\Animation\\Graduation-Project\\dataconnect": could not find dataconnect.yaml in `f:\React\Animation\Graduation-Project\dataconnect`
 {"metadata":{"emulator":{"name":"dataconnect"},"message":"E0521 04:44:20.087193   32040 watch.go:40] Failed to load config from \"f:\\\\React\\\\Animation\\\\Graduation-Project\\\\dataconnect\": could not find dataconnect.yaml in `f:\\React\\Animation\\Graduation-Project\\dataconnect`\n"}}
[debug] [2026-05-21T01:44:30.087Z] E0521 04:44:30.087194   32040 watch.go:40] Failed to load config from "f:\\React\\Animation\\Graduation-Project\\dataconnect": could not find dataconnect.yaml in `f:\React\Animation\Graduation-Project\dataconnect`
 {"metadata":{"emulator":{"name":"dataconnect"},"message":"E0521 04:44:30.087194   32040 watch.go:40] Failed to load config from \"f:\\\\React\\\\Animation\\\\Graduation-Project\\\\dataconnect\": could not find dataconnect.yaml in `f:\\React\\Animation\\Graduation-Project\\dataconnect`\n"}}
[debug] [2026-05-21T01:44:40.087Z] E0521 04:44:40.087444   32040 watch.go:116] watchAllDir unable to walk dir `f:\React\Animation\Graduation-Project\dataconnect`: GetFileAttributesEx f:\React\Animation\Graduation-Project\dataconnect: The system cannot find the file specified.
 {"metadata":{"emulator":{"name":"dataconnect"},"message":"E0521 04:44:40.087444   32040 watch.go:116] watchAllDir unable to walk dir `f:\\React\\Animation\\Graduation-Project\\dataconnect`: GetFileAttributesEx f:\\React\\Animation\\Graduation-Project\\dataconnect: The system cannot find the file specified.\n"}}
[debug] [2026-05-21T01:44:40.088Z] E0521 04:44:40.087444   32040 watch.go:40] Failed to load config from "f:\\React\\Animation\\Graduation-Project\\dataconnect": could not find dataconnect.yaml in `f:\React\Animation\Graduation-Project\dataconnect`
 {"metadata":{"emulator":{"name":"dataconnect"},"message":"E0521 04:44:40.087444   32040 watch.go:40] Failed to load config from \"f:\\\\React\\\\Animation\\\\Graduation-Project\\\\dataconnect\": could not find dataconnect.yaml in `f:\\React\\Animation\\Graduation-Project\\dataconnect`\n"}}
[debug] [2026-05-21T01:44:50.087Z] E0521 04:44:50.086995   32040 watch.go:40] Failed to load config from "f:\\React\\Animation\\Graduation-Project\\dataconnect": could not find dataconnect.yaml in `f:\React\Animation\Graduation-Project\dataconnect`
 {"metadata":{"emulator":{"name":"dataconnect"},"message":"E0521 04:44:50.086995   32040 watch.go:40] Failed to load config from \"f:\\\\React\\\\Animation\\\\Graduation-Project\\\\dataconnect\": could not find dataconnect.yaml in `f:\\React\\Animation\\Graduation-Project\\dataconnect`\n"}}
[debug] [2026-05-21T01:45:00.087Z] E0521 04:45:00.087292   32040 watch.go:40] Failed to load config from "f:\\React\\Animation\\Graduation-Project\\dataconnect": could not find dataconnect.yaml in `f:\React\Animation\Graduation-Project\dataconnect`
 {"metadata":{"emulator":{"name":"dataconnect"},"message":"E0521 04:45:00.087292   32040 watch.go:40] Failed to load config from \"f:\\\\React\\\\Animation\\\\Graduation-Project\\\\dataconnect\": could not find dataconnect.yaml in `f:\\React\\Animation\\Graduation-Project\\dataconnect`\n"}}
[debug] [2026-05-21T01:45:10.087Z] E0521 04:45:10.086902   32040 watch.go:40] Failed to load config from "f:\\React\\Animation\\Graduation-Project\\dataconnect": could not find dataconnect.yaml in `f:\React\Animation\Graduation-Project\dataconnect`
 {"metadata":{"emulator":{"name":"dataconnect"},"message":"E0521 04:45:10.086902   32040 watch.go:40] Failed to load config from \"f:\\\\React\\\\Animation\\\\Graduation-Project\\\\dataconnect\": could not find dataconnect.yaml in `f:\\React\\Animation\\Graduation-Project\\dataconnect`\n"}}
[debug] [2026-05-21T01:45:20.086Z] E0521 04:45:20.086966   32040 watch.go:40] Failed to load config from "f:\\React\\Animation\\Graduation-Project\\dataconnect": could not find dataconnect.yaml in `f:\React\Animation\Graduation-Project\dataconnect`
 {"metadata":{"emulator":{"name":"dataconnect"},"message":"E0521 04:45:20.086966   32040 watch.go:40] Failed to load config from \"f:\\\\React\\\\Animation\\\\Graduation-Project\\\\dataconnect\": could not find dataconnect.yaml in `f:\\React\\Animation\\Graduation-Project\\dataconnect`\n"}}
[debug] [2026-05-21T01:45:30.087Z] E0521 04:45:30.087199   32040 watch.go:40] Failed to load config from "f:\\React\\Animation\\Graduation-Project\\dataconnect": could not find dataconnect.yaml in `f:\React\Animation\Graduation-Project\dataconnect`
 {"metadata":{"emulator":{"name":"dataconnect"},"message":"E0521 04:45:30.087199   32040 watch.go:40] Failed to load config from \"f:\\\\React\\\\Animation\\\\Graduation-Project\\\\dataconnect\": could not find dataconnect.yaml in `f:\\React\\Animation\\Graduation-Project\\dataconnect`\n"}}
[debug] [2026-05-21T01:45:40.087Z] E0521 04:45:40.087091   32040 watch.go:116] watchAllDir unable to walk dir `f:\React\Animation\Graduation-Project\dataconnect`: GetFileAttributesEx f:\React\Animation\Graduation-Project\dataconnect: The system cannot find the file specified.
E0521 04:45:40.087091   32040 watch.go:40] Failed to load config from "f:\\React\\Animation\\Graduation-Project\\dataconnect": could not find dataconnect.yaml in `f:\React\Animation\Graduation-Project\dataconnect`
 {"metadata":{"emulator":{"name":"dataconnect"},"message":"E0521 04:45:40.087091   32040 watch.go:116] watchAllDir unable to walk dir `f:\\React\\Animation\\Graduation-Project\\dataconnect`: GetFileAttributesEx f:\\React\\Animation\\Graduation-Project\\dataconnect: The system cannot find the file specified.\nE0521 04:45:40.087091   32040 watch.go:40] Failed to load config from \"f:\\\\React\\\\Animation\\\\Graduation-Project\\\\dataconnect\": could not find dataconnect.yaml in `f:\\React\\Animation\\Graduation-Project\\dataconnect`\n"}}
[debug] [2026-05-21T01:45:50.087Z] E0521 04:45:50.087379   32040 watch.go:40] Failed to load config from "f:\\React\\Animation\\Graduation-Project\\dataconnect": could not find dataconnect.yaml in `f:\React\Animation\Graduation-Project\dataconnect`
 {"metadata":{"emulator":{"name":"dataconnect"},"message":"E0521 04:45:50.087379   32040 watch.go:40] Failed to load config from \"f:\\\\React\\\\Animation\\\\Graduation-Project\\\\dataconnect\": could not find dataconnect.yaml in `f:\\React\\Animation\\Graduation-Project\\dataconnect`\n"}}
[debug] [2026-05-21T01:46:00.087Z] E0521 04:46:00.087020   32040 watch.go:40] Failed to load config from "f:\\React\\Animation\\Graduation-Project\\dataconnect": could not find dataconnect.yaml in `f:\React\Animation\Graduation-Project\dataconnect`
 {"metadata":{"emulator":{"name":"dataconnect"},"message":"E0521 04:46:00.087020   32040 watch.go:40] Failed to load config from \"f:\\\\React\\\\Animation\\\\Graduation-Project\\\\dataconnect\": could not find dataconnect.yaml in `f:\\React\\Animation\\Graduation-Project\\dataconnect`\n"}}
[debug] [2026-05-21T01:46:10.087Z] E0521 04:46:10.087236   32040 watch.go:40] Failed to load config from "f:\\React\\Animation\\Graduation-Project\\dataconnect": could not find dataconnect.yaml in `f:\React\Animation\Graduation-Project\dataconnect`
 {"metadata":{"emulator":{"name":"dataconnect"},"message":"E0521 04:46:10.087236   32040 watch.go:40] Failed to load config from \"f:\\\\React\\\\Animation\\\\Graduation-Project\\\\dataconnect\": could not find dataconnect.yaml in `f:\\React\\Animation\\Graduation-Project\\dataconnect`\n"}}
[debug] [2026-05-21T01:46:20.087Z] E0521 04:46:20.086941   32040 watch.go:40] Failed to load config from "f:\\React\\Animation\\Graduation-Project\\dataconnect": could not find dataconnect.yaml in `f:\React\Animation\Graduation-Project\dataconnect`
 {"metadata":{"emulator":{"name":"dataconnect"},"message":"E0521 04:46:20.086941   32040 watch.go:40] Failed to load config from \"f:\\\\React\\\\Animation\\\\Graduation-Project\\\\dataconnect\": could not find dataconnect.yaml in `f:\\React\\Animation\\Graduation-Project\\dataconnect`\n"}}
[debug] [2026-05-21T01:46:30.087Z] E0521 04:46:30.087217   32040 watch.go:40] Failed to load config from "f:\\React\\Animation\\Graduation-Project\\dataconnect": could not find dataconnect.yaml in `f:\React\Animation\Graduation-Project\dataconnect`
 {"metadata":{"emulator":{"name":"dataconnect"},"message":"E0521 04:46:30.087217   32040 watch.go:40] Failed to load config from \"f:\\\\React\\\\Animation\\\\Graduation-Project\\\\dataconnect\": could not find dataconnect.yaml in `f:\\React\\Animation\\Graduation-Project\\dataconnect`\n"}}
[debug] [2026-05-21T01:46:40.087Z] E0521 04:46:40.087140   32040 watch.go:116] watchAllDir unable to walk dir `f:\React\Animation\Graduation-Project\dataconnect`: GetFileAttributesEx f:\React\Animation\Graduation-Project\dataconnect: The system cannot find the file specified.
E0521 04:46:40.087140   32040 watch.go:40] Failed to load config from "f:\\React\\Animation\\Graduation-Project\\dataconnect": could not find dataconnect.yaml in `f:\React\Animation\Graduation-Project\dataconnect`
 {"metadata":{"emulator":{"name":"dataconnect"},"message":"E0521 04:46:40.087140   32040 watch.go:116] watchAllDir unable to walk dir `f:\\React\\Animation\\Graduation-Project\\dataconnect`: GetFileAttributesEx f:\\React\\Animation\\Graduation-Project\\dataconnect: The system cannot find the file specified.\nE0521 04:46:40.087140   32040 watch.go:40] Failed to load config from \"f:\\\\React\\\\Animation\\\\Graduation-Project\\\\dataconnect\": could not find dataconnect.yaml in `f:\\React\\Animation\\Graduation-Project\\dataconnect`\n"}}
[debug] [2026-05-21T01:46:50.088Z] E0521 04:46:50.087343   32040 watch.go:40] Failed to load config from "f:\\React\\Animation\\Graduation-Project\\dataconnect": could not find dataconnect.yaml in `f:\React\Animation\Graduation-Project\dataconnect`
 {"metadata":{"emulator":{"name":"dataconnect"},"message":"E0521 04:46:50.087343   32040 watch.go:40] Failed to load config from \"f:\\\\React\\\\Animation\\\\Graduation-Project\\\\dataconnect\": could not find dataconnect.yaml in `f:\\React\\Animation\\Graduation-Project\\dataconnect`\n"}}
[debug] [2026-05-21T01:47:00.087Z] E0521 04:47:00.087215   32040 watch.go:40] Failed to load config from "f:\\React\\Animation\\Graduation-Project\\dataconnect": could not find dataconnect.yaml in `f:\React\Animation\Graduation-Project\dataconnect`
 {"metadata":{"emulator":{"name":"dataconnect"},"message":"E0521 04:47:00.087215   32040 watch.go:40] Failed to load config from \"f:\\\\React\\\\Animation\\\\Graduation-Project\\\\dataconnect\": could not find dataconnect.yaml in `f:\\React\\Animation\\Graduation-Project\\dataconnect`\n"}}
[debug] [2026-05-21T01:47:10.087Z] E0521 04:47:10.087148   32040 watch.go:40] Failed to load config from "f:\\React\\Animation\\Graduation-Project\\dataconnect": could not find dataconnect.yaml in `f:\React\Animation\Graduation-Project\dataconnect`
 {"metadata":{"emulator":{"name":"dataconnect"},"message":"E0521 04:47:10.087148   32040 watch.go:40] Failed to load config from \"f:\\\\React\\\\Animation\\\\Graduation-Project\\\\dataconnect\": could not find dataconnect.yaml in `f:\\React\\Animation\\Graduation-Project\\dataconnect`\n"}}
[debug] [2026-05-21T01:47:20.088Z] E0521 04:47:20.087961   32040 watch.go:40] Failed to load config from "f:\\React\\Animation\\Graduation-Project\\dataconnect": could not find dataconnect.yaml in `f:\React\Animation\Graduation-Project\dataconnect`
 {"metadata":{"emulator":{"name":"dataconnect"},"message":"E0521 04:47:20.087961   32040 watch.go:40] Failed to load config from \"f:\\\\React\\\\Animation\\\\Graduation-Project\\\\dataconnect\": could not find dataconnect.yaml in `f:\\React\\Animation\\Graduation-Project\\dataconnect`\n"}}
[debug] [2026-05-21T01:47:30.087Z] E0521 04:47:30.087271   32040 watch.go:40] Failed to load config from "f:\\React\\Animation\\Graduation-Project\\dataconnect": could not find dataconnect.yaml in `f:\React\Animation\Graduation-Project\dataconnect`
 {"metadata":{"emulator":{"name":"dataconnect"},"message":"E0521 04:47:30.087271   32040 watch.go:40] Failed to load config from \"f:\\\\React\\\\Animation\\\\Graduation-Project\\\\dataconnect\": could not find dataconnect.yaml in `f:\\React\\Animation\\Graduation-Project\\dataconnect`\n"}}
[debug] [2026-05-21T01:47:40.087Z] E0521 04:47:40.087218   32040 watch.go:116] watchAllDir unable to walk dir `f:\React\Animation\Graduation-Project\dataconnect`: GetFileAttributesEx f:\React\Animation\Graduation-Project\dataconnect: The system cannot find the file specified.
E0521 04:47:40.087218   32040 watch.go:40] Failed to load config from "f:\\React\\Animation\\Graduation-Project\\dataconnect": could not find dataconnect.yaml in `f:\React\Animation\Graduation-Project\dataconnect`
 {"metadata":{"emulator":{"name":"dataconnect"},"message":"E0521 04:47:40.087218   32040 watch.go:116] watchAllDir unable to walk dir `f:\\React\\Animation\\Graduation-Project\\dataconnect`: GetFileAttributesEx f:\\React\\Animation\\Graduation-Project\\dataconnect: The system cannot find the file specified.\nE0521 04:47:40.087218   32040 watch.go:40] Failed to load config from \"f:\\\\React\\\\Animation\\\\Graduation-Project\\\\dataconnect\": could not find dataconnect.yaml in `f:\\React\\Animation\\Graduation-Project\\dataconnect`\n"}}
[debug] [2026-05-21T01:47:50.087Z] E0521 04:47:50.087089   32040 watch.go:40] Failed to load config from "f:\\React\\Animation\\Graduation-Project\\dataconnect": could not find dataconnect.yaml in `f:\React\Animation\Graduation-Project\dataconnect`
 {"metadata":{"emulator":{"name":"dataconnect"},"message":"E0521 04:47:50.087089   32040 watch.go:40] Failed to load config from \"f:\\\\React\\\\Animation\\\\Graduation-Project\\\\dataconnect\": could not find dataconnect.yaml in `f:\\React\\Animation\\Graduation-Project\\dataconnect`\n"}}
[debug] [2026-05-21T01:48:00.087Z] E0521 04:48:00.087195   32040 watch.go:40] Failed to load config from "f:\\React\\Animation\\Graduation-Project\\dataconnect": could not find dataconnect.yaml in `f:\React\Animation\Graduation-Project\dataconnect`
 {"metadata":{"emulator":{"name":"dataconnect"},"message":"E0521 04:48:00.087195   32040 watch.go:40] Failed to load config from \"f:\\\\React\\\\Animation\\\\Graduation-Project\\\\dataconnect\": could not find dataconnect.yaml in `f:\\React\\Animation\\Graduation-Project\\dataconnect`\n"}}
[debug] [2026-05-21T01:48:10.086Z] E0521 04:48:10.086967   32040 watch.go:40] Failed to load config from "f:\\React\\Animation\\Graduation-Project\\dataconnect": could not find dataconnect.yaml in `f:\React\Animation\Graduation-Project\dataconnect`
 {"metadata":{"emulator":{"name":"dataconnect"},"message":"E0521 04:48:10.086967   32040 watch.go:40] Failed to load config from \"f:\\\\React\\\\Animation\\\\Graduation-Project\\\\dataconnect\": could not find dataconnect.yaml in `f:\\React\\Animation\\Graduation-Project\\dataconnect`\n"}}
[debug] [2026-05-21T01:48:20.087Z] E0521 04:48:20.086947   32040 watch.go:40] Failed to load config from "f:\\React\\Animation\\Graduation-Project\\dataconnect": could not find dataconnect.yaml in `f:\React\Animation\Graduation-Project\dataconnect`
 {"metadata":{"emulator":{"name":"dataconnect"},"message":"E0521 04:48:20.086947   32040 watch.go:40] Failed to load config from \"f:\\\\React\\\\Animation\\\\Graduation-Project\\\\dataconnect\": could not find dataconnect.yaml in `f:\\React\\Animation\\Graduation-Project\\dataconnect`\n"}}
[debug] [2026-05-21T01:48:30.087Z] E0521 04:48:30.087138   32040 watch.go:40] Failed to load config from "f:\\React\\Animation\\Graduation-Project\\dataconnect": could not find dataconnect.yaml in `f:\React\Animation\Graduation-Project\dataconnect`
 {"metadata":{"emulator":{"name":"dataconnect"},"message":"E0521 04:48:30.087138   32040 watch.go:40] Failed to load config from \"f:\\\\React\\\\Animation\\\\Graduation-Project\\\\dataconnect\": could not find dataconnect.yaml in `f:\\React\\Animation\\Graduation-Project\\dataconnect`\n"}}
[debug] [2026-05-21T01:48:40.087Z] E0521 04:48:40.087020   32040 watch.go:116] watchAllDir unable to walk dir `f:\React\Animation\Graduation-Project\dataconnect`: GetFileAttributesEx f:\React\Animation\Graduation-Project\dataconnect: The system cannot find the file specified.
E0521 04:48:40.087020   32040 watch.go:40] Failed to load config from "f:\\React\\Animation\\Graduation-Project\\dataconnect": could not find dataconnect.yaml in `f:\React\Animation\Graduation-Project\dataconnect`
 {"metadata":{"emulator":{"name":"dataconnect"},"message":"E0521 04:48:40.087020   32040 watch.go:116] watchAllDir unable to walk dir `f:\\React\\Animation\\Graduation-Project\\dataconnect`: GetFileAttributesEx f:\\React\\Animation\\Graduation-Project\\dataconnect: The system cannot find the file specified.\nE0521 04:48:40.087020   32040 watch.go:40] Failed to load config from \"f:\\\\React\\\\Animation\\\\Graduation-Project\\\\dataconnect\": could not find dataconnect.yaml in `f:\\React\\Animation\\Graduation-Project\\dataconnect`\n"}}
[debug] [2026-05-21T01:48:50.100Z] E0521 04:48:50.087068   32040 watch.go:40] Failed to load config from "f:\\React\\Animation\\Graduation-Project\\dataconnect": could not find dataconnect.yaml in `f:\React\Animation\Graduation-Project\dataconnect`
 {"metadata":{"emulator":{"name":"dataconnect"},"message":"E0521 04:48:50.087068   32040 watch.go:40] Failed to load config from \"f:\\\\React\\\\Animation\\\\Graduation-Project\\\\dataconnect\": could not find dataconnect.yaml in `f:\\React\\Animation\\Graduation-Project\\dataconnect`\n"}}
[debug] [2026-05-21T01:49:00.087Z] E0521 04:49:00.086976   32040 watch.go:40] Failed to load config from "f:\\React\\Animation\\Graduation-Project\\dataconnect": could not find dataconnect.yaml in `f:\React\Animation\Graduation-Project\dataconnect`
 {"metadata":{"emulator":{"name":"dataconnect"},"message":"E0521 04:49:00.086976   32040 watch.go:40] Failed to load config from \"f:\\\\React\\\\Animation\\\\Graduation-Project\\\\dataconnect\": could not find dataconnect.yaml in `f:\\React\\Animation\\Graduation-Project\\dataconnect`\n"}}
[debug] [2026-05-21T01:49:10.087Z] E0521 04:49:10.087318   32040 watch.go:40] Failed to load config from "f:\\React\\Animation\\Graduation-Project\\dataconnect": could not find dataconnect.yaml in `f:\React\Animation\Graduation-Project\dataconnect`
 {"metadata":{"emulator":{"name":"dataconnect"},"message":"E0521 04:49:10.087318   32040 watch.go:40] Failed to load config from \"f:\\\\React\\\\Animation\\\\Graduation-Project\\\\dataconnect\": could not find dataconnect.yaml in `f:\\React\\Animation\\Graduation-Project\\dataconnect`\n"}}
[debug] [2026-05-21T01:49:20.087Z] E0521 04:49:20.087199   32040 watch.go:40] Failed to load config from "f:\\React\\Animation\\Graduation-Project\\dataconnect": could not find dataconnect.yaml in `f:\React\Animation\Graduation-Project\dataconnect`
 {"metadata":{"emulator":{"name":"dataconnect"},"message":"E0521 04:49:20.087199   32040 watch.go:40] Failed to load config from \"f:\\\\React\\\\Animation\\\\Graduation-Project\\\\dataconnect\": could not find dataconnect.yaml in `f:\\React\\Animation\\Graduation-Project\\dataconnect`\n"}}
[debug] [2026-05-21T01:49:30.087Z] E0521 04:49:30.087704   32040 watch.go:40] Failed to load config from "f:\\React\\Animation\\Graduation-Project\\dataconnect": could not find dataconnect.yaml in `f:\React\Animation\Graduation-Project\dataconnect`
 {"metadata":{"emulator":{"name":"dataconnect"},"message":"E0521 04:49:30.087704   32040 watch.go:40] Failed to load config from \"f:\\\\React\\\\Animation\\\\Graduation-Project\\\\dataconnect\": could not find dataconnect.yaml in `f:\\React\\Animation\\Graduation-Project\\dataconnect`\n"}}
[debug] [2026-05-21T01:49:40.086Z] E0521 04:49:40.087057   32040 watch.go:116] watchAllDir unable to walk dir `f:\React\Animation\Graduation-Project\dataconnect`: GetFileAttributesEx f:\React\Animation\Graduation-Project\dataconnect: The system cannot find the file specified.
E0521 04:49:40.087057   32040 watch.go:40] Failed to load config from "f:\\React\\Animation\\Graduation-Project\\dataconnect": could not find dataconnect.yaml in `f:\React\Animation\Graduation-Project\dataconnect`
 {"metadata":{"emulator":{"name":"dataconnect"},"message":"E0521 04:49:40.087057   32040 watch.go:116] watchAllDir unable to walk dir `f:\\React\\Animation\\Graduation-Project\\dataconnect`: GetFileAttributesEx f:\\React\\Animation\\Graduation-Project\\dataconnect: The system cannot find the file specified.\nE0521 04:49:40.087057   32040 watch.go:40] Failed to load config from \"f:\\\\React\\\\Animation\\\\Graduation-Project\\\\dataconnect\": could not find dataconnect.yaml in `f:\\React\\Animation\\Graduation-Project\\dataconnect`\n"}}
[debug] [2026-05-21T01:49:50.087Z] E0521 04:49:50.087243   32040 watch.go:40] Failed to load config from "f:\\React\\Animation\\Graduation-Project\\dataconnect": could not find dataconnect.yaml in `f:\React\Animation\Graduation-Project\dataconnect`
 {"metadata":{"emulator":{"name":"dataconnect"},"message":"E0521 04:49:50.087243   32040 watch.go:40] Failed to load config from \"f:\\\\React\\\\Animation\\\\Graduation-Project\\\\dataconnect\": could not find dataconnect.yaml in `f:\\React\\Animation\\Graduation-Project\\dataconnect`\n"}}
[debug] [2026-05-21T01:50:00.086Z] E0521 04:50:00.087027   32040 watch.go:40] Failed to load config from "f:\\React\\Animation\\Graduation-Project\\dataconnect": could not find dataconnect.yaml in `f:\React\Animation\Graduation-Project\dataconnect`
 {"metadata":{"emulator":{"name":"dataconnect"},"message":"E0521 04:50:00.087027   32040 watch.go:40] Failed to load config from \"f:\\\\React\\\\Animation\\\\Graduation-Project\\\\dataconnect\": could not find dataconnect.yaml in `f:\\React\\Animation\\Graduation-Project\\dataconnect`\n"}}
[debug] [2026-05-21T01:50:10.087Z] E0521 04:50:10.087215   32040 watch.go:40] Failed to load config from "f:\\React\\Animation\\Graduation-Project\\dataconnect": could not find dataconnect.yaml in `f:\React\Animation\Graduation-Project\dataconnect`
 {"metadata":{"emulator":{"name":"dataconnect"},"message":"E0521 04:50:10.087215   32040 watch.go:40] Failed to load config from \"f:\\\\React\\\\Animation\\\\Graduation-Project\\\\dataconnect\": could not find dataconnect.yaml in `f:\\React\\Animation\\Graduation-Project\\dataconnect`\n"}}
[debug] [2026-05-21T01:50:20.087Z] E0521 04:50:20.087019   32040 watch.go:40] Failed to load config from "f:\\React\\Animation\\Graduation-Project\\dataconnect": could not find dataconnect.yaml in `f:\React\Animation\Graduation-Project\dataconnect`
 {"metadata":{"emulator":{"name":"dataconnect"},"message":"E0521 04:50:20.087019   32040 watch.go:40] Failed to load config from \"f:\\\\React\\\\Animation\\\\Graduation-Project\\\\dataconnect\": could not find dataconnect.yaml in `f:\\React\\Animation\\Graduation-Project\\dataconnect`\n"}}
[debug] [2026-05-21T01:50:30.087Z] E0521 04:50:30.087251   32040 watch.go:40] Failed to load config from "f:\\React\\Animation\\Graduation-Project\\dataconnect": could not find dataconnect.yaml in `f:\React\Animation\Graduation-Project\dataconnect`
 {"metadata":{"emulator":{"name":"dataconnect"},"message":"E0521 04:50:30.087251   32040 watch.go:40] Failed to load config from \"f:\\\\React\\\\Animation\\\\Graduation-Project\\\\dataconnect\": could not find dataconnect.yaml in `f:\\React\\Animation\\Graduation-Project\\dataconnect`\n"}}
[debug] [2026-05-21T01:50:40.087Z] E0521 04:50:40.087044   32040 watch.go:116] watchAllDir unable to walk dir `f:\React\Animation\Graduation-Project\dataconnect`: GetFileAttributesEx f:\React\Animation\Graduation-Project\dataconnect: The system cannot find the file specified.
E0521 04:50:40.087044   32040 watch.go:40] Failed to load config from "f:\\React\\Animation\\Graduation-Project\\dataconnect": could not find dataconnect.yaml in `f:\React\Animation\Graduation-Project\dataconnect`
 {"metadata":{"emulator":{"name":"dataconnect"},"message":"E0521 04:50:40.087044   32040 watch.go:116] watchAllDir unable to walk dir `f:\\React\\Animation\\Graduation-Project\\dataconnect`: GetFileAttributesEx f:\\React\\Animation\\Graduation-Project\\dataconnect: The system cannot find the file specified.\nE0521 04:50:40.087044   32040 watch.go:40] Failed to load config from \"f:\\\\React\\\\Animation\\\\Graduation-Project\\\\dataconnect\": could not find dataconnect.yaml in `f:\\React\\Animation\\Graduation-Project\\dataconnect`\n"}}
[debug] [2026-05-21T01:50:50.087Z] E0521 04:50:50.087414   32040 watch.go:40] Failed to load config from "f:\\React\\Animation\\Graduation-Project\\dataconnect": could not find dataconnect.yaml in `f:\React\Animation\Graduation-Project\dataconnect`
 {"metadata":{"emulator":{"name":"dataconnect"},"message":"E0521 04:50:50.087414   32040 watch.go:40] Failed to load config from \"f:\\\\React\\\\Animation\\\\Graduation-Project\\\\dataconnect\": could not find dataconnect.yaml in `f:\\React\\Animation\\Graduation-Project\\dataconnect`\n"}}
[debug] [2026-05-21T01:51:00.087Z] E0521 04:51:00.087027   32040 watch.go:40] Failed to load config from "f:\\React\\Animation\\Graduation-Project\\dataconnect": could not find dataconnect.yaml in `f:\React\Animation\Graduation-Project\dataconnect`
 {"metadata":{"emulator":{"name":"dataconnect"},"message":"E0521 04:51:00.087027   32040 watch.go:40] Failed to load config from \"f:\\\\React\\\\Animation\\\\Graduation-Project\\\\dataconnect\": could not find dataconnect.yaml in `f:\\React\\Animation\\Graduation-Project\\dataconnect`\n"}}
[debug] [2026-05-21T01:51:10.087Z] E0521 04:51:10.087286   32040 watch.go:40] Failed to load config from "f:\\React\\Animation\\Graduation-Project\\dataconnect": could not find dataconnect.yaml in `f:\React\Animation\Graduation-Project\dataconnect`
 {"metadata":{"emulator":{"name":"dataconnect"},"message":"E0521 04:51:10.087286   32040 watch.go:40] Failed to load config from \"f:\\\\React\\\\Animation\\\\Graduation-Project\\\\dataconnect\": could not find dataconnect.yaml in `f:\\React\\Animation\\Graduation-Project\\dataconnect`\n"}}
[debug] [2026-05-21T01:51:20.087Z] E0521 04:51:20.087374   32040 watch.go:40] Failed to load config from "f:\\React\\Animation\\Graduation-Project\\dataconnect": could not find dataconnect.yaml in `f:\React\Animation\Graduation-Project\dataconnect`
 {"metadata":{"emulator":{"name":"dataconnect"},"message":"E0521 04:51:20.087374   32040 watch.go:40] Failed to load config from \"f:\\\\React\\\\Animation\\\\Graduation-Project\\\\dataconnect\": could not find dataconnect.yaml in `f:\\React\\Animation\\Graduation-Project\\dataconnect`\n"}}
[debug] [2026-05-21T01:51:30.087Z] E0521 04:51:30.087266   32040 watch.go:40] Failed to load config from "f:\\React\\Animation\\Graduation-Project\\dataconnect": could not find dataconnect.yaml in `f:\React\Animation\Graduation-Project\dataconnect`
 {"metadata":{"emulator":{"name":"dataconnect"},"message":"E0521 04:51:30.087266   32040 watch.go:40] Failed to load config from \"f:\\\\React\\\\Animation\\\\Graduation-Project\\\\dataconnect\": could not find dataconnect.yaml in `f:\\React\\Animation\\Graduation-Project\\dataconnect`\n"}}
[debug] [2026-05-21T01:51:40.087Z] E0521 04:51:40.087360   32040 watch.go:116] watchAllDir unable to walk dir `f:\React\Animation\Graduation-Project\dataconnect`: GetFileAttributesEx f:\React\Animation\Graduation-Project\dataconnect: The system cannot find the file specified.
E0521 04:51:40.087360   32040 watch.go:40] Failed to load config from "f:\\React\\Animation\\Graduation-Project\\dataconnect": could not find dataconnect.yaml in `f:\React\Animation\Graduation-Project\dataconnect`
 {"metadata":{"emulator":{"name":"dataconnect"},"message":"E0521 04:51:40.087360   32040 watch.go:116] watchAllDir unable to walk dir `f:\\React\\Animation\\Graduation-Project\\dataconnect`: GetFileAttributesEx f:\\React\\Animation\\Graduation-Project\\dataconnect: The system cannot find the file specified.\nE0521 04:51:40.087360   32040 watch.go:40] Failed to load config from \"f:\\\\React\\\\Animation\\\\Graduation-Project\\\\dataconnect\": could not find dataconnect.yaml in `f:\\React\\Animation\\Graduation-Project\\dataconnect`\n"}}
[debug] [2026-05-21T01:51:50.086Z] E0521 04:51:50.086996   32040 watch.go:40] Failed to load config from "f:\\React\\Animation\\Graduation-Project\\dataconnect": could not find dataconnect.yaml in `f:\React\Animation\Graduation-Project\dataconnect`
 {"metadata":{"emulator":{"name":"dataconnect"},"message":"E0521 04:51:50.086996   32040 watch.go:40] Failed to load config from \"f:\\\\React\\\\Animation\\\\Graduation-Project\\\\dataconnect\": could not find dataconnect.yaml in `f:\\React\\Animation\\Graduation-Project\\dataconnect`\n"}}
[debug] [2026-05-21T01:52:00.086Z] E0521 04:52:00.087015   32040 watch.go:40] Failed to load config from "f:\\React\\Animation\\Graduation-Project\\dataconnect": could not find dataconnect.yaml in `f:\React\Animation\Graduation-Project\dataconnect`
 {"metadata":{"emulator":{"name":"dataconnect"},"message":"E0521 04:52:00.087015   32040 watch.go:40] Failed to load config from \"f:\\\\React\\\\Animation\\\\Graduation-Project\\\\dataconnect\": could not find dataconnect.yaml in `f:\\React\\Animation\\Graduation-Project\\dataconnect`\n"}}
[debug] [2026-05-21T01:52:10.086Z] E0521 04:52:10.086928   32040 watch.go:40] Failed to load config from "f:\\React\\Animation\\Graduation-Project\\dataconnect": could not find dataconnect.yaml in `f:\React\Animation\Graduation-Project\dataconnect`
 {"metadata":{"emulator":{"name":"dataconnect"},"message":"E0521 04:52:10.086928   32040 watch.go:40] Failed to load config from \"f:\\\\React\\\\Animation\\\\Graduation-Project\\\\dataconnect\": could not find dataconnect.yaml in `f:\\React\\Animation\\Graduation-Project\\dataconnect`\n"}}
[debug] [2026-05-21T01:52:20.087Z] E0521 04:52:20.087373   32040 watch.go:40] Failed to load config from "f:\\React\\Animation\\Graduation-Project\\dataconnect": could not find dataconnect.yaml in `f:\React\Animation\Graduation-Project\dataconnect`
 {"metadata":{"emulator":{"name":"dataconnect"},"message":"E0521 04:52:20.087373   32040 watch.go:40] Failed to load config from \"f:\\\\React\\\\Animation\\\\Graduation-Project\\\\dataconnect\": could not find dataconnect.yaml in `f:\\React\\Animation\\Graduation-Project\\dataconnect`\n"}}
[debug] [2026-05-21T01:52:30.086Z] E0521 04:52:30.087067   32040 watch.go:40] Failed to load config from "f:\\React\\Animation\\Graduation-Project\\dataconnect": could not find dataconnect.yaml in `f:\React\Animation\Graduation-Project\dataconnect`
 {"metadata":{"emulator":{"name":"dataconnect"},"message":"E0521 04:52:30.087067   32040 watch.go:40] Failed to load config from \"f:\\\\React\\\\Animation\\\\Graduation-Project\\\\dataconnect\": could not find dataconnect.yaml in `f:\\React\\Animation\\Graduation-Project\\dataconnect`\n"}}
[debug] [2026-05-21T01:52:40.087Z] E0521 04:52:40.087366   32040 watch.go:116] watchAllDir unable to walk dir `f:\React\Animation\Graduation-Project\dataconnect`: GetFileAttributesEx f:\React\Animation\Graduation-Project\dataconnect: The system cannot find the file specified.
E0521 04:52:40.087366   32040 watch.go:40] Failed to load config from "f:\\React\\Animation\\Graduation-Project\\dataconnect": could not find dataconnect.yaml in `f:\React\Animation\Graduation-Project\dataconnect`
 {"metadata":{"emulator":{"name":"dataconnect"},"message":"E0521 04:52:40.087366   32040 watch.go:116] watchAllDir unable to walk dir `f:\\React\\Animation\\Graduation-Project\\dataconnect`: GetFileAttributesEx f:\\React\\Animation\\Graduation-Project\\dataconnect: The system cannot find the file specified.\nE0521 04:52:40.087366   32040 watch.go:40] Failed to load config from \"f:\\\\React\\\\Animation\\\\Graduation-Project\\\\dataconnect\": could not find dataconnect.yaml in `f:\\React\\Animation\\Graduation-Project\\dataconnect`\n"}}
[debug] [2026-05-21T01:52:50.087Z] E0521 04:52:50.087379   32040 watch.go:40] Failed to load config from "f:\\React\\Animation\\Graduation-Project\\dataconnect": could not find dataconnect.yaml in `f:\React\Animation\Graduation-Project\dataconnect`
 {"metadata":{"emulator":{"name":"dataconnect"},"message":"E0521 04:52:50.087379   32040 watch.go:40] Failed to load config from \"f:\\\\React\\\\Animation\\\\Graduation-Project\\\\dataconnect\": could not find dataconnect.yaml in `f:\\React\\Animation\\Graduation-Project\\dataconnect`\n"}}
[debug] [2026-05-21T01:53:00.087Z] E0521 04:53:00.087119   32040 watch.go:40] Failed to load config from "f:\\React\\Animation\\Graduation-Project\\dataconnect": could not find dataconnect.yaml in `f:\React\Animation\Graduation-Project\dataconnect`
 {"metadata":{"emulator":{"name":"dataconnect"},"message":"E0521 04:53:00.087119   32040 watch.go:40] Failed to load config from \"f:\\\\React\\\\Animation\\\\Graduation-Project\\\\dataconnect\": could not find dataconnect.yaml in `f:\\React\\Animation\\Graduation-Project\\dataconnect`\n"}}
[debug] [2026-05-21T01:53:10.087Z] E0521 04:53:10.087065   32040 watch.go:40] Failed to load config from "f:\\React\\Animation\\Graduation-Project\\dataconnect": could not find dataconnect.yaml in `f:\React\Animation\Graduation-Project\dataconnect`
 {"metadata":{"emulator":{"name":"dataconnect"},"message":"E0521 04:53:10.087065   32040 watch.go:40] Failed to load config from \"f:\\\\React\\\\Animation\\\\Graduation-Project\\\\dataconnect\": could not find dataconnect.yaml in `f:\\React\\Animation\\Graduation-Project\\dataconnect`\n"}}
[debug] [2026-05-21T01:53:20.087Z] E0521 04:53:20.087391   32040 watch.go:40] Failed to load config from "f:\\React\\Animation\\Graduation-Project\\dataconnect": could not find dataconnect.yaml in `f:\React\Animation\Graduation-Project\dataconnect`
 {"metadata":{"emulator":{"name":"dataconnect"},"message":"E0521 04:53:20.087391   32040 watch.go:40] Failed to load config from \"f:\\\\React\\\\Animation\\\\Graduation-Project\\\\dataconnect\": could not find dataconnect.yaml in `f:\\React\\Animation\\Graduation-Project\\dataconnect`\n"}}
[debug] [2026-05-21T01:53:30.087Z] E0521 04:53:30.087682   32040 watch.go:40] Failed to load config from "f:\\React\\Animation\\Graduation-Project\\dataconnect": could not find dataconnect.yaml in `f:\React\Animation\Graduation-Project\dataconnect`
 {"metadata":{"emulator":{"name":"dataconnect"},"message":"E0521 04:53:30.087682   32040 watch.go:40] Failed to load config from \"f:\\\\React\\\\Animation\\\\Graduation-Project\\\\dataconnect\": could not find dataconnect.yaml in `f:\\React\\Animation\\Graduation-Project\\dataconnect`\n"}}
[debug] [2026-05-21T01:53:40.087Z] E0521 04:53:40.086980   32040 watch.go:116] watchAllDir unable to walk dir `f:\React\Animation\Graduation-Project\dataconnect`: GetFileAttributesEx f:\React\Animation\Graduation-Project\dataconnect: The system cannot find the file specified.
E0521 04:53:40.086980   32040 watch.go:40] Failed to load config from "f:\\React\\Animation\\Graduation-Project\\dataconnect": could not find dataconnect.yaml in `f:\React\Animation\Graduation-Project\dataconnect`
 {"metadata":{"emulator":{"name":"dataconnect"},"message":"E0521 04:53:40.086980   32040 watch.go:116] watchAllDir unable to walk dir `f:\\React\\Animation\\Graduation-Project\\dataconnect`: GetFileAttributesEx f:\\React\\Animation\\Graduation-Project\\dataconnect: The system cannot find the file specified.\nE0521 04:53:40.086980   32040 watch.go:40] Failed to load config from \"f:\\\\React\\\\Animation\\\\Graduation-Project\\\\dataconnect\": could not find dataconnect.yaml in `f:\\React\\Animation\\Graduation-Project\\dataconnect`\n"}}
[debug] [2026-05-21T01:53:50.087Z] E0521 04:53:50.087010   32040 watch.go:40] Failed to load config from "f:\\React\\Animation\\Graduation-Project\\dataconnect": could not find dataconnect.yaml in `f:\React\Animation\Graduation-Project\dataconnect`
 {"metadata":{"emulator":{"name":"dataconnect"},"message":"E0521 04:53:50.087010   32040 watch.go:40] Failed to load config from \"f:\\\\React\\\\Animation\\\\Graduation-Project\\\\dataconnect\": could not find dataconnect.yaml in `f:\\React\\Animation\\Graduation-Project\\dataconnect`\n"}}
[debug] [2026-05-21T01:54:00.087Z] E0521 04:54:00.087363   32040 watch.go:40] Failed to load config from "f:\\React\\Animation\\Graduation-Project\\dataconnect": could not find dataconnect.yaml in `f:\React\Animation\Graduation-Project\dataconnect`
 {"metadata":{"emulator":{"name":"dataconnect"},"message":"E0521 04:54:00.087363   32040 watch.go:40] Failed to load config from \"f:\\\\React\\\\Animation\\\\Graduation-Project\\\\dataconnect\": could not find dataconnect.yaml in `f:\\React\\Animation\\Graduation-Project\\dataconnect`\n"}}
[debug] [2026-05-21T01:54:10.087Z] E0521 04:54:10.087066   32040 watch.go:40] Failed to load config from "f:\\React\\Animation\\Graduation-Project\\dataconnect": could not find dataconnect.yaml in `f:\React\Animation\Graduation-Project\dataconnect`
 {"metadata":{"emulator":{"name":"dataconnect"},"message":"E0521 04:54:10.087066   32040 watch.go:40] Failed to load config from \"f:\\\\React\\\\Animation\\\\Graduation-Project\\\\dataconnect\": could not find dataconnect.yaml in `f:\\React\\Animation\\Graduation-Project\\dataconnect`\n"}}
[debug] [2026-05-21T01:54:20.087Z] E0521 04:54:20.086916   32040 watch.go:40] Failed to load config from "f:\\React\\Animation\\Graduation-Project\\dataconnect": could not find dataconnect.yaml in `f:\React\Animation\Graduation-Project\dataconnect`
 {"metadata":{"emulator":{"name":"dataconnect"},"message":"E0521 04:54:20.086916   32040 watch.go:40] Failed to load config from \"f:\\\\React\\\\Animation\\\\Graduation-Project\\\\dataconnect\": could not find dataconnect.yaml in `f:\\React\\Animation\\Graduation-Project\\dataconnect`\n"}}
[debug] [2026-05-21T01:54:30.087Z] E0521 04:54:30.087159   32040 watch.go:40] Failed to load config from "f:\\React\\Animation\\Graduation-Project\\dataconnect": could not find dataconnect.yaml in `f:\React\Animation\Graduation-Project\dataconnect`
 {"metadata":{"emulator":{"name":"dataconnect"},"message":"E0521 04:54:30.087159   32040 watch.go:40] Failed to load config from \"f:\\\\React\\\\Animation\\\\Graduation-Project\\\\dataconnect\": could not find dataconnect.yaml in `f:\\React\\Animation\\Graduation-Project\\dataconnect`\n"}}
[debug] [2026-05-21T01:54:40.087Z] E0521 04:54:40.087196   32040 watch.go:116] watchAllDir unable to walk dir `f:\React\Animation\Graduation-Project\dataconnect`: GetFileAttributesEx f:\React\Animation\Graduation-Project\dataconnect: The system cannot find the file specified.
 {"metadata":{"emulator":{"name":"dataconnect"},"message":"E0521 04:54:40.087196   32040 watch.go:116] watchAllDir unable to walk dir `f:\\React\\Animation\\Graduation-Project\\dataconnect`: GetFileAttributesEx f:\\React\\Animation\\Graduation-Project\\dataconnect: The system cannot find the file specified.\n"}}
[debug] [2026-05-21T01:54:40.087Z] E0521 04:54:40.087196   32040 watch.go:40] Failed to load config from "f:\\React\\Animation\\Graduation-Project\\dataconnect": could not find dataconnect.yaml in `f:\React\Animation\Graduation-Project\dataconnect`
 {"metadata":{"emulator":{"name":"dataconnect"},"message":"E0521 04:54:40.087196   32040 watch.go:40] Failed to load config from \"f:\\\\React\\\\Animation\\\\Graduation-Project\\\\dataconnect\": could not find dataconnect.yaml in `f:\\React\\Animation\\Graduation-Project\\dataconnect`\n"}}
[debug] [2026-05-21T01:54:50.087Z] E0521 04:54:50.087119   32040 watch.go:40] Failed to load config from "f:\\React\\Animation\\Graduation-Project\\dataconnect": could not find dataconnect.yaml in `f:\React\Animation\Graduation-Project\dataconnect`
 {"metadata":{"emulator":{"name":"dataconnect"},"message":"E0521 04:54:50.087119   32040 watch.go:40] Failed to load config from \"f:\\\\React\\\\Animation\\\\Graduation-Project\\\\dataconnect\": could not find dataconnect.yaml in `f:\\React\\Animation\\Graduation-Project\\dataconnect`\n"}}
[debug] [2026-05-21T01:55:00.087Z] E0521 04:55:00.087119   32040 watch.go:40] Failed to load config from "f:\\React\\Animation\\Graduation-Project\\dataconnect": could not find dataconnect.yaml in `f:\React\Animation\Graduation-Project\dataconnect`
 {"metadata":{"emulator":{"name":"dataconnect"},"message":"E0521 04:55:00.087119   32040 watch.go:40] Failed to load config from \"f:\\\\React\\\\Animation\\\\Graduation-Project\\\\dataconnect\": could not find dataconnect.yaml in `f:\\React\\Animation\\Graduation-Project\\dataconnect`\n"}}
[debug] [2026-05-21T01:55:10.087Z] E0521 04:55:10.087411   32040 watch.go:40] Failed to load config from "f:\\React\\Animation\\Graduation-Project\\dataconnect": could not find dataconnect.yaml in `f:\React\Animation\Graduation-Project\dataconnect`
 {"metadata":{"emulator":{"name":"dataconnect"},"message":"E0521 04:55:10.087411   32040 watch.go:40] Failed to load config from \"f:\\\\React\\\\Animation\\\\Graduation-Project\\\\dataconnect\": could not find dataconnect.yaml in `f:\\React\\Animation\\Graduation-Project\\dataconnect`\n"}}
[debug] [2026-05-21T01:55:20.087Z] E0521 04:55:20.087119   32040 watch.go:40] Failed to load config from "f:\\React\\Animation\\Graduation-Project\\dataconnect": could not find dataconnect.yaml in `f:\React\Animation\Graduation-Project\dataconnect`
 {"metadata":{"emulator":{"name":"dataconnect"},"message":"E0521 04:55:20.087119   32040 watch.go:40] Failed to load config from \"f:\\\\React\\\\Animation\\\\Graduation-Project\\\\dataconnect\": could not find dataconnect.yaml in `f:\\React\\Animation\\Graduation-Project\\dataconnect`\n"}}
[debug] [2026-05-21T01:55:30.087Z] E0521 04:55:30.087347   32040 watch.go:40] Failed to load config from "f:\\React\\Animation\\Graduation-Project\\dataconnect": could not find dataconnect.yaml in `f:\React\Animation\Graduation-Project\dataconnect`
 {"metadata":{"emulator":{"name":"dataconnect"},"message":"E0521 04:55:30.087347   32040 watch.go:40] Failed to load config from \"f:\\\\React\\\\Animation\\\\Graduation-Project\\\\dataconnect\": could not find dataconnect.yaml in `f:\\React\\Animation\\Graduation-Project\\dataconnect`\n"}}
[debug] [2026-05-21T01:55:40.087Z] E0521 04:55:40.087313   32040 watch.go:116] watchAllDir unable to walk dir `f:\React\Animation\Graduation-Project\dataconnect`: GetFileAttributesEx f:\React\Animation\Graduation-Project\dataconnect: The system cannot find the file specified.
E0521 04:55:40.087313   32040 watch.go:40] Failed to load config from "f:\\React\\Animation\\Graduation-Project\\dataconnect": could not find dataconnect.yaml in `f:\React\Animation\Graduation-Project\dataconnect`
 {"metadata":{"emulator":{"name":"dataconnect"},"message":"E0521 04:55:40.087313   32040 watch.go:116] watchAllDir unable to walk dir `f:\\React\\Animation\\Graduation-Project\\dataconnect`: GetFileAttributesEx f:\\React\\Animation\\Graduation-Project\\dataconnect: The system cannot find the file specified.\nE0521 04:55:40.087313   32040 watch.go:40] Failed to load config from \"f:\\\\React\\\\Animation\\\\Graduation-Project\\\\dataconnect\": could not find dataconnect.yaml in `f:\\React\\Animation\\Graduation-Project\\dataconnect`\n"}}
[debug] [2026-05-21T01:55:50.088Z] E0521 04:55:50.087992   32040 watch.go:40] Failed to load config from "f:\\React\\Animation\\Graduation-Project\\dataconnect": could not find dataconnect.yaml in `f:\React\Animation\Graduation-Project\dataconnect`
 {"metadata":{"emulator":{"name":"dataconnect"},"message":"E0521 04:55:50.087992   32040 watch.go:40] Failed to load config from \"f:\\\\React\\\\Animation\\\\Graduation-Project\\\\dataconnect\": could not find dataconnect.yaml in `f:\\React\\Animation\\Graduation-Project\\dataconnect`\n"}}
[debug] [2026-05-21T01:56:00.087Z] E0521 04:56:00.087677   32040 watch.go:40] Failed to load config from "f:\\React\\Animation\\Graduation-Project\\dataconnect": could not find dataconnect.yaml in `f:\React\Animation\Graduation-Project\dataconnect`
 {"metadata":{"emulator":{"name":"dataconnect"},"message":"E0521 04:56:00.087677   32040 watch.go:40] Failed to load config from \"f:\\\\React\\\\Animation\\\\Graduation-Project\\\\dataconnect\": could not find dataconnect.yaml in `f:\\React\\Animation\\Graduation-Project\\dataconnect`\n"}}
[debug] [2026-05-21T01:56:10.087Z] E0521 04:56:10.086951   32040 watch.go:40] Failed to load config from "f:\\React\\Animation\\Graduation-Project\\dataconnect": could not find dataconnect.yaml in `f:\React\Animation\Graduation-Project\dataconnect`
 {"metadata":{"emulator":{"name":"dataconnect"},"message":"E0521 04:56:10.086951   32040 watch.go:40] Failed to load config from \"f:\\\\React\\\\Animation\\\\Graduation-Project\\\\dataconnect\": could not find dataconnect.yaml in `f:\\React\\Animation\\Graduation-Project\\dataconnect`\n"}}
[debug] [2026-05-21T01:56:20.087Z] E0521 04:56:20.087286   32040 watch.go:40] Failed to load config from "f:\\React\\Animation\\Graduation-Project\\dataconnect": could not find dataconnect.yaml in `f:\React\Animation\Graduation-Project\dataconnect`
 {"metadata":{"emulator":{"name":"dataconnect"},"message":"E0521 04:56:20.087286   32040 watch.go:40] Failed to load config from \"f:\\\\React\\\\Animation\\\\Graduation-Project\\\\dataconnect\": could not find dataconnect.yaml in `f:\\React\\Animation\\Graduation-Project\\dataconnect`\n"}}
[debug] [2026-05-21T01:56:30.087Z] E0521 04:56:30.087110   32040 watch.go:40] Failed to load config from "f:\\React\\Animation\\Graduation-Project\\dataconnect": could not find dataconnect.yaml in `f:\React\Animation\Graduation-Project\dataconnect`
 {"metadata":{"emulator":{"name":"dataconnect"},"message":"E0521 04:56:30.087110   32040 watch.go:40] Failed to load config from \"f:\\\\React\\\\Animation\\\\Graduation-Project\\\\dataconnect\": could not find dataconnect.yaml in `f:\\React\\Animation\\Graduation-Project\\dataconnect`\n"}}
[debug] [2026-05-21T01:56:40.087Z] E0521 04:56:40.087055   32040 watch.go:116] watchAllDir unable to walk dir `f:\React\Animation\Graduation-Project\dataconnect`: GetFileAttributesEx f:\React\Animation\Graduation-Project\dataconnect: The system cannot find the file specified.
E0521 04:56:40.087055   32040 watch.go:40] Failed to load config from "f:\\React\\Animation\\Graduation-Project\\dataconnect": could not find dataconnect.yaml in `f:\React\Animation\Graduation-Project\dataconnect`
 {"metadata":{"emulator":{"name":"dataconnect"},"message":"E0521 04:56:40.087055   32040 watch.go:116] watchAllDir unable to walk dir `f:\\React\\Animation\\Graduation-Project\\dataconnect`: GetFileAttributesEx f:\\React\\Animation\\Graduation-Project\\dataconnect: The system cannot find the file specified.\nE0521 04:56:40.087055   32040 watch.go:40] Failed to load config from \"f:\\\\React\\\\Animation\\\\Graduation-Project\\\\dataconnect\": could not find dataconnect.yaml in `f:\\React\\Animation\\Graduation-Project\\dataconnect`\n"}}
[debug] [2026-05-21T01:56:50.087Z] E0521 04:56:50.087392   32040 watch.go:40] Failed to load config from "f:\\React\\Animation\\Graduation-Project\\dataconnect": could not find dataconnect.yaml in `f:\React\Animation\Graduation-Project\dataconnect`
 {"metadata":{"emulator":{"name":"dataconnect"},"message":"E0521 04:56:50.087392   32040 watch.go:40] Failed to load config from \"f:\\\\React\\\\Animation\\\\Graduation-Project\\\\dataconnect\": could not find dataconnect.yaml in `f:\\React\\Animation\\Graduation-Project\\dataconnect`\n"}}
[debug] [2026-05-21T01:57:00.087Z] E0521 04:57:00.087261   32040 watch.go:40] Failed to load config from "f:\\React\\Animation\\Graduation-Project\\dataconnect": could not find dataconnect.yaml in `f:\React\Animation\Graduation-Project\dataconnect`
 {"metadata":{"emulator":{"name":"dataconnect"},"message":"E0521 04:57:00.087261   32040 watch.go:40] Failed to load config from \"f:\\\\React\\\\Animation\\\\Graduation-Project\\\\dataconnect\": could not find dataconnect.yaml in `f:\\React\\Animation\\Graduation-Project\\dataconnect`\n"}}
[debug] [2026-05-21T01:57:10.087Z] E0521 04:57:10.087198   32040 watch.go:40] Failed to load config from "f:\\React\\Animation\\Graduation-Project\\dataconnect": could not find dataconnect.yaml in `f:\React\Animation\Graduation-Project\dataconnect`
 {"metadata":{"emulator":{"name":"dataconnect"},"message":"E0521 04:57:10.087198   32040 watch.go:40] Failed to load config from \"f:\\\\React\\\\Animation\\\\Graduation-Project\\\\dataconnect\": could not find dataconnect.yaml in `f:\\React\\Animation\\Graduation-Project\\dataconnect`\n"}}
[debug] [2026-05-21T01:57:20.087Z] E0521 04:57:20.086985   32040 watch.go:40] Failed to load config from "f:\\React\\Animation\\Graduation-Project\\dataconnect": could not find dataconnect.yaml in `f:\React\Animation\Graduation-Project\dataconnect`
 {"metadata":{"emulator":{"name":"dataconnect"},"message":"E0521 04:57:20.086985   32040 watch.go:40] Failed to load config from \"f:\\\\React\\\\Animation\\\\Graduation-Project\\\\dataconnect\": could not find dataconnect.yaml in `f:\\React\\Animation\\Graduation-Project\\dataconnect`\n"}}
[debug] [2026-05-21T01:57:30.087Z] E0521 04:57:30.086967   32040 watch.go:40] Failed to load config from "f:\\React\\Animation\\Graduation-Project\\dataconnect": could not find dataconnect.yaml in `f:\React\Animation\Graduation-Project\dataconnect`
 {"metadata":{"emulator":{"name":"dataconnect"},"message":"E0521 04:57:30.086967   32040 watch.go:40] Failed to load config from \"f:\\\\React\\\\Animation\\\\Graduation-Project\\\\dataconnect\": could not find dataconnect.yaml in `f:\\React\\Animation\\Graduation-Project\\dataconnect`\n"}}
[debug] [2026-05-21T01:57:40.086Z] E0521 04:57:40.086999   32040 watch.go:116] watchAllDir unable to walk dir `f:\React\Animation\Graduation-Project\dataconnect`: GetFileAttributesEx f:\React\Animation\Graduation-Project\dataconnect: The system cannot find the file specified.
E0521 04:57:40.086999   32040 watch.go:40] Failed to load config from "f:\\React\\Animation\\Graduation-Project\\dataconnect": could not find dataconnect.yaml in `f:\React\Animation\Graduation-Project\dataconnect`
 {"metadata":{"emulator":{"name":"dataconnect"},"message":"E0521 04:57:40.086999   32040 watch.go:116] watchAllDir unable to walk dir `f:\\React\\Animation\\Graduation-Project\\dataconnect`: GetFileAttributesEx f:\\React\\Animation\\Graduation-Project\\dataconnect: The system cannot find the file specified.\nE0521 04:57:40.086999   32040 watch.go:40] Failed to load config from \"f:\\\\React\\\\Animation\\\\Graduation-Project\\\\dataconnect\": could not find dataconnect.yaml in `f:\\React\\Animation\\Graduation-Project\\dataconnect`\n"}}
[debug] [2026-05-21T01:57:50.087Z] E0521 04:57:50.087004   32040 watch.go:40] Failed to load config from "f:\\React\\Animation\\Graduation-Project\\dataconnect": could not find dataconnect.yaml in `f:\React\Animation\Graduation-Project\dataconnect`
 {"metadata":{"emulator":{"name":"dataconnect"},"message":"E0521 04:57:50.087004   32040 watch.go:40] Failed to load config from \"f:\\\\React\\\\Animation\\\\Graduation-Project\\\\dataconnect\": could not find dataconnect.yaml in `f:\\React\\Animation\\Graduation-Project\\dataconnect`\n"}}
[debug] [2026-05-21T01:58:00.087Z] E0521 04:58:00.087028   32040 watch.go:40] Failed to load config from "f:\\React\\Animation\\Graduation-Project\\dataconnect": could not find dataconnect.yaml in `f:\React\Animation\Graduation-Project\dataconnect`
 {"metadata":{"emulator":{"name":"dataconnect"},"message":"E0521 04:58:00.087028   32040 watch.go:40] Failed to load config from \"f:\\\\React\\\\Animation\\\\Graduation-Project\\\\dataconnect\": could not find dataconnect.yaml in `f:\\React\\Animation\\Graduation-Project\\dataconnect`\n"}}
[debug] [2026-05-21T01:58:10.087Z] E0521 04:58:10.087192   32040 watch.go:40] Failed to load config from "f:\\React\\Animation\\Graduation-Project\\dataconnect": could not find dataconnect.yaml in `f:\React\Animation\Graduation-Project\dataconnect`
 {"metadata":{"emulator":{"name":"dataconnect"},"message":"E0521 04:58:10.087192   32040 watch.go:40] Failed to load config from \"f:\\\\React\\\\Animation\\\\Graduation-Project\\\\dataconnect\": could not find dataconnect.yaml in `f:\\React\\Animation\\Graduation-Project\\dataconnect`\n"}}
[debug] [2026-05-21T01:58:20.087Z] E0521 04:58:20.087306   32040 watch.go:40] Failed to load config from "f:\\React\\Animation\\Graduation-Project\\dataconnect": could not find dataconnect.yaml in `f:\React\Animation\Graduation-Project\dataconnect`
 {"metadata":{"emulator":{"name":"dataconnect"},"message":"E0521 04:58:20.087306   32040 watch.go:40] Failed to load config from \"f:\\\\React\\\\Animation\\\\Graduation-Project\\\\dataconnect\": could not find dataconnect.yaml in `f:\\React\\Animation\\Graduation-Project\\dataconnect`\n"}}
[debug] [2026-05-21T01:58:30.087Z] E0521 04:58:30.087209   32040 watch.go:40] Failed to load config from "f:\\React\\Animation\\Graduation-Project\\dataconnect": could not find dataconnect.yaml in `f:\React\Animation\Graduation-Project\dataconnect`
 {"metadata":{"emulator":{"name":"dataconnect"},"message":"E0521 04:58:30.087209   32040 watch.go:40] Failed to load config from \"f:\\\\React\\\\Animation\\\\Graduation-Project\\\\dataconnect\": could not find dataconnect.yaml in `f:\\React\\Animation\\Graduation-Project\\dataconnect`\n"}}
[debug] [2026-05-21T01:58:40.087Z] E0521 04:58:40.087406   32040 watch.go:40] Failed to load config from "f:\\React\\Animation\\Graduation-Project\\dataconnect": could not find dataconnect.yaml in `f:\React\Animation\Graduation-Project\dataconnect`
E0521 04:58:40.087406   32040 watch.go:116] watchAllDir unable to walk dir `f:\React\Animation\Graduation-Project\dataconnect`: GetFileAttributesEx f:\React\Animation\Graduation-Project\dataconnect: The system cannot find the file specified.
 {"metadata":{"emulator":{"name":"dataconnect"},"message":"E0521 04:58:40.087406   32040 watch.go:40] Failed to load config from \"f:\\\\React\\\\Animation\\\\Graduation-Project\\\\dataconnect\": could not find dataconnect.yaml in `f:\\React\\Animation\\Graduation-Project\\dataconnect`\nE0521 04:58:40.087406   32040 watch.go:116] watchAllDir unable to walk dir `f:\\React\\Animation\\Graduation-Project\\dataconnect`: GetFileAttributesEx f:\\React\\Animation\\Graduation-Project\\dataconnect: The system cannot find the file specified.\n"}}
[debug] [2026-05-21T01:58:50.087Z] E0521 04:58:50.087280   32040 watch.go:40] Failed to load config from "f:\\React\\Animation\\Graduation-Project\\dataconnect": could not find dataconnect.yaml in `f:\React\Animation\Graduation-Project\dataconnect`
 {"metadata":{"emulator":{"name":"dataconnect"},"message":"E0521 04:58:50.087280   32040 watch.go:40] Failed to load config from \"f:\\\\React\\\\Animation\\\\Graduation-Project\\\\dataconnect\": could not find dataconnect.yaml in `f:\\React\\Animation\\Graduation-Project\\dataconnect`\n"}}
[debug] [2026-05-21T01:59:00.087Z] E0521 04:59:00.087061   32040 watch.go:40] Failed to load config from "f:\\React\\Animation\\Graduation-Project\\dataconnect": could not find dataconnect.yaml in `f:\React\Animation\Graduation-Project\dataconnect`
 {"metadata":{"emulator":{"name":"dataconnect"},"message":"E0521 04:59:00.087061   32040 watch.go:40] Failed to load config from \"f:\\\\React\\\\Animation\\\\Graduation-Project\\\\dataconnect\": could not find dataconnect.yaml in `f:\\React\\Animation\\Graduation-Project\\dataconnect`\n"}}
[debug] [2026-05-21T01:59:10.087Z] E0521 04:59:10.087144   32040 watch.go:40] Failed to load config from "f:\\React\\Animation\\Graduation-Project\\dataconnect": could not find dataconnect.yaml in `f:\React\Animation\Graduation-Project\dataconnect`
 {"metadata":{"emulator":{"name":"dataconnect"},"message":"E0521 04:59:10.087144   32040 watch.go:40] Failed to load config from \"f:\\\\React\\\\Animation\\\\Graduation-Project\\\\dataconnect\": could not find dataconnect.yaml in `f:\\React\\Animation\\Graduation-Project\\dataconnect`\n"}}
[debug] [2026-05-21T01:59:20.087Z] E0521 04:59:20.087370   32040 watch.go:40] Failed to load config from "f:\\React\\Animation\\Graduation-Project\\dataconnect": could not find dataconnect.yaml in `f:\React\Animation\Graduation-Project\dataconnect`
 {"metadata":{"emulator":{"name":"dataconnect"},"message":"E0521 04:59:20.087370   32040 watch.go:40] Failed to load config from \"f:\\\\React\\\\Animation\\\\Graduation-Project\\\\dataconnect\": could not find dataconnect.yaml in `f:\\React\\Animation\\Graduation-Project\\dataconnect`\n"}}
[debug] [2026-05-21T01:59:30.087Z] E0521 04:59:30.087133   32040 watch.go:40] Failed to load config from "f:\\React\\Animation\\Graduation-Project\\dataconnect": could not find dataconnect.yaml in `f:\React\Animation\Graduation-Project\dataconnect`
 {"metadata":{"emulator":{"name":"dataconnect"},"message":"E0521 04:59:30.087133   32040 watch.go:40] Failed to load config from \"f:\\\\React\\\\Animation\\\\Graduation-Project\\\\dataconnect\": could not find dataconnect.yaml in `f:\\React\\Animation\\Graduation-Project\\dataconnect`\n"}}
[debug] [2026-05-21T01:59:40.087Z] E0521 04:59:40.087103   32040 watch.go:116] watchAllDir unable to walk dir `f:\React\Animation\Graduation-Project\dataconnect`: GetFileAttributesEx f:\React\Animation\Graduation-Project\dataconnect: The system cannot find the file specified.
E0521 04:59:40.087103   32040 watch.go:40] Failed to load config from "f:\\React\\Animation\\Graduation-Project\\dataconnect": could not find dataconnect.yaml in `f:\React\Animation\Graduation-Project\dataconnect`
 {"metadata":{"emulator":{"name":"dataconnect"},"message":"E0521 04:59:40.087103   32040 watch.go:116] watchAllDir unable to walk dir `f:\\React\\Animation\\Graduation-Project\\dataconnect`: GetFileAttributesEx f:\\React\\Animation\\Graduation-Project\\dataconnect: The system cannot find the file specified.\nE0521 04:59:40.087103   32040 watch.go:40] Failed to load config from \"f:\\\\React\\\\Animation\\\\Graduation-Project\\\\dataconnect\": could not find dataconnect.yaml in `f:\\React\\Animation\\Graduation-Project\\dataconnect`\n"}}
[debug] [2026-05-21T01:59:50.087Z] E0521 04:59:50.087096   32040 watch.go:40] Failed to load config from "f:\\React\\Animation\\Graduation-Project\\dataconnect": could not find dataconnect.yaml in `f:\React\Animation\Graduation-Project\dataconnect`
 {"metadata":{"emulator":{"name":"dataconnect"},"message":"E0521 04:59:50.087096   32040 watch.go:40] Failed to load config from \"f:\\\\React\\\\Animation\\\\Graduation-Project\\\\dataconnect\": could not find dataconnect.yaml in `f:\\React\\Animation\\Graduation-Project\\dataconnect`\n"}}
[debug] [2026-05-21T02:00:00.087Z] E0521 05:00:00.087293   32040 watch.go:40] Failed to load config from "f:\\React\\Animation\\Graduation-Project\\dataconnect": could not find dataconnect.yaml in `f:\React\Animation\Graduation-Project\dataconnect`
 {"metadata":{"emulator":{"name":"dataconnect"},"message":"E0521 05:00:00.087293   32040 watch.go:40] Failed to load config from \"f:\\\\React\\\\Animation\\\\Graduation-Project\\\\dataconnect\": could not find dataconnect.yaml in `f:\\React\\Animation\\Graduation-Project\\dataconnect`\n"}}
[debug] [2026-05-21T02:00:10.087Z] E0521 05:00:10.087473   32040 watch.go:40] Failed to load config from "f:\\React\\Animation\\Graduation-Project\\dataconnect": could not find dataconnect.yaml in `f:\React\Animation\Graduation-Project\dataconnect`
 {"metadata":{"emulator":{"name":"dataconnect"},"message":"E0521 05:00:10.087473   32040 watch.go:40] Failed to load config from \"f:\\\\React\\\\Animation\\\\Graduation-Project\\\\dataconnect\": could not find dataconnect.yaml in `f:\\React\\Animation\\Graduation-Project\\dataconnect`\n"}}
[debug] [2026-05-21T02:00:20.087Z] E0521 05:00:20.087410   32040 watch.go:40] Failed to load config from "f:\\React\\Animation\\Graduation-Project\\dataconnect": could not find dataconnect.yaml in `f:\React\Animation\Graduation-Project\dataconnect`
 {"metadata":{"emulator":{"name":"dataconnect"},"message":"E0521 05:00:20.087410   32040 watch.go:40] Failed to load config from \"f:\\\\React\\\\Animation\\\\Graduation-Project\\\\dataconnect\": could not find dataconnect.yaml in `f:\\React\\Animation\\Graduation-Project\\dataconnect`\n"}}
[debug] [2026-05-21T02:00:30.087Z] E0521 05:00:30.087118   32040 watch.go:40] Failed to load config from "f:\\React\\Animation\\Graduation-Project\\dataconnect": could not find dataconnect.yaml in `f:\React\Animation\Graduation-Project\dataconnect`
 {"metadata":{"emulator":{"name":"dataconnect"},"message":"E0521 05:00:30.087118   32040 watch.go:40] Failed to load config from \"f:\\\\React\\\\Animation\\\\Graduation-Project\\\\dataconnect\": could not find dataconnect.yaml in `f:\\React\\Animation\\Graduation-Project\\dataconnect`\n"}}
[debug] [2026-05-21T02:00:40.087Z] E0521 05:00:40.087102   32040 watch.go:40] Failed to load config from "f:\\React\\Animation\\Graduation-Project\\dataconnect": could not find dataconnect.yaml in `f:\React\Animation\Graduation-Project\dataconnect`
E0521 05:00:40.087102   32040 watch.go:116] watchAllDir unable to walk dir `f:\React\Animation\Graduation-Project\dataconnect`: GetFileAttributesEx f:\React\Animation\Graduation-Project\dataconnect: The system cannot find the file specified.
 {"metadata":{"emulator":{"name":"dataconnect"},"message":"E0521 05:00:40.087102   32040 watch.go:40] Failed to load config from \"f:\\\\React\\\\Animation\\\\Graduation-Project\\\\dataconnect\": could not find dataconnect.yaml in `f:\\React\\Animation\\Graduation-Project\\dataconnect`\nE0521 05:00:40.087102   32040 watch.go:116] watchAllDir unable to walk dir `f:\\React\\Animation\\Graduation-Project\\dataconnect`: GetFileAttributesEx f:\\React\\Animation\\Graduation-Project\\dataconnect: The system cannot find the file specified.\n"}}
[debug] [2026-05-21T02:00:50.087Z] E0521 05:00:50.087410   32040 watch.go:40] Failed to load config from "f:\\React\\Animation\\Graduation-Project\\dataconnect": could not find dataconnect.yaml in `f:\React\Animation\Graduation-Project\dataconnect`
 {"metadata":{"emulator":{"name":"dataconnect"},"message":"E0521 05:00:50.087410   32040 watch.go:40] Failed to load config from \"f:\\\\React\\\\Animation\\\\Graduation-Project\\\\dataconnect\": could not find dataconnect.yaml in `f:\\React\\Animation\\Graduation-Project\\dataconnect`\n"}}
[debug] [2026-05-21T02:01:00.087Z] E0521 05:01:00.087052   32040 watch.go:40] Failed to load config from "f:\\React\\Animation\\Graduation-Project\\dataconnect": could not find dataconnect.yaml in `f:\React\Animation\Graduation-Project\dataconnect`
 {"metadata":{"emulator":{"name":"dataconnect"},"message":"E0521 05:01:00.087052   32040 watch.go:40] Failed to load config from \"f:\\\\React\\\\Animation\\\\Graduation-Project\\\\dataconnect\": could not find dataconnect.yaml in `f:\\React\\Animation\\Graduation-Project\\dataconnect`\n"}}
[debug] [2026-05-21T02:01:10.088Z] E0521 05:01:10.087588   32040 watch.go:40] Failed to load config from "f:\\React\\Animation\\Graduation-Project\\dataconnect": could not find dataconnect.yaml in `f:\React\Animation\Graduation-Project\dataconnect`
 {"metadata":{"emulator":{"name":"dataconnect"},"message":"E0521 05:01:10.087588   32040 watch.go:40] Failed to load config from \"f:\\\\React\\\\Animation\\\\Graduation-Project\\\\dataconnect\": could not find dataconnect.yaml in `f:\\React\\Animation\\Graduation-Project\\dataconnect`\n"}}
[debug] [2026-05-21T02:01:20.087Z] E0521 05:01:20.087193   32040 watch.go:40] Failed to load config from "f:\\React\\Animation\\Graduation-Project\\dataconnect": could not find dataconnect.yaml in `f:\React\Animation\Graduation-Project\dataconnect`
 {"metadata":{"emulator":{"name":"dataconnect"},"message":"E0521 05:01:20.087193   32040 watch.go:40] Failed to load config from \"f:\\\\React\\\\Animation\\\\Graduation-Project\\\\dataconnect\": could not find dataconnect.yaml in `f:\\React\\Animation\\Graduation-Project\\dataconnect`\n"}}
[debug] [2026-05-21T02:01:30.087Z] E0521 05:01:30.087519   32040 watch.go:40] Failed to load config from "f:\\React\\Animation\\Graduation-Project\\dataconnect": could not find dataconnect.yaml in `f:\React\Animation\Graduation-Project\dataconnect`
 {"metadata":{"emulator":{"name":"dataconnect"},"message":"E0521 05:01:30.087519   32040 watch.go:40] Failed to load config from \"f:\\\\React\\\\Animation\\\\Graduation-Project\\\\dataconnect\": could not find dataconnect.yaml in `f:\\React\\Animation\\Graduation-Project\\dataconnect`\n"}}
[debug] [2026-05-21T02:01:40.086Z] E0521 05:01:40.086909   32040 watch.go:116] watchAllDir unable to walk dir `f:\React\Animation\Graduation-Project\dataconnect`: GetFileAttributesEx f:\React\Animation\Graduation-Project\dataconnect: The system cannot find the file specified.
E0521 05:01:40.086909   32040 watch.go:40] Failed to load config from "f:\\React\\Animation\\Graduation-Project\\dataconnect": could not find dataconnect.yaml in `f:\React\Animation\Graduation-Project\dataconnect`
 {"metadata":{"emulator":{"name":"dataconnect"},"message":"E0521 05:01:40.086909   32040 watch.go:116] watchAllDir unable to walk dir `f:\\React\\Animation\\Graduation-Project\\dataconnect`: GetFileAttributesEx f:\\React\\Animation\\Graduation-Project\\dataconnect: The system cannot find the file specified.\nE0521 05:01:40.086909   32040 watch.go:40] Failed to load config from \"f:\\\\React\\\\Animation\\\\Graduation-Project\\\\dataconnect\": could not find dataconnect.yaml in `f:\\React\\Animation\\Graduation-Project\\dataconnect`\n"}}
[debug] [2026-05-21T02:01:50.087Z] E0521 05:01:50.087049   32040 watch.go:40] Failed to load config from "f:\\React\\Animation\\Graduation-Project\\dataconnect": could not find dataconnect.yaml in `f:\React\Animation\Graduation-Project\dataconnect`
 {"metadata":{"emulator":{"name":"dataconnect"},"message":"E0521 05:01:50.087049   32040 watch.go:40] Failed to load config from \"f:\\\\React\\\\Animation\\\\Graduation-Project\\\\dataconnect\": could not find dataconnect.yaml in `f:\\React\\Animation\\Graduation-Project\\dataconnect`\n"}}
[debug] [2026-05-21T02:02:00.087Z] E0521 05:02:00.087481   32040 watch.go:40] Failed to load config from "f:\\React\\Animation\\Graduation-Project\\dataconnect": could not find dataconnect.yaml in `f:\React\Animation\Graduation-Project\dataconnect`
 {"metadata":{"emulator":{"name":"dataconnect"},"message":"E0521 05:02:00.087481   32040 watch.go:40] Failed to load config from \"f:\\\\React\\\\Animation\\\\Graduation-Project\\\\dataconnect\": could not find dataconnect.yaml in `f:\\React\\Animation\\Graduation-Project\\dataconnect`\n"}}
[debug] [2026-05-21T02:02:10.087Z] E0521 05:02:10.086987   32040 watch.go:40] Failed to load config from "f:\\React\\Animation\\Graduation-Project\\dataconnect": could not find dataconnect.yaml in `f:\React\Animation\Graduation-Project\dataconnect`
 {"metadata":{"emulator":{"name":"dataconnect"},"message":"E0521 05:02:10.086987   32040 watch.go:40] Failed to load config from \"f:\\\\React\\\\Animation\\\\Graduation-Project\\\\dataconnect\": could not find dataconnect.yaml in `f:\\React\\Animation\\Graduation-Project\\dataconnect`\n"}}
[debug] [2026-05-21T02:02:20.086Z] E0521 05:02:20.086988   32040 watch.go:40] Failed to load config from "f:\\React\\Animation\\Graduation-Project\\dataconnect": could not find dataconnect.yaml in `f:\React\Animation\Graduation-Project\dataconnect`
 {"metadata":{"emulator":{"name":"dataconnect"},"message":"E0521 05:02:20.086988   32040 watch.go:40] Failed to load config from \"f:\\\\React\\\\Animation\\\\Graduation-Project\\\\dataconnect\": could not find dataconnect.yaml in `f:\\React\\Animation\\Graduation-Project\\dataconnect`\n"}}
[debug] [2026-05-21T02:02:30.086Z] E0521 05:02:30.087155   32040 watch.go:40] Failed to load config from "f:\\React\\Animation\\Graduation-Project\\dataconnect": could not find dataconnect.yaml in `f:\React\Animation\Graduation-Project\dataconnect`
 {"metadata":{"emulator":{"name":"dataconnect"},"message":"E0521 05:02:30.087155   32040 watch.go:40] Failed to load config from \"f:\\\\React\\\\Animation\\\\Graduation-Project\\\\dataconnect\": could not find dataconnect.yaml in `f:\\React\\Animation\\Graduation-Project\\dataconnect`\n"}}
[debug] [2026-05-21T02:02:40.086Z] E0521 05:02:40.087013   32040 watch.go:116] watchAllDir unable to walk dir `f:\React\Animation\Graduation-Project\dataconnect`: GetFileAttributesEx f:\React\Animation\Graduation-Project\dataconnect: The system cannot find the file specified.
E0521 05:02:40.087013   32040 watch.go:40] Failed to load config from "f:\\React\\Animation\\Graduation-Project\\dataconnect": could not find dataconnect.yaml in `f:\React\Animation\Graduation-Project\dataconnect`
 {"metadata":{"emulator":{"name":"dataconnect"},"message":"E0521 05:02:40.087013   32040 watch.go:116] watchAllDir unable to walk dir `f:\\React\\Animation\\Graduation-Project\\dataconnect`: GetFileAttributesEx f:\\React\\Animation\\Graduation-Project\\dataconnect: The system cannot find the file specified.\nE0521 05:02:40.087013   32040 watch.go:40] Failed to load config from \"f:\\\\React\\\\Animation\\\\Graduation-Project\\\\dataconnect\": could not find dataconnect.yaml in `f:\\React\\Animation\\Graduation-Project\\dataconnect`\n"}}
[debug] [2026-05-21T02:02:50.087Z] E0521 05:02:50.087283   32040 watch.go:40] Failed to load config from "f:\\React\\Animation\\Graduation-Project\\dataconnect": could not find dataconnect.yaml in `f:\React\Animation\Graduation-Project\dataconnect`
 {"metadata":{"emulator":{"name":"dataconnect"},"message":"E0521 05:02:50.087283   32040 watch.go:40] Failed to load config from \"f:\\\\React\\\\Animation\\\\Graduation-Project\\\\dataconnect\": could not find dataconnect.yaml in `f:\\React\\Animation\\Graduation-Project\\dataconnect`\n"}}
[debug] [2026-05-21T02:03:00.086Z] E0521 05:03:00.086937   32040 watch.go:40] Failed to load config from "f:\\React\\Animation\\Graduation-Project\\dataconnect": could not find dataconnect.yaml in `f:\React\Animation\Graduation-Project\dataconnect`
 {"metadata":{"emulator":{"name":"dataconnect"},"message":"E0521 05:03:00.086937   32040 watch.go:40] Failed to load config from \"f:\\\\React\\\\Animation\\\\Graduation-Project\\\\dataconnect\": could not find dataconnect.yaml in `f:\\React\\Animation\\Graduation-Project\\dataconnect`\n"}}
[debug] [2026-05-21T02:03:10.087Z] E0521 05:03:10.087219   32040 watch.go:40] Failed to load config from "f:\\React\\Animation\\Graduation-Project\\dataconnect": could not find dataconnect.yaml in `f:\React\Animation\Graduation-Project\dataconnect`
 {"metadata":{"emulator":{"name":"dataconnect"},"message":"E0521 05:03:10.087219   32040 watch.go:40] Failed to load config from \"f:\\\\React\\\\Animation\\\\Graduation-Project\\\\dataconnect\": could not find dataconnect.yaml in `f:\\React\\Animation\\Graduation-Project\\dataconnect`\n"}}
[debug] [2026-05-21T02:03:20.086Z] E0521 05:03:20.086933   32040 watch.go:40] Failed to load config from "f:\\React\\Animation\\Graduation-Project\\dataconnect": could not find dataconnect.yaml in `f:\React\Animation\Graduation-Project\dataconnect`
 {"metadata":{"emulator":{"name":"dataconnect"},"message":"E0521 05:03:20.086933   32040 watch.go:40] Failed to load config from \"f:\\\\React\\\\Animation\\\\Graduation-Project\\\\dataconnect\": could not find dataconnect.yaml in `f:\\React\\Animation\\Graduation-Project\\dataconnect`\n"}}
[debug] [2026-05-21T02:03:30.086Z] E0521 05:03:30.086951   32040 watch.go:40] Failed to load config from "f:\\React\\Animation\\Graduation-Project\\dataconnect": could not find dataconnect.yaml in `f:\React\Animation\Graduation-Project\dataconnect`
 {"metadata":{"emulator":{"name":"dataconnect"},"message":"E0521 05:03:30.086951   32040 watch.go:40] Failed to load config from \"f:\\\\React\\\\Animation\\\\Graduation-Project\\\\dataconnect\": could not find dataconnect.yaml in `f:\\React\\Animation\\Graduation-Project\\dataconnect`\n"}}
[debug] [2026-05-21T02:03:40.087Z] E0521 05:03:40.087376   32040 watch.go:116] watchAllDir unable to walk dir `f:\React\Animation\Graduation-Project\dataconnect`: GetFileAttributesEx f:\React\Animation\Graduation-Project\dataconnect: The system cannot find the file specified.
 {"metadata":{"emulator":{"name":"dataconnect"},"message":"E0521 05:03:40.087376   32040 watch.go:116] watchAllDir unable to walk dir `f:\\React\\Animation\\Graduation-Project\\dataconnect`: GetFileAttributesEx f:\\React\\Animation\\Graduation-Project\\dataconnect: The system cannot find the file specified.\n"}}
[debug] [2026-05-21T02:03:40.087Z] E0521 05:03:40.087376   32040 watch.go:40] Failed to load config from "f:\\React\\Animation\\Graduation-Project\\dataconnect": could not find dataconnect.yaml in `f:\React\Animation\Graduation-Project\dataconnect`
 {"metadata":{"emulator":{"name":"dataconnect"},"message":"E0521 05:03:40.087376   32040 watch.go:40] Failed to load config from \"f:\\\\React\\\\Animation\\\\Graduation-Project\\\\dataconnect\": could not find dataconnect.yaml in `f:\\React\\Animation\\Graduation-Project\\dataconnect`\n"}}
[debug] [2026-05-21T02:03:50.086Z] E0521 05:03:50.087080   32040 watch.go:40] Failed to load config from "f:\\React\\Animation\\Graduation-Project\\dataconnect": could not find dataconnect.yaml in `f:\React\Animation\Graduation-Project\dataconnect`
 {"metadata":{"emulator":{"name":"dataconnect"},"message":"E0521 05:03:50.087080   32040 watch.go:40] Failed to load config from \"f:\\\\React\\\\Animation\\\\Graduation-Project\\\\dataconnect\": could not find dataconnect.yaml in `f:\\React\\Animation\\Graduation-Project\\dataconnect`\n"}}
[debug] [2026-05-21T02:04:00.086Z] E0521 05:04:00.086991   32040 watch.go:40] Failed to load config from "f:\\React\\Animation\\Graduation-Project\\dataconnect": could not find dataconnect.yaml in `f:\React\Animation\Graduation-Project\dataconnect`
 {"metadata":{"emulator":{"name":"dataconnect"},"message":"E0521 05:04:00.086991   32040 watch.go:40] Failed to load config from \"f:\\\\React\\\\Animation\\\\Graduation-Project\\\\dataconnect\": could not find dataconnect.yaml in `f:\\React\\Animation\\Graduation-Project\\dataconnect`\n"}}
[debug] [2026-05-21T02:04:10.087Z] E0521 05:04:10.087573   32040 watch.go:40] Failed to load config from "f:\\React\\Animation\\Graduation-Project\\dataconnect": could not find dataconnect.yaml in `f:\React\Animation\Graduation-Project\dataconnect`
 {"metadata":{"emulator":{"name":"dataconnect"},"message":"E0521 05:04:10.087573   32040 watch.go:40] Failed to load config from \"f:\\\\React\\\\Animation\\\\Graduation-Project\\\\dataconnect\": could not find dataconnect.yaml in `f:\\React\\Animation\\Graduation-Project\\dataconnect`\n"}}
[debug] [2026-05-21T02:04:20.087Z] E0521 05:04:20.087378   32040 watch.go:40] Failed to load config from "f:\\React\\Animation\\Graduation-Project\\dataconnect": could not find dataconnect.yaml in `f:\React\Animation\Graduation-Project\dataconnect`
 {"metadata":{"emulator":{"name":"dataconnect"},"message":"E0521 05:04:20.087378   32040 watch.go:40] Failed to load config from \"f:\\\\React\\\\Animation\\\\Graduation-Project\\\\dataconnect\": could not find dataconnect.yaml in `f:\\React\\Animation\\Graduation-Project\\dataconnect`\n"}}
[debug] [2026-05-21T02:04:30.087Z] E0521 05:04:30.087407   32040 watch.go:40] Failed to load config from "f:\\React\\Animation\\Graduation-Project\\dataconnect": could not find dataconnect.yaml in `f:\React\Animation\Graduation-Project\dataconnect`
 {"metadata":{"emulator":{"name":"dataconnect"},"message":"E0521 05:04:30.087407   32040 watch.go:40] Failed to load config from \"f:\\\\React\\\\Animation\\\\Graduation-Project\\\\dataconnect\": could not find dataconnect.yaml in `f:\\React\\Animation\\Graduation-Project\\dataconnect`\n"}}
[debug] [2026-05-21T02:04:40.087Z] E0521 05:04:40.087254   32040 watch.go:116] watchAllDir unable to walk dir `f:\React\Animation\Graduation-Project\dataconnect`: GetFileAttributesEx f:\React\Animation\Graduation-Project\dataconnect: The system cannot find the file specified.
E0521 05:04:40.087254   32040 watch.go:40] Failed to load config from "f:\\React\\Animation\\Graduation-Project\\dataconnect": could not find dataconnect.yaml in `f:\React\Animation\Graduation-Project\dataconnect`
 {"metadata":{"emulator":{"name":"dataconnect"},"message":"E0521 05:04:40.087254   32040 watch.go:116] watchAllDir unable to walk dir `f:\\React\\Animation\\Graduation-Project\\dataconnect`: GetFileAttributesEx f:\\React\\Animation\\Graduation-Project\\dataconnect: The system cannot find the file specified.\nE0521 05:04:40.087254   32040 watch.go:40] Failed to load config from \"f:\\\\React\\\\Animation\\\\Graduation-Project\\\\dataconnect\": could not find dataconnect.yaml in `f:\\React\\Animation\\Graduation-Project\\dataconnect`\n"}}
[debug] [2026-05-21T02:04:50.087Z] E0521 05:04:50.087130   32040 watch.go:40] Failed to load config from "f:\\React\\Animation\\Graduation-Project\\dataconnect": could not find dataconnect.yaml in `f:\React\Animation\Graduation-Project\dataconnect`
 {"metadata":{"emulator":{"name":"dataconnect"},"message":"E0521 05:04:50.087130   32040 watch.go:40] Failed to load config from \"f:\\\\React\\\\Animation\\\\Graduation-Project\\\\dataconnect\": could not find dataconnect.yaml in `f:\\React\\Animation\\Graduation-Project\\dataconnect`\n"}}
[debug] [2026-05-21T02:05:00.087Z] E0521 05:05:00.087055   32040 watch.go:40] Failed to load config from "f:\\React\\Animation\\Graduation-Project\\dataconnect": could not find dataconnect.yaml in `f:\React\Animation\Graduation-Project\dataconnect`
 {"metadata":{"emulator":{"name":"dataconnect"},"message":"E0521 05:05:00.087055   32040 watch.go:40] Failed to load config from \"f:\\\\React\\\\Animation\\\\Graduation-Project\\\\dataconnect\": could not find dataconnect.yaml in `f:\\React\\Animation\\Graduation-Project\\dataconnect`\n"}}
[debug] [2026-05-21T02:05:10.087Z] E0521 05:05:10.087025   32040 watch.go:40] Failed to load config from "f:\\React\\Animation\\Graduation-Project\\dataconnect": could not find dataconnect.yaml in `f:\React\Animation\Graduation-Project\dataconnect`
 {"metadata":{"emulator":{"name":"dataconnect"},"message":"E0521 05:05:10.087025   32040 watch.go:40] Failed to load config from \"f:\\\\React\\\\Animation\\\\Graduation-Project\\\\dataconnect\": could not find dataconnect.yaml in `f:\\React\\Animation\\Graduation-Project\\dataconnect`\n"}}
[debug] [2026-05-21T02:05:20.087Z] E0521 05:05:20.086920   32040 watch.go:40] Failed to load config from "f:\\React\\Animation\\Graduation-Project\\dataconnect": could not find dataconnect.yaml in `f:\React\Animation\Graduation-Project\dataconnect`
 {"metadata":{"emulator":{"name":"dataconnect"},"message":"E0521 05:05:20.086920   32040 watch.go:40] Failed to load config from \"f:\\\\React\\\\Animation\\\\Graduation-Project\\\\dataconnect\": could not find dataconnect.yaml in `f:\\React\\Animation\\Graduation-Project\\dataconnect`\n"}}
[debug] [2026-05-21T02:05:30.087Z] E0521 05:05:30.087460   32040 watch.go:40] Failed to load config from "f:\\React\\Animation\\Graduation-Project\\dataconnect": could not find dataconnect.yaml in `f:\React\Animation\Graduation-Project\dataconnect`
 {"metadata":{"emulator":{"name":"dataconnect"},"message":"E0521 05:05:30.087460   32040 watch.go:40] Failed to load config from \"f:\\\\React\\\\Animation\\\\Graduation-Project\\\\dataconnect\": could not find dataconnect.yaml in `f:\\React\\Animation\\Graduation-Project\\dataconnect`\n"}}
[debug] [2026-05-21T02:05:40.087Z] E0521 05:05:40.087347   32040 watch.go:116] watchAllDir unable to walk dir `f:\React\Animation\Graduation-Project\dataconnect`: GetFileAttributesEx f:\React\Animation\Graduation-Project\dataconnect: The system cannot find the file specified.
E0521 05:05:40.087347   32040 watch.go:40] Failed to load config from "f:\\React\\Animation\\Graduation-Project\\dataconnect": could not find dataconnect.yaml in `f:\React\Animation\Graduation-Project\dataconnect`
 {"metadata":{"emulator":{"name":"dataconnect"},"message":"E0521 05:05:40.087347   32040 watch.go:116] watchAllDir unable to walk dir `f:\\React\\Animation\\Graduation-Project\\dataconnect`: GetFileAttributesEx f:\\React\\Animation\\Graduation-Project\\dataconnect: The system cannot find the file specified.\nE0521 05:05:40.087347   32040 watch.go:40] Failed to load config from \"f:\\\\React\\\\Animation\\\\Graduation-Project\\\\dataconnect\": could not find dataconnect.yaml in `f:\\React\\Animation\\Graduation-Project\\dataconnect`\n"}}
[debug] [2026-05-21T02:05:50.087Z] E0521 05:05:50.087090   32040 watch.go:40] Failed to load config from "f:\\React\\Animation\\Graduation-Project\\dataconnect": could not find dataconnect.yaml in `f:\React\Animation\Graduation-Project\dataconnect`
 {"metadata":{"emulator":{"name":"dataconnect"},"message":"E0521 05:05:50.087090   32040 watch.go:40] Failed to load config from \"f:\\\\React\\\\Animation\\\\Graduation-Project\\\\dataconnect\": could not find dataconnect.yaml in `f:\\React\\Animation\\Graduation-Project\\dataconnect`\n"}}
[debug] [2026-05-21T02:06:00.087Z] E0521 05:06:00.087433   32040 watch.go:40] Failed to load config from "f:\\React\\Animation\\Graduation-Project\\dataconnect": could not find dataconnect.yaml in `f:\React\Animation\Graduation-Project\dataconnect`
 {"metadata":{"emulator":{"name":"dataconnect"},"message":"E0521 05:06:00.087433   32040 watch.go:40] Failed to load config from \"f:\\\\React\\\\Animation\\\\Graduation-Project\\\\dataconnect\": could not find dataconnect.yaml in `f:\\React\\Animation\\Graduation-Project\\dataconnect`\n"}}
[debug] [2026-05-21T02:06:10.087Z] E0521 05:06:10.087155   32040 watch.go:40] Failed to load config from "f:\\React\\Animation\\Graduation-Project\\dataconnect": could not find dataconnect.yaml in `f:\React\Animation\Graduation-Project\dataconnect`
 {"metadata":{"emulator":{"name":"dataconnect"},"message":"E0521 05:06:10.087155   32040 watch.go:40] Failed to load config from \"f:\\\\React\\\\Animation\\\\Graduation-Project\\\\dataconnect\": could not find dataconnect.yaml in `f:\\React\\Animation\\Graduation-Project\\dataconnect`\n"}}
[debug] [2026-05-21T02:06:20.087Z] E0521 05:06:20.087280   32040 watch.go:40] Failed to load config from "f:\\React\\Animation\\Graduation-Project\\dataconnect": could not find dataconnect.yaml in `f:\React\Animation\Graduation-Project\dataconnect`
 {"metadata":{"emulator":{"name":"dataconnect"},"message":"E0521 05:06:20.087280   32040 watch.go:40] Failed to load config from \"f:\\\\React\\\\Animation\\\\Graduation-Project\\\\dataconnect\": could not find dataconnect.yaml in `f:\\React\\Animation\\Graduation-Project\\dataconnect`\n"}}
[debug] [2026-05-21T02:06:30.087Z] E0521 05:06:30.087192   32040 watch.go:40] Failed to load config from "f:\\React\\Animation\\Graduation-Project\\dataconnect": could not find dataconnect.yaml in `f:\React\Animation\Graduation-Project\dataconnect`
 {"metadata":{"emulator":{"name":"dataconnect"},"message":"E0521 05:06:30.087192   32040 watch.go:40] Failed to load config from \"f:\\\\React\\\\Animation\\\\Graduation-Project\\\\dataconnect\": could not find dataconnect.yaml in `f:\\React\\Animation\\Graduation-Project\\dataconnect`\n"}}
[debug] [2026-05-21T02:06:40.087Z] E0521 05:06:40.087333   32040 watch.go:116] watchAllDir unable to walk dir `f:\React\Animation\Graduation-Project\dataconnect`: GetFileAttributesEx f:\React\Animation\Graduation-Project\dataconnect: The system cannot find the file specified.
E0521 05:06:40.087333   32040 watch.go:40] Failed to load config from "f:\\React\\Animation\\Graduation-Project\\dataconnect": could not find dataconnect.yaml in `f:\React\Animation\Graduation-Project\dataconnect`
 {"metadata":{"emulator":{"name":"dataconnect"},"message":"E0521 05:06:40.087333   32040 watch.go:116] watchAllDir unable to walk dir `f:\\React\\Animation\\Graduation-Project\\dataconnect`: GetFileAttributesEx f:\\React\\Animation\\Graduation-Project\\dataconnect: The system cannot find the file specified.\nE0521 05:06:40.087333   32040 watch.go:40] Failed to load config from \"f:\\\\React\\\\Animation\\\\Graduation-Project\\\\dataconnect\": could not find dataconnect.yaml in `f:\\React\\Animation\\Graduation-Project\\dataconnect`\n"}}
[debug] [2026-05-21T02:06:50.087Z] E0521 05:06:50.087249   32040 watch.go:40] Failed to load config from "f:\\React\\Animation\\Graduation-Project\\dataconnect": could not find dataconnect.yaml in `f:\React\Animation\Graduation-Project\dataconnect`
 {"metadata":{"emulator":{"name":"dataconnect"},"message":"E0521 05:06:50.087249   32040 watch.go:40] Failed to load config from \"f:\\\\React\\\\Animation\\\\Graduation-Project\\\\dataconnect\": could not find dataconnect.yaml in `f:\\React\\Animation\\Graduation-Project\\dataconnect`\n"}}
[debug] [2026-05-21T02:07:00.087Z] E0521 05:07:00.087310   32040 watch.go:40] Failed to load config from "f:\\React\\Animation\\Graduation-Project\\dataconnect": could not find dataconnect.yaml in `f:\React\Animation\Graduation-Project\dataconnect`
 {"metadata":{"emulator":{"name":"dataconnect"},"message":"E0521 05:07:00.087310   32040 watch.go:40] Failed to load config from \"f:\\\\React\\\\Animation\\\\Graduation-Project\\\\dataconnect\": could not find dataconnect.yaml in `f:\\React\\Animation\\Graduation-Project\\dataconnect`\n"}}
[debug] [2026-05-21T02:07:10.087Z] E0521 05:07:10.086968   32040 watch.go:40] Failed to load config from "f:\\React\\Animation\\Graduation-Project\\dataconnect": could not find dataconnect.yaml in `f:\React\Animation\Graduation-Project\dataconnect`
 {"metadata":{"emulator":{"name":"dataconnect"},"message":"E0521 05:07:10.086968   32040 watch.go:40] Failed to load config from \"f:\\\\React\\\\Animation\\\\Graduation-Project\\\\dataconnect\": could not find dataconnect.yaml in `f:\\React\\Animation\\Graduation-Project\\dataconnect`\n"}}
[debug] [2026-05-21T02:07:20.087Z] E0521 05:07:20.087254   32040 watch.go:40] Failed to load config from "f:\\React\\Animation\\Graduation-Project\\dataconnect": could not find dataconnect.yaml in `f:\React\Animation\Graduation-Project\dataconnect`
 {"metadata":{"emulator":{"name":"dataconnect"},"message":"E0521 05:07:20.087254   32040 watch.go:40] Failed to load config from \"f:\\\\React\\\\Animation\\\\Graduation-Project\\\\dataconnect\": could not find dataconnect.yaml in `f:\\React\\Animation\\Graduation-Project\\dataconnect`\n"}}
[debug] [2026-05-21T02:07:30.087Z] E0521 05:07:30.087243   32040 watch.go:40] Failed to load config from "f:\\React\\Animation\\Graduation-Project\\dataconnect": could not find dataconnect.yaml in `f:\React\Animation\Graduation-Project\dataconnect`
 {"metadata":{"emulator":{"name":"dataconnect"},"message":"E0521 05:07:30.087243   32040 watch.go:40] Failed to load config from \"f:\\\\React\\\\Animation\\\\Graduation-Project\\\\dataconnect\": could not find dataconnect.yaml in `f:\\React\\Animation\\Graduation-Project\\dataconnect`\n"}}
[debug] [2026-05-21T02:07:40.087Z] E0521 05:07:40.087029   32040 watch.go:116] watchAllDir unable to walk dir `f:\React\Animation\Graduation-Project\dataconnect`: GetFileAttributesEx f:\React\Animation\Graduation-Project\dataconnect: The system cannot find the file specified.
E0521 05:07:40.087029   32040 watch.go:40] Failed to load config from "f:\\React\\Animation\\Graduation-Project\\dataconnect": could not find dataconnect.yaml in `f:\React\Animation\Graduation-Project\dataconnect`
 {"metadata":{"emulator":{"name":"dataconnect"},"message":"E0521 05:07:40.087029   32040 watch.go:116] watchAllDir unable to walk dir `f:\\React\\Animation\\Graduation-Project\\dataconnect`: GetFileAttributesEx f:\\React\\Animation\\Graduation-Project\\dataconnect: The system cannot find the file specified.\nE0521 05:07:40.087029   32040 watch.go:40] Failed to load config from \"f:\\\\React\\\\Animation\\\\Graduation-Project\\\\dataconnect\": could not find dataconnect.yaml in `f:\\React\\Animation\\Graduation-Project\\dataconnect`\n"}}
[debug] [2026-05-21T02:07:50.087Z] E0521 05:07:50.087030   32040 watch.go:40] Failed to load config from "f:\\React\\Animation\\Graduation-Project\\dataconnect": could not find dataconnect.yaml in `f:\React\Animation\Graduation-Project\dataconnect`
 {"metadata":{"emulator":{"name":"dataconnect"},"message":"E0521 05:07:50.087030   32040 watch.go:40] Failed to load config from \"f:\\\\React\\\\Animation\\\\Graduation-Project\\\\dataconnect\": could not find dataconnect.yaml in `f:\\React\\Animation\\Graduation-Project\\dataconnect`\n"}}
[debug] [2026-05-21T02:08:00.087Z] E0521 05:08:00.087118   32040 watch.go:40] Failed to load config from "f:\\React\\Animation\\Graduation-Project\\dataconnect": could not find dataconnect.yaml in `f:\React\Animation\Graduation-Project\dataconnect`
 {"metadata":{"emulator":{"name":"dataconnect"},"message":"E0521 05:08:00.087118   32040 watch.go:40] Failed to load config from \"f:\\\\React\\\\Animation\\\\Graduation-Project\\\\dataconnect\": could not find dataconnect.yaml in `f:\\React\\Animation\\Graduation-Project\\dataconnect`\n"}}
[debug] [2026-05-21T02:08:10.087Z] E0521 05:08:10.087350   32040 watch.go:40] Failed to load config from "f:\\React\\Animation\\Graduation-Project\\dataconnect": could not find dataconnect.yaml in `f:\React\Animation\Graduation-Project\dataconnect`
 {"metadata":{"emulator":{"name":"dataconnect"},"message":"E0521 05:08:10.087350   32040 watch.go:40] Failed to load config from \"f:\\\\React\\\\Animation\\\\Graduation-Project\\\\dataconnect\": could not find dataconnect.yaml in `f:\\React\\Animation\\Graduation-Project\\dataconnect`\n"}}
[debug] [2026-05-21T02:08:20.087Z] E0521 05:08:20.087018   32040 watch.go:40] Failed to load config from "f:\\React\\Animation\\Graduation-Project\\dataconnect": could not find dataconnect.yaml in `f:\React\Animation\Graduation-Project\dataconnect`
 {"metadata":{"emulator":{"name":"dataconnect"},"message":"E0521 05:08:20.087018   32040 watch.go:40] Failed to load config from \"f:\\\\React\\\\Animation\\\\Graduation-Project\\\\dataconnect\": could not find dataconnect.yaml in `f:\\React\\Animation\\Graduation-Project\\dataconnect`\n"}}
[debug] [2026-05-21T02:08:30.087Z] E0521 05:08:30.087062   32040 watch.go:40] Failed to load config from "f:\\React\\Animation\\Graduation-Project\\dataconnect": could not find dataconnect.yaml in `f:\React\Animation\Graduation-Project\dataconnect`
 {"metadata":{"emulator":{"name":"dataconnect"},"message":"E0521 05:08:30.087062   32040 watch.go:40] Failed to load config from \"f:\\\\React\\\\Animation\\\\Graduation-Project\\\\dataconnect\": could not find dataconnect.yaml in `f:\\React\\Animation\\Graduation-Project\\dataconnect`\n"}}
[debug] [2026-05-21T02:08:40.086Z] E0521 05:08:40.086929   32040 watch.go:116] watchAllDir unable to walk dir `f:\React\Animation\Graduation-Project\dataconnect`: GetFileAttributesEx f:\React\Animation\Graduation-Project\dataconnect: The system cannot find the file specified.
E0521 05:08:40.086929   32040 watch.go:40] Failed to load config from "f:\\React\\Animation\\Graduation-Project\\dataconnect": could not find dataconnect.yaml in `f:\React\Animation\Graduation-Project\dataconnect`
 {"metadata":{"emulator":{"name":"dataconnect"},"message":"E0521 05:08:40.086929   32040 watch.go:116] watchAllDir unable to walk dir `f:\\React\\Animation\\Graduation-Project\\dataconnect`: GetFileAttributesEx f:\\React\\Animation\\Graduation-Project\\dataconnect: The system cannot find the file specified.\nE0521 05:08:40.086929   32040 watch.go:40] Failed to load config from \"f:\\\\React\\\\Animation\\\\Graduation-Project\\\\dataconnect\": could not find dataconnect.yaml in `f:\\React\\Animation\\Graduation-Project\\dataconnect`\n"}}
[debug] [2026-05-21T02:08:50.087Z] E0521 05:08:50.086981   32040 watch.go:40] Failed to load config from "f:\\React\\Animation\\Graduation-Project\\dataconnect": could not find dataconnect.yaml in `f:\React\Animation\Graduation-Project\dataconnect`
 {"metadata":{"emulator":{"name":"dataconnect"},"message":"E0521 05:08:50.086981   32040 watch.go:40] Failed to load config from \"f:\\\\React\\\\Animation\\\\Graduation-Project\\\\dataconnect\": could not find dataconnect.yaml in `f:\\React\\Animation\\Graduation-Project\\dataconnect`\n"}}
[debug] [2026-05-21T02:09:00.087Z] E0521 05:09:00.086982   32040 watch.go:40] Failed to load config from "f:\\React\\Animation\\Graduation-Project\\dataconnect": could not find dataconnect.yaml in `f:\React\Animation\Graduation-Project\dataconnect`
 {"metadata":{"emulator":{"name":"dataconnect"},"message":"E0521 05:09:00.086982   32040 watch.go:40] Failed to load config from \"f:\\\\React\\\\Animation\\\\Graduation-Project\\\\dataconnect\": could not find dataconnect.yaml in `f:\\React\\Animation\\Graduation-Project\\dataconnect`\n"}}
[debug] [2026-05-21T02:09:10.087Z] E0521 05:09:10.087091   32040 watch.go:40] Failed to load config from "f:\\React\\Animation\\Graduation-Project\\dataconnect": could not find dataconnect.yaml in `f:\React\Animation\Graduation-Project\dataconnect`
 {"metadata":{"emulator":{"name":"dataconnect"},"message":"E0521 05:09:10.087091   32040 watch.go:40] Failed to load config from \"f:\\\\React\\\\Animation\\\\Graduation-Project\\\\dataconnect\": could not find dataconnect.yaml in `f:\\React\\Animation\\Graduation-Project\\dataconnect`\n"}}
[debug] [2026-05-21T02:09:20.087Z] E0521 05:09:20.087171   32040 watch.go:40] Failed to load config from "f:\\React\\Animation\\Graduation-Project\\dataconnect": could not find dataconnect.yaml in `f:\React\Animation\Graduation-Project\dataconnect`
 {"metadata":{"emulator":{"name":"dataconnect"},"message":"E0521 05:09:20.087171   32040 watch.go:40] Failed to load config from \"f:\\\\React\\\\Animation\\\\Graduation-Project\\\\dataconnect\": could not find dataconnect.yaml in `f:\\React\\Animation\\Graduation-Project\\dataconnect`\n"}}
[debug] [2026-05-21T02:09:30.087Z] E0521 05:09:30.086909   32040 watch.go:40] Failed to load config from "f:\\React\\Animation\\Graduation-Project\\dataconnect": could not find dataconnect.yaml in `f:\React\Animation\Graduation-Project\dataconnect`
 {"metadata":{"emulator":{"name":"dataconnect"},"message":"E0521 05:09:30.086909   32040 watch.go:40] Failed to load config from \"f:\\\\React\\\\Animation\\\\Graduation-Project\\\\dataconnect\": could not find dataconnect.yaml in `f:\\React\\Animation\\Graduation-Project\\dataconnect`\n"}}
[debug] [2026-05-21T02:09:40.087Z] E0521 05:09:40.087077   32040 watch.go:116] watchAllDir unable to walk dir `f:\React\Animation\Graduation-Project\dataconnect`: GetFileAttributesEx f:\React\Animation\Graduation-Project\dataconnect: The system cannot find the file specified.
E0521 05:09:40.087077   32040 watch.go:40] Failed to load config from "f:\\React\\Animation\\Graduation-Project\\dataconnect": could not find dataconnect.yaml in `f:\React\Animation\Graduation-Project\dataconnect`
 {"metadata":{"emulator":{"name":"dataconnect"},"message":"E0521 05:09:40.087077   32040 watch.go:116] watchAllDir unable to walk dir `f:\\React\\Animation\\Graduation-Project\\dataconnect`: GetFileAttributesEx f:\\React\\Animation\\Graduation-Project\\dataconnect: The system cannot find the file specified.\nE0521 05:09:40.087077   32040 watch.go:40] Failed to load config from \"f:\\\\React\\\\Animation\\\\Graduation-Project\\\\dataconnect\": could not find dataconnect.yaml in `f:\\React\\Animation\\Graduation-Project\\dataconnect`\n"}}
[debug] [2026-05-21T02:09:50.087Z] E0521 05:09:50.087379   32040 watch.go:40] Failed to load config from "f:\\React\\Animation\\Graduation-Project\\dataconnect": could not find dataconnect.yaml in `f:\React\Animation\Graduation-Project\dataconnect`
 {"metadata":{"emulator":{"name":"dataconnect"},"message":"E0521 05:09:50.087379   32040 watch.go:40] Failed to load config from \"f:\\\\React\\\\Animation\\\\Graduation-Project\\\\dataconnect\": could not find dataconnect.yaml in `f:\\React\\Animation\\Graduation-Project\\dataconnect`\n"}}
[debug] [2026-05-21T02:10:00.086Z] E0521 05:10:00.086977   32040 watch.go:40] Failed to load config from "f:\\React\\Animation\\Graduation-Project\\dataconnect": could not find dataconnect.yaml in `f:\React\Animation\Graduation-Project\dataconnect`
 {"metadata":{"emulator":{"name":"dataconnect"},"message":"E0521 05:10:00.086977   32040 watch.go:40] Failed to load config from \"f:\\\\React\\\\Animation\\\\Graduation-Project\\\\dataconnect\": could not find dataconnect.yaml in `f:\\React\\Animation\\Graduation-Project\\dataconnect`\n"}}
[debug] [2026-05-21T02:10:10.087Z] E0521 05:10:10.087157   32040 watch.go:40] Failed to load config from "f:\\React\\Animation\\Graduation-Project\\dataconnect": could not find dataconnect.yaml in `f:\React\Animation\Graduation-Project\dataconnect`
 {"metadata":{"emulator":{"name":"dataconnect"},"message":"E0521 05:10:10.087157   32040 watch.go:40] Failed to load config from \"f:\\\\React\\\\Animation\\\\Graduation-Project\\\\dataconnect\": could not find dataconnect.yaml in `f:\\React\\Animation\\Graduation-Project\\dataconnect`\n"}}
[debug] [2026-05-21T02:10:20.087Z] E0521 05:10:20.087206   32040 watch.go:40] Failed to load config from "f:\\React\\Animation\\Graduation-Project\\dataconnect": could not find dataconnect.yaml in `f:\React\Animation\Graduation-Project\dataconnect`
 {"metadata":{"emulator":{"name":"dataconnect"},"message":"E0521 05:10:20.087206   32040 watch.go:40] Failed to load config from \"f:\\\\React\\\\Animation\\\\Graduation-Project\\\\dataconnect\": could not find dataconnect.yaml in `f:\\React\\Animation\\Graduation-Project\\dataconnect`\n"}}
[debug] [2026-05-21T02:10:30.087Z] E0521 05:10:30.086906   32040 watch.go:40] Failed to load config from "f:\\React\\Animation\\Graduation-Project\\dataconnect": could not find dataconnect.yaml in `f:\React\Animation\Graduation-Project\dataconnect`
 {"metadata":{"emulator":{"name":"dataconnect"},"message":"E0521 05:10:30.086906   32040 watch.go:40] Failed to load config from \"f:\\\\React\\\\Animation\\\\Graduation-Project\\\\dataconnect\": could not find dataconnect.yaml in `f:\\React\\Animation\\Graduation-Project\\dataconnect`\n"}}
[debug] [2026-05-21T02:10:40.087Z] E0521 05:10:40.087502   32040 watch.go:116] watchAllDir unable to walk dir `f:\React\Animation\Graduation-Project\dataconnect`: GetFileAttributesEx f:\React\Animation\Graduation-Project\dataconnect: The system cannot find the file specified.
E0521 05:10:40.087502   32040 watch.go:40] Failed to load config from "f:\\React\\Animation\\Graduation-Project\\dataconnect": could not find dataconnect.yaml in `f:\React\Animation\Graduation-Project\dataconnect`
 {"metadata":{"emulator":{"name":"dataconnect"},"message":"E0521 05:10:40.087502   32040 watch.go:116] watchAllDir unable to walk dir `f:\\React\\Animation\\Graduation-Project\\dataconnect`: GetFileAttributesEx f:\\React\\Animation\\Graduation-Project\\dataconnect: The system cannot find the file specified.\nE0521 05:10:40.087502   32040 watch.go:40] Failed to load config from \"f:\\\\React\\\\Animation\\\\Graduation-Project\\\\dataconnect\": could not find dataconnect.yaml in `f:\\React\\Animation\\Graduation-Project\\dataconnect`\n"}}
[debug] [2026-05-21T02:10:50.087Z] E0521 05:10:50.087186   32040 watch.go:40] Failed to load config from "f:\\React\\Animation\\Graduation-Project\\dataconnect": could not find dataconnect.yaml in `f:\React\Animation\Graduation-Project\dataconnect`
 {"metadata":{"emulator":{"name":"dataconnect"},"message":"E0521 05:10:50.087186   32040 watch.go:40] Failed to load config from \"f:\\\\React\\\\Animation\\\\Graduation-Project\\\\dataconnect\": could not find dataconnect.yaml in `f:\\React\\Animation\\Graduation-Project\\dataconnect`\n"}}
[debug] [2026-05-21T02:11:00.087Z] E0521 05:11:00.087196   32040 watch.go:40] Failed to load config from "f:\\React\\Animation\\Graduation-Project\\dataconnect": could not find dataconnect.yaml in `f:\React\Animation\Graduation-Project\dataconnect`
 {"metadata":{"emulator":{"name":"dataconnect"},"message":"E0521 05:11:00.087196   32040 watch.go:40] Failed to load config from \"f:\\\\React\\\\Animation\\\\Graduation-Project\\\\dataconnect\": could not find dataconnect.yaml in `f:\\React\\Animation\\Graduation-Project\\dataconnect`\n"}}
[debug] [2026-05-21T02:11:10.087Z] E0521 05:11:10.087380   32040 watch.go:40] Failed to load config from "f:\\React\\Animation\\Graduation-Project\\dataconnect": could not find dataconnect.yaml in `f:\React\Animation\Graduation-Project\dataconnect`
 {"metadata":{"emulator":{"name":"dataconnect"},"message":"E0521 05:11:10.087380   32040 watch.go:40] Failed to load config from \"f:\\\\React\\\\Animation\\\\Graduation-Project\\\\dataconnect\": could not find dataconnect.yaml in `f:\\React\\Animation\\Graduation-Project\\dataconnect`\n"}}
[debug] [2026-05-21T02:11:20.087Z] E0521 05:11:20.087378   32040 watch.go:40] Failed to load config from "f:\\React\\Animation\\Graduation-Project\\dataconnect": could not find dataconnect.yaml in `f:\React\Animation\Graduation-Project\dataconnect`
 {"metadata":{"emulator":{"name":"dataconnect"},"message":"E0521 05:11:20.087378   32040 watch.go:40] Failed to load config from \"f:\\\\React\\\\Animation\\\\Graduation-Project\\\\dataconnect\": could not find dataconnect.yaml in `f:\\React\\Animation\\Graduation-Project\\dataconnect`\n"}}
[debug] [2026-05-21T02:11:30.087Z] E0521 05:11:30.087117   32040 watch.go:40] Failed to load config from "f:\\React\\Animation\\Graduation-Project\\dataconnect": could not find dataconnect.yaml in `f:\React\Animation\Graduation-Project\dataconnect`
 {"metadata":{"emulator":{"name":"dataconnect"},"message":"E0521 05:11:30.087117   32040 watch.go:40] Failed to load config from \"f:\\\\React\\\\Animation\\\\Graduation-Project\\\\dataconnect\": could not find dataconnect.yaml in `f:\\React\\Animation\\Graduation-Project\\dataconnect`\n"}}
[debug] [2026-05-21T02:11:40.087Z] E0521 05:11:40.087166   32040 watch.go:116] watchAllDir unable to walk dir `f:\React\Animation\Graduation-Project\dataconnect`: GetFileAttributesEx f:\React\Animation\Graduation-Project\dataconnect: The system cannot find the file specified.
E0521 05:11:40.087166   32040 watch.go:40] Failed to load config from "f:\\React\\Animation\\Graduation-Project\\dataconnect": could not find dataconnect.yaml in `f:\React\Animation\Graduation-Project\dataconnect`
 {"metadata":{"emulator":{"name":"dataconnect"},"message":"E0521 05:11:40.087166   32040 watch.go:116] watchAllDir unable to walk dir `f:\\React\\Animation\\Graduation-Project\\dataconnect`: GetFileAttributesEx f:\\React\\Animation\\Graduation-Project\\dataconnect: The system cannot find the file specified.\nE0521 05:11:40.087166   32040 watch.go:40] Failed to load config from \"f:\\\\React\\\\Animation\\\\Graduation-Project\\\\dataconnect\": could not find dataconnect.yaml in `f:\\React\\Animation\\Graduation-Project\\dataconnect`\n"}}
[debug] [2026-05-21T02:11:50.087Z] E0521 05:11:50.087464   32040 watch.go:40] Failed to load config from "f:\\React\\Animation\\Graduation-Project\\dataconnect": could not find dataconnect.yaml in `f:\React\Animation\Graduation-Project\dataconnect`
 {"metadata":{"emulator":{"name":"dataconnect"},"message":"E0521 05:11:50.087464   32040 watch.go:40] Failed to load config from \"f:\\\\React\\\\Animation\\\\Graduation-Project\\\\dataconnect\": could not find dataconnect.yaml in `f:\\React\\Animation\\Graduation-Project\\dataconnect`\n"}}
[debug] [2026-05-21T02:12:00.087Z] E0521 05:12:00.087464   32040 watch.go:40] Failed to load config from "f:\\React\\Animation\\Graduation-Project\\dataconnect": could not find dataconnect.yaml in `f:\React\Animation\Graduation-Project\dataconnect`
 {"metadata":{"emulator":{"name":"dataconnect"},"message":"E0521 05:12:00.087464   32040 watch.go:40] Failed to load config from \"f:\\\\React\\\\Animation\\\\Graduation-Project\\\\dataconnect\": could not find dataconnect.yaml in `f:\\React\\Animation\\Graduation-Project\\dataconnect`\n"}}
[debug] [2026-05-21T02:12:10.086Z] E0521 05:12:10.086948   32040 watch.go:40] Failed to load config from "f:\\React\\Animation\\Graduation-Project\\dataconnect": could not find dataconnect.yaml in `f:\React\Animation\Graduation-Project\dataconnect`
 {"metadata":{"emulator":{"name":"dataconnect"},"message":"E0521 05:12:10.086948   32040 watch.go:40] Failed to load config from \"f:\\\\React\\\\Animation\\\\Graduation-Project\\\\dataconnect\": could not find dataconnect.yaml in `f:\\React\\Animation\\Graduation-Project\\dataconnect`\n"}}
[debug] [2026-05-21T02:12:20.086Z] E0521 05:12:20.087253   32040 watch.go:40] Failed to load config from "f:\\React\\Animation\\Graduation-Project\\dataconnect": could not find dataconnect.yaml in `f:\React\Animation\Graduation-Project\dataconnect`
 {"metadata":{"emulator":{"name":"dataconnect"},"message":"E0521 05:12:20.087253   32040 watch.go:40] Failed to load config from \"f:\\\\React\\\\Animation\\\\Graduation-Project\\\\dataconnect\": could not find dataconnect.yaml in `f:\\React\\Animation\\Graduation-Project\\dataconnect`\n"}}
[debug] [2026-05-21T02:12:30.087Z] E0521 05:12:30.087453   32040 watch.go:40] Failed to load config from "f:\\React\\Animation\\Graduation-Project\\dataconnect": could not find dataconnect.yaml in `f:\React\Animation\Graduation-Project\dataconnect`
 {"metadata":{"emulator":{"name":"dataconnect"},"message":"E0521 05:12:30.087453   32040 watch.go:40] Failed to load config from \"f:\\\\React\\\\Animation\\\\Graduation-Project\\\\dataconnect\": could not find dataconnect.yaml in `f:\\React\\Animation\\Graduation-Project\\dataconnect`\n"}}
[debug] [2026-05-21T02:12:40.086Z] E0521 05:12:40.086873   32040 watch.go:40] Failed to load config from "f:\\React\\Animation\\Graduation-Project\\dataconnect": could not find dataconnect.yaml in `f:\React\Animation\Graduation-Project\dataconnect`
E0521 05:12:40.086873   32040 watch.go:116] watchAllDir unable to walk dir `f:\React\Animation\Graduation-Project\dataconnect`: GetFileAttributesEx f:\React\Animation\Graduation-Project\dataconnect: The system cannot find the file specified.
 {"metadata":{"emulator":{"name":"dataconnect"},"message":"E0521 05:12:40.086873   32040 watch.go:40] Failed to load config from \"f:\\\\React\\\\Animation\\\\Graduation-Project\\\\dataconnect\": could not find dataconnect.yaml in `f:\\React\\Animation\\Graduation-Project\\dataconnect`\nE0521 05:12:40.086873   32040 watch.go:116] watchAllDir unable to walk dir `f:\\React\\Animation\\Graduation-Project\\dataconnect`: GetFileAttributesEx f:\\React\\Animation\\Graduation-Project\\dataconnect: The system cannot find the file specified.\n"}}
[debug] [2026-05-21T02:12:50.086Z] E0521 05:12:50.087308   32040 watch.go:40] Failed to load config from "f:\\React\\Animation\\Graduation-Project\\dataconnect": could not find dataconnect.yaml in `f:\React\Animation\Graduation-Project\dataconnect`
 {"metadata":{"emulator":{"name":"dataconnect"},"message":"E0521 05:12:50.087308   32040 watch.go:40] Failed to load config from \"f:\\\\React\\\\Animation\\\\Graduation-Project\\\\dataconnect\": could not find dataconnect.yaml in `f:\\React\\Animation\\Graduation-Project\\dataconnect`\n"}}
[debug] [2026-05-21T02:13:00.086Z] E0521 05:13:00.087119   32040 watch.go:40] Failed to load config from "f:\\React\\Animation\\Graduation-Project\\dataconnect": could not find dataconnect.yaml in `f:\React\Animation\Graduation-Project\dataconnect`
 {"metadata":{"emulator":{"name":"dataconnect"},"message":"E0521 05:13:00.087119   32040 watch.go:40] Failed to load config from \"f:\\\\React\\\\Animation\\\\Graduation-Project\\\\dataconnect\": could not find dataconnect.yaml in `f:\\React\\Animation\\Graduation-Project\\dataconnect`\n"}}
[debug] [2026-05-21T02:13:10.087Z] E0521 05:13:10.087328   32040 watch.go:40] Failed to load config from "f:\\React\\Animation\\Graduation-Project\\dataconnect": could not find dataconnect.yaml in `f:\React\Animation\Graduation-Project\dataconnect`
 {"metadata":{"emulator":{"name":"dataconnect"},"message":"E0521 05:13:10.087328   32040 watch.go:40] Failed to load config from \"f:\\\\React\\\\Animation\\\\Graduation-Project\\\\dataconnect\": could not find dataconnect.yaml in `f:\\React\\Animation\\Graduation-Project\\dataconnect`\n"}}
[debug] [2026-05-21T02:13:20.087Z] E0521 05:13:20.087581   32040 watch.go:40] Failed to load config from "f:\\React\\Animation\\Graduation-Project\\dataconnect": could not find dataconnect.yaml in `f:\React\Animation\Graduation-Project\dataconnect`
 {"metadata":{"emulator":{"name":"dataconnect"},"message":"E0521 05:13:20.087581   32040 watch.go:40] Failed to load config from \"f:\\\\React\\\\Animation\\\\Graduation-Project\\\\dataconnect\": could not find dataconnect.yaml in `f:\\React\\Animation\\Graduation-Project\\dataconnect`\n"}}
[debug] [2026-05-21T02:13:30.087Z] E0521 05:13:30.087149   32040 watch.go:40] Failed to load config from "f:\\React\\Animation\\Graduation-Project\\dataconnect": could not find dataconnect.yaml in `f:\React\Animation\Graduation-Project\dataconnect`
 {"metadata":{"emulator":{"name":"dataconnect"},"message":"E0521 05:13:30.087149   32040 watch.go:40] Failed to load config from \"f:\\\\React\\\\Animation\\\\Graduation-Project\\\\dataconnect\": could not find dataconnect.yaml in `f:\\React\\Animation\\Graduation-Project\\dataconnect`\n"}}
[debug] [2026-05-21T02:13:40.087Z] E0521 05:13:40.087508   32040 watch.go:116] watchAllDir unable to walk dir `f:\React\Animation\Graduation-Project\dataconnect`: GetFileAttributesEx f:\React\Animation\Graduation-Project\dataconnect: The system cannot find the file specified.
E0521 05:13:40.087508   32040 watch.go:40] Failed to load config from "f:\\React\\Animation\\Graduation-Project\\dataconnect": could not find dataconnect.yaml in `f:\React\Animation\Graduation-Project\dataconnect`
 {"metadata":{"emulator":{"name":"dataconnect"},"message":"E0521 05:13:40.087508   32040 watch.go:116] watchAllDir unable to walk dir `f:\\React\\Animation\\Graduation-Project\\dataconnect`: GetFileAttributesEx f:\\React\\Animation\\Graduation-Project\\dataconnect: The system cannot find the file specified.\nE0521 05:13:40.087508   32040 watch.go:40] Failed to load config from \"f:\\\\React\\\\Animation\\\\Graduation-Project\\\\dataconnect\": could not find dataconnect.yaml in `f:\\React\\Animation\\Graduation-Project\\dataconnect`\n"}}
[debug] [2026-05-21T02:13:50.087Z] E0521 05:13:50.087445   32040 watch.go:40] Failed to load config from "f:\\React\\Animation\\Graduation-Project\\dataconnect": could not find dataconnect.yaml in `f:\React\Animation\Graduation-Project\dataconnect`
 {"metadata":{"emulator":{"name":"dataconnect"},"message":"E0521 05:13:50.087445   32040 watch.go:40] Failed to load config from \"f:\\\\React\\\\Animation\\\\Graduation-Project\\\\dataconnect\": could not find dataconnect.yaml in `f:\\React\\Animation\\Graduation-Project\\dataconnect`\n"}}
[debug] [2026-05-21T02:14:00.087Z] E0521 05:14:00.087407   32040 watch.go:40] Failed to load config from "f:\\React\\Animation\\Graduation-Project\\dataconnect": could not find dataconnect.yaml in `f:\React\Animation\Graduation-Project\dataconnect`
 {"metadata":{"emulator":{"name":"dataconnect"},"message":"E0521 05:14:00.087407   32040 watch.go:40] Failed to load config from \"f:\\\\React\\\\Animation\\\\Graduation-Project\\\\dataconnect\": could not find dataconnect.yaml in `f:\\React\\Animation\\Graduation-Project\\dataconnect`\n"}}
[debug] [2026-05-21T02:14:10.087Z] E0521 05:14:10.087210   32040 watch.go:40] Failed to load config from "f:\\React\\Animation\\Graduation-Project\\dataconnect": could not find dataconnect.yaml in `f:\React\Animation\Graduation-Project\dataconnect`
 {"metadata":{"emulator":{"name":"dataconnect"},"message":"E0521 05:14:10.087210   32040 watch.go:40] Failed to load config from \"f:\\\\React\\\\Animation\\\\Graduation-Project\\\\dataconnect\": could not find dataconnect.yaml in `f:\\React\\Animation\\Graduation-Project\\dataconnect`\n"}}
[debug] [2026-05-21T02:14:20.087Z] E0521 05:14:20.087180   32040 watch.go:40] Failed to load config from "f:\\React\\Animation\\Graduation-Project\\dataconnect": could not find dataconnect.yaml in `f:\React\Animation\Graduation-Project\dataconnect`
 {"metadata":{"emulator":{"name":"dataconnect"},"message":"E0521 05:14:20.087180   32040 watch.go:40] Failed to load config from \"f:\\\\React\\\\Animation\\\\Graduation-Project\\\\dataconnect\": could not find dataconnect.yaml in `f:\\React\\Animation\\Graduation-Project\\dataconnect`\n"}}
[debug] [2026-05-21T02:14:30.087Z] E0521 05:14:30.087001   32040 watch.go:40] Failed to load config from "f:\\React\\Animation\\Graduation-Project\\dataconnect": could not find dataconnect.yaml in `f:\React\Animation\Graduation-Project\dataconnect`
 {"metadata":{"emulator":{"name":"dataconnect"},"message":"E0521 05:14:30.087001   32040 watch.go:40] Failed to load config from \"f:\\\\React\\\\Animation\\\\Graduation-Project\\\\dataconnect\": could not find dataconnect.yaml in `f:\\React\\Animation\\Graduation-Project\\dataconnect`\n"}}
[debug] [2026-05-21T02:14:40.088Z] E0521 05:14:40.087620   32040 watch.go:116] watchAllDir unable to walk dir `f:\React\Animation\Graduation-Project\dataconnect`: GetFileAttributesEx f:\React\Animation\Graduation-Project\dataconnect: The system cannot find the file specified.
E0521 05:14:40.087620   32040 watch.go:40] Failed to load config from "f:\\React\\Animation\\Graduation-Project\\dataconnect": could not find dataconnect.yaml in `f:\React\Animation\Graduation-Project\dataconnect`
 {"metadata":{"emulator":{"name":"dataconnect"},"message":"E0521 05:14:40.087620   32040 watch.go:116] watchAllDir unable to walk dir `f:\\React\\Animation\\Graduation-Project\\dataconnect`: GetFileAttributesEx f:\\React\\Animation\\Graduation-Project\\dataconnect: The system cannot find the file specified.\nE0521 05:14:40.087620   32040 watch.go:40] Failed to load config from \"f:\\\\React\\\\Animation\\\\Graduation-Project\\\\dataconnect\": could not find dataconnect.yaml in `f:\\React\\Animation\\Graduation-Project\\dataconnect`\n"}}
[debug] [2026-05-21T02:14:50.087Z] E0521 05:14:50.087538   32040 watch.go:40] Failed to load config from "f:\\React\\Animation\\Graduation-Project\\dataconnect": could not find dataconnect.yaml in `f:\React\Animation\Graduation-Project\dataconnect`
 {"metadata":{"emulator":{"name":"dataconnect"},"message":"E0521 05:14:50.087538   32040 watch.go:40] Failed to load config from \"f:\\\\React\\\\Animation\\\\Graduation-Project\\\\dataconnect\": could not find dataconnect.yaml in `f:\\React\\Animation\\Graduation-Project\\dataconnect`\n"}}
[debug] [2026-05-21T02:15:00.086Z] E0521 05:15:00.086935   32040 watch.go:40] Failed to load config from "f:\\React\\Animation\\Graduation-Project\\dataconnect": could not find dataconnect.yaml in `f:\React\Animation\Graduation-Project\dataconnect`
 {"metadata":{"emulator":{"name":"dataconnect"},"message":"E0521 05:15:00.086935   32040 watch.go:40] Failed to load config from \"f:\\\\React\\\\Animation\\\\Graduation-Project\\\\dataconnect\": could not find dataconnect.yaml in `f:\\React\\Animation\\Graduation-Project\\dataconnect`\n"}}
[debug] [2026-05-21T02:15:10.087Z] E0521 05:15:10.087214   32040 watch.go:40] Failed to load config from "f:\\React\\Animation\\Graduation-Project\\dataconnect": could not find dataconnect.yaml in `f:\React\Animation\Graduation-Project\dataconnect`
 {"metadata":{"emulator":{"name":"dataconnect"},"message":"E0521 05:15:10.087214   32040 watch.go:40] Failed to load config from \"f:\\\\React\\\\Animation\\\\Graduation-Project\\\\dataconnect\": could not find dataconnect.yaml in `f:\\React\\Animation\\Graduation-Project\\dataconnect`\n"}}
[debug] [2026-05-21T02:15:20.087Z] E0521 05:15:20.086990   32040 watch.go:40] Failed to load config from "f:\\React\\Animation\\Graduation-Project\\dataconnect": could not find dataconnect.yaml in `f:\React\Animation\Graduation-Project\dataconnect`
 {"metadata":{"emulator":{"name":"dataconnect"},"message":"E0521 05:15:20.086990   32040 watch.go:40] Failed to load config from \"f:\\\\React\\\\Animation\\\\Graduation-Project\\\\dataconnect\": could not find dataconnect.yaml in `f:\\React\\Animation\\Graduation-Project\\dataconnect`\n"}}
[debug] [2026-05-21T02:15:30.087Z] E0521 05:15:30.087360   32040 watch.go:40] Failed to load config from "f:\\React\\Animation\\Graduation-Project\\dataconnect": could not find dataconnect.yaml in `f:\React\Animation\Graduation-Project\dataconnect`
 {"metadata":{"emulator":{"name":"dataconnect"},"message":"E0521 05:15:30.087360   32040 watch.go:40] Failed to load config from \"f:\\\\React\\\\Animation\\\\Graduation-Project\\\\dataconnect\": could not find dataconnect.yaml in `f:\\React\\Animation\\Graduation-Project\\dataconnect`\n"}}
[debug] [2026-05-21T02:15:40.088Z] E0521 05:15:40.086945   32040 watch.go:116] watchAllDir unable to walk dir `f:\React\Animation\Graduation-Project\dataconnect`: GetFileAttributesEx f:\React\Animation\Graduation-Project\dataconnect: The system cannot find the file specified.
E0521 05:15:40.086945   32040 watch.go:40] Failed to load config from "f:\\React\\Animation\\Graduation-Project\\dataconnect": could not find dataconnect.yaml in `f:\React\Animation\Graduation-Project\dataconnect`
 {"metadata":{"emulator":{"name":"dataconnect"},"message":"E0521 05:15:40.086945   32040 watch.go:116] watchAllDir unable to walk dir `f:\\React\\Animation\\Graduation-Project\\dataconnect`: GetFileAttributesEx f:\\React\\Animation\\Graduation-Project\\dataconnect: The system cannot find the file specified.\nE0521 05:15:40.086945   32040 watch.go:40] Failed to load config from \"f:\\\\React\\\\Animation\\\\Graduation-Project\\\\dataconnect\": could not find dataconnect.yaml in `f:\\React\\Animation\\Graduation-Project\\dataconnect`\n"}}
[debug] [2026-05-21T02:15:50.087Z] E0521 05:15:50.087380   32040 watch.go:40] Failed to load config from "f:\\React\\Animation\\Graduation-Project\\dataconnect": could not find dataconnect.yaml in `f:\React\Animation\Graduation-Project\dataconnect`
 {"metadata":{"emulator":{"name":"dataconnect"},"message":"E0521 05:15:50.087380   32040 watch.go:40] Failed to load config from \"f:\\\\React\\\\Animation\\\\Graduation-Project\\\\dataconnect\": could not find dataconnect.yaml in `f:\\React\\Animation\\Graduation-Project\\dataconnect`\n"}}
[debug] [2026-05-21T02:16:00.087Z] E0521 05:16:00.087017   32040 watch.go:40] Failed to load config from "f:\\React\\Animation\\Graduation-Project\\dataconnect": could not find dataconnect.yaml in `f:\React\Animation\Graduation-Project\dataconnect`
 {"metadata":{"emulator":{"name":"dataconnect"},"message":"E0521 05:16:00.087017   32040 watch.go:40] Failed to load config from \"f:\\\\React\\\\Animation\\\\Graduation-Project\\\\dataconnect\": could not find dataconnect.yaml in `f:\\React\\Animation\\Graduation-Project\\dataconnect`\n"}}
[debug] [2026-05-21T02:16:10.087Z] E0521 05:16:10.087276   32040 watch.go:40] Failed to load config from "f:\\React\\Animation\\Graduation-Project\\dataconnect": could not find dataconnect.yaml in `f:\React\Animation\Graduation-Project\dataconnect`
 {"metadata":{"emulator":{"name":"dataconnect"},"message":"E0521 05:16:10.087276   32040 watch.go:40] Failed to load config from \"f:\\\\React\\\\Animation\\\\Graduation-Project\\\\dataconnect\": could not find dataconnect.yaml in `f:\\React\\Animation\\Graduation-Project\\dataconnect`\n"}}
[debug] [2026-05-21T02:16:20.087Z] E0521 05:16:20.086985   32040 watch.go:40] Failed to load config from "f:\\React\\Animation\\Graduation-Project\\dataconnect": could not find dataconnect.yaml in `f:\React\Animation\Graduation-Project\dataconnect`
 {"metadata":{"emulator":{"name":"dataconnect"},"message":"E0521 05:16:20.086985   32040 watch.go:40] Failed to load config from \"f:\\\\React\\\\Animation\\\\Graduation-Project\\\\dataconnect\": could not find dataconnect.yaml in `f:\\React\\Animation\\Graduation-Project\\dataconnect`\n"}}
[debug] [2026-05-21T02:16:30.087Z] E0521 05:16:30.087243   32040 watch.go:40] Failed to load config from "f:\\React\\Animation\\Graduation-Project\\dataconnect": could not find dataconnect.yaml in `f:\React\Animation\Graduation-Project\dataconnect`
 {"metadata":{"emulator":{"name":"dataconnect"},"message":"E0521 05:16:30.087243   32040 watch.go:40] Failed to load config from \"f:\\\\React\\\\Animation\\\\Graduation-Project\\\\dataconnect\": could not find dataconnect.yaml in `f:\\React\\Animation\\Graduation-Project\\dataconnect`\n"}}
[debug] [2026-05-21T02:16:40.087Z] E0521 05:16:40.086999   32040 watch.go:116] watchAllDir unable to walk dir `f:\React\Animation\Graduation-Project\dataconnect`: GetFileAttributesEx f:\React\Animation\Graduation-Project\dataconnect: The system cannot find the file specified.
E0521 05:16:40.086999   32040 watch.go:40] Failed to load config from "f:\\React\\Animation\\Graduation-Project\\dataconnect": could not find dataconnect.yaml in `f:\React\Animation\Graduation-Project\dataconnect`
 {"metadata":{"emulator":{"name":"dataconnect"},"message":"E0521 05:16:40.086999   32040 watch.go:116] watchAllDir unable to walk dir `f:\\React\\Animation\\Graduation-Project\\dataconnect`: GetFileAttributesEx f:\\React\\Animation\\Graduation-Project\\dataconnect: The system cannot find the file specified.\nE0521 05:16:40.086999   32040 watch.go:40] Failed to load config from \"f:\\\\React\\\\Animation\\\\Graduation-Project\\\\dataconnect\": could not find dataconnect.yaml in `f:\\React\\Animation\\Graduation-Project\\dataconnect`\n"}}
[debug] [2026-05-21T02:16:50.087Z] E0521 05:16:50.087020   32040 watch.go:40] Failed to load config from "f:\\React\\Animation\\Graduation-Project\\dataconnect": could not find dataconnect.yaml in `f:\React\Animation\Graduation-Project\dataconnect`
 {"metadata":{"emulator":{"name":"dataconnect"},"message":"E0521 05:16:50.087020   32040 watch.go:40] Failed to load config from \"f:\\\\React\\\\Animation\\\\Graduation-Project\\\\dataconnect\": could not find dataconnect.yaml in `f:\\React\\Animation\\Graduation-Project\\dataconnect`\n"}}
[debug] [2026-05-21T02:17:00.087Z] E0521 05:17:00.087169   32040 watch.go:40] Failed to load config from "f:\\React\\Animation\\Graduation-Project\\dataconnect": could not find dataconnect.yaml in `f:\React\Animation\Graduation-Project\dataconnect`
 {"metadata":{"emulator":{"name":"dataconnect"},"message":"E0521 05:17:00.087169   32040 watch.go:40] Failed to load config from \"f:\\\\React\\\\Animation\\\\Graduation-Project\\\\dataconnect\": could not find dataconnect.yaml in `f:\\React\\Animation\\Graduation-Project\\dataconnect`\n"}}
[debug] [2026-05-21T02:17:10.087Z] E0521 05:17:10.087398   32040 watch.go:40] Failed to load config from "f:\\React\\Animation\\Graduation-Project\\dataconnect": could not find dataconnect.yaml in `f:\React\Animation\Graduation-Project\dataconnect`
 {"metadata":{"emulator":{"name":"dataconnect"},"message":"E0521 05:17:10.087398   32040 watch.go:40] Failed to load config from \"f:\\\\React\\\\Animation\\\\Graduation-Project\\\\dataconnect\": could not find dataconnect.yaml in `f:\\React\\Animation\\Graduation-Project\\dataconnect`\n"}}
[debug] [2026-05-21T02:17:20.086Z] E0521 05:17:20.086956   32040 watch.go:40] Failed to load config from "f:\\React\\Animation\\Graduation-Project\\dataconnect": could not find dataconnect.yaml in `f:\React\Animation\Graduation-Project\dataconnect`
 {"metadata":{"emulator":{"name":"dataconnect"},"message":"E0521 05:17:20.086956   32040 watch.go:40] Failed to load config from \"f:\\\\React\\\\Animation\\\\Graduation-Project\\\\dataconnect\": could not find dataconnect.yaml in `f:\\React\\Animation\\Graduation-Project\\dataconnect`\n"}}
[debug] [2026-05-21T02:17:30.086Z] E0521 05:17:30.086992   32040 watch.go:40] Failed to load config from "f:\\React\\Animation\\Graduation-Project\\dataconnect": could not find dataconnect.yaml in `f:\React\Animation\Graduation-Project\dataconnect`
 {"metadata":{"emulator":{"name":"dataconnect"},"message":"E0521 05:17:30.086992   32040 watch.go:40] Failed to load config from \"f:\\\\React\\\\Animation\\\\Graduation-Project\\\\dataconnect\": could not find dataconnect.yaml in `f:\\React\\Animation\\Graduation-Project\\dataconnect`\n"}}
[debug] [2026-05-21T02:17:40.086Z] E0521 05:17:40.086930   32040 watch.go:116] watchAllDir unable to walk dir `f:\React\Animation\Graduation-Project\dataconnect`: GetFileAttributesEx f:\React\Animation\Graduation-Project\dataconnect: The system cannot find the file specified.
E0521 05:17:40.086930   32040 watch.go:40] Failed to load config from "f:\\React\\Animation\\Graduation-Project\\dataconnect": could not find dataconnect.yaml in `f:\React\Animation\Graduation-Project\dataconnect`
 {"metadata":{"emulator":{"name":"dataconnect"},"message":"E0521 05:17:40.086930   32040 watch.go:116] watchAllDir unable to walk dir `f:\\React\\Animation\\Graduation-Project\\dataconnect`: GetFileAttributesEx f:\\React\\Animation\\Graduation-Project\\dataconnect: The system cannot find the file specified.\nE0521 05:17:40.086930   32040 watch.go:40] Failed to load config from \"f:\\\\React\\\\Animation\\\\Graduation-Project\\\\dataconnect\": could not find dataconnect.yaml in `f:\\React\\Animation\\Graduation-Project\\dataconnect`\n"}}
[debug] [2026-05-21T02:17:50.087Z] E0521 05:17:50.087080   32040 watch.go:40] Failed to load config from "f:\\React\\Animation\\Graduation-Project\\dataconnect": could not find dataconnect.yaml in `f:\React\Animation\Graduation-Project\dataconnect`
 {"metadata":{"emulator":{"name":"dataconnect"},"message":"E0521 05:17:50.087080   32040 watch.go:40] Failed to load config from \"f:\\\\React\\\\Animation\\\\Graduation-Project\\\\dataconnect\": could not find dataconnect.yaml in `f:\\React\\Animation\\Graduation-Project\\dataconnect`\n"}}
[debug] [2026-05-21T02:18:00.087Z] E0521 05:18:00.087125   32040 watch.go:40] Failed to load config from "f:\\React\\Animation\\Graduation-Project\\dataconnect": could not find dataconnect.yaml in `f:\React\Animation\Graduation-Project\dataconnect`
 {"metadata":{"emulator":{"name":"dataconnect"},"message":"E0521 05:18:00.087125   32040 watch.go:40] Failed to load config from \"f:\\\\React\\\\Animation\\\\Graduation-Project\\\\dataconnect\": could not find dataconnect.yaml in `f:\\React\\Animation\\Graduation-Project\\dataconnect`\n"}}
[debug] [2026-05-21T02:18:10.087Z] E0521 05:18:10.087138   32040 watch.go:40] Failed to load config from "f:\\React\\Animation\\Graduation-Project\\dataconnect": could not find dataconnect.yaml in `f:\React\Animation\Graduation-Project\dataconnect`
 {"metadata":{"emulator":{"name":"dataconnect"},"message":"E0521 05:18:10.087138   32040 watch.go:40] Failed to load config from \"f:\\\\React\\\\Animation\\\\Graduation-Project\\\\dataconnect\": could not find dataconnect.yaml in `f:\\React\\Animation\\Graduation-Project\\dataconnect`\n"}}
[debug] [2026-05-21T02:18:20.088Z] E0521 05:18:20.087032   32040 watch.go:40] Failed to load config from "f:\\React\\Animation\\Graduation-Project\\dataconnect": could not find dataconnect.yaml in `f:\React\Animation\Graduation-Project\dataconnect`
 {"metadata":{"emulator":{"name":"dataconnect"},"message":"E0521 05:18:20.087032   32040 watch.go:40] Failed to load config from \"f:\\\\React\\\\Animation\\\\Graduation-Project\\\\dataconnect\": could not find dataconnect.yaml in `f:\\React\\Animation\\Graduation-Project\\dataconnect`\n"}}
[debug] [2026-05-21T02:18:30.087Z] E0521 05:18:30.087622   32040 watch.go:40] Failed to load config from "f:\\React\\Animation\\Graduation-Project\\dataconnect": could not find dataconnect.yaml in `f:\React\Animation\Graduation-Project\dataconnect`
 {"metadata":{"emulator":{"name":"dataconnect"},"message":"E0521 05:18:30.087622   32040 watch.go:40] Failed to load config from \"f:\\\\React\\\\Animation\\\\Graduation-Project\\\\dataconnect\": could not find dataconnect.yaml in `f:\\React\\Animation\\Graduation-Project\\dataconnect`\n"}}
[debug] [2026-05-21T02:18:40.087Z] E0521 05:18:40.087353   32040 watch.go:116] watchAllDir unable to walk dir `f:\React\Animation\Graduation-Project\dataconnect`: GetFileAttributesEx f:\React\Animation\Graduation-Project\dataconnect: The system cannot find the file specified.
E0521 05:18:40.087353   32040 watch.go:40] Failed to load config from "f:\\React\\Animation\\Graduation-Project\\dataconnect": could not find dataconnect.yaml in `f:\React\Animation\Graduation-Project\dataconnect`
 {"metadata":{"emulator":{"name":"dataconnect"},"message":"E0521 05:18:40.087353   32040 watch.go:116] watchAllDir unable to walk dir `f:\\React\\Animation\\Graduation-Project\\dataconnect`: GetFileAttributesEx f:\\React\\Animation\\Graduation-Project\\dataconnect: The system cannot find the file specified.\nE0521 05:18:40.087353   32040 watch.go:40] Failed to load config from \"f:\\\\React\\\\Animation\\\\Graduation-Project\\\\dataconnect\": could not find dataconnect.yaml in `f:\\React\\Animation\\Graduation-Project\\dataconnect`\n"}}
[debug] [2026-05-21T02:18:50.087Z] E0521 05:18:50.087306   32040 watch.go:40] Failed to load config from "f:\\React\\Animation\\Graduation-Project\\dataconnect": could not find dataconnect.yaml in `f:\React\Animation\Graduation-Project\dataconnect`
 {"metadata":{"emulator":{"name":"dataconnect"},"message":"E0521 05:18:50.087306   32040 watch.go:40] Failed to load config from \"f:\\\\React\\\\Animation\\\\Graduation-Project\\\\dataconnect\": could not find dataconnect.yaml in `f:\\React\\Animation\\Graduation-Project\\dataconnect`\n"}}
[debug] [2026-05-21T02:19:00.087Z] E0521 05:19:00.087258   32040 watch.go:40] Failed to load config from "f:\\React\\Animation\\Graduation-Project\\dataconnect": could not find dataconnect.yaml in `f:\React\Animation\Graduation-Project\dataconnect`
 {"metadata":{"emulator":{"name":"dataconnect"},"message":"E0521 05:19:00.087258   32040 watch.go:40] Failed to load config from \"f:\\\\React\\\\Animation\\\\Graduation-Project\\\\dataconnect\": could not find dataconnect.yaml in `f:\\React\\Animation\\Graduation-Project\\dataconnect`\n"}}
[debug] [2026-05-21T02:19:10.087Z] E0521 05:19:10.087087   32040 watch.go:40] Failed to load config from "f:\\React\\Animation\\Graduation-Project\\dataconnect": could not find dataconnect.yaml in `f:\React\Animation\Graduation-Project\dataconnect`
 {"metadata":{"emulator":{"name":"dataconnect"},"message":"E0521 05:19:10.087087   32040 watch.go:40] Failed to load config from \"f:\\\\React\\\\Animation\\\\Graduation-Project\\\\dataconnect\": could not find dataconnect.yaml in `f:\\React\\Animation\\Graduation-Project\\dataconnect`\n"}}
[debug] [2026-05-21T02:19:20.086Z] E0521 05:19:20.086929   32040 watch.go:40] Failed to load config from "f:\\React\\Animation\\Graduation-Project\\dataconnect": could not find dataconnect.yaml in `f:\React\Animation\Graduation-Project\dataconnect`
 {"metadata":{"emulator":{"name":"dataconnect"},"message":"E0521 05:19:20.086929   32040 watch.go:40] Failed to load config from \"f:\\\\React\\\\Animation\\\\Graduation-Project\\\\dataconnect\": could not find dataconnect.yaml in `f:\\React\\Animation\\Graduation-Project\\dataconnect`\n"}}
[debug] [2026-05-21T02:19:30.087Z] E0521 05:19:30.087231   32040 watch.go:40] Failed to load config from "f:\\React\\Animation\\Graduation-Project\\dataconnect": could not find dataconnect.yaml in `f:\React\Animation\Graduation-Project\dataconnect`
 {"metadata":{"emulator":{"name":"dataconnect"},"message":"E0521 05:19:30.087231   32040 watch.go:40] Failed to load config from \"f:\\\\React\\\\Animation\\\\Graduation-Project\\\\dataconnect\": could not find dataconnect.yaml in `f:\\React\\Animation\\Graduation-Project\\dataconnect`\n"}}
[debug] [2026-05-21T02:19:40.086Z] E0521 05:19:40.086977   32040 watch.go:116] watchAllDir unable to walk dir `f:\React\Animation\Graduation-Project\dataconnect`: GetFileAttributesEx f:\React\Animation\Graduation-Project\dataconnect: The system cannot find the file specified.
E0521 05:19:40.086977   32040 watch.go:40] Failed to load config from "f:\\React\\Animation\\Graduation-Project\\dataconnect": could not find dataconnect.yaml in `f:\React\Animation\Graduation-Project\dataconnect`
 {"metadata":{"emulator":{"name":"dataconnect"},"message":"E0521 05:19:40.086977   32040 watch.go:116] watchAllDir unable to walk dir `f:\\React\\Animation\\Graduation-Project\\dataconnect`: GetFileAttributesEx f:\\React\\Animation\\Graduation-Project\\dataconnect: The system cannot find the file specified.\nE0521 05:19:40.086977   32040 watch.go:40] Failed to load config from \"f:\\\\React\\\\Animation\\\\Graduation-Project\\\\dataconnect\": could not find dataconnect.yaml in `f:\\React\\Animation\\Graduation-Project\\dataconnect`\n"}}
[debug] [2026-05-21T02:19:50.087Z] E0521 05:19:50.087681   32040 watch.go:40] Failed to load config from "f:\\React\\Animation\\Graduation-Project\\dataconnect": could not find dataconnect.yaml in `f:\React\Animation\Graduation-Project\dataconnect`
 {"metadata":{"emulator":{"name":"dataconnect"},"message":"E0521 05:19:50.087681   32040 watch.go:40] Failed to load config from \"f:\\\\React\\\\Animation\\\\Graduation-Project\\\\dataconnect\": could not find dataconnect.yaml in `f:\\React\\Animation\\Graduation-Project\\dataconnect`\n"}}
[debug] [2026-05-21T02:20:00.087Z] E0521 05:20:00.087290   32040 watch.go:40] Failed to load config from "f:\\React\\Animation\\Graduation-Project\\dataconnect": could not find dataconnect.yaml in `f:\React\Animation\Graduation-Project\dataconnect`
 {"metadata":{"emulator":{"name":"dataconnect"},"message":"E0521 05:20:00.087290   32040 watch.go:40] Failed to load config from \"f:\\\\React\\\\Animation\\\\Graduation-Project\\\\dataconnect\": could not find dataconnect.yaml in `f:\\React\\Animation\\Graduation-Project\\dataconnect`\n"}}
[debug] [2026-05-21T02:20:10.087Z] E0521 05:20:10.087036   32040 watch.go:40] Failed to load config from "f:\\React\\Animation\\Graduation-Project\\dataconnect": could not find dataconnect.yaml in `f:\React\Animation\Graduation-Project\dataconnect`
 {"metadata":{"emulator":{"name":"dataconnect"},"message":"E0521 05:20:10.087036   32040 watch.go:40] Failed to load config from \"f:\\\\React\\\\Animation\\\\Graduation-Project\\\\dataconnect\": could not find dataconnect.yaml in `f:\\React\\Animation\\Graduation-Project\\dataconnect`\n"}}
[debug] [2026-05-21T02:20:20.087Z] E0521 05:20:20.087260   32040 watch.go:40] Failed to load config from "f:\\React\\Animation\\Graduation-Project\\dataconnect": could not find dataconnect.yaml in `f:\React\Animation\Graduation-Project\dataconnect`
 {"metadata":{"emulator":{"name":"dataconnect"},"message":"E0521 05:20:20.087260   32040 watch.go:40] Failed to load config from \"f:\\\\React\\\\Animation\\\\Graduation-Project\\\\dataconnect\": could not find dataconnect.yaml in `f:\\React\\Animation\\Graduation-Project\\dataconnect`\n"}}
[debug] [2026-05-21T02:20:30.087Z] E0521 05:20:30.086929   32040 watch.go:40] Failed to load config from "f:\\React\\Animation\\Graduation-Project\\dataconnect": could not find dataconnect.yaml in `f:\React\Animation\Graduation-Project\dataconnect`
 {"metadata":{"emulator":{"name":"dataconnect"},"message":"E0521 05:20:30.086929   32040 watch.go:40] Failed to load config from \"f:\\\\React\\\\Animation\\\\Graduation-Project\\\\dataconnect\": could not find dataconnect.yaml in `f:\\React\\Animation\\Graduation-Project\\dataconnect`\n"}}
[debug] [2026-05-21T02:20:40.087Z] E0521 05:20:40.087246   32040 watch.go:116] watchAllDir unable to walk dir `f:\React\Animation\Graduation-Project\dataconnect`: GetFileAttributesEx f:\React\Animation\Graduation-Project\dataconnect: The system cannot find the file specified.
E0521 05:20:40.087246   32040 watch.go:40] Failed to load config from "f:\\React\\Animation\\Graduation-Project\\dataconnect": could not find dataconnect.yaml in `f:\React\Animation\Graduation-Project\dataconnect`
 {"metadata":{"emulator":{"name":"dataconnect"},"message":"E0521 05:20:40.087246   32040 watch.go:116] watchAllDir unable to walk dir `f:\\React\\Animation\\Graduation-Project\\dataconnect`: GetFileAttributesEx f:\\React\\Animation\\Graduation-Project\\dataconnect: The system cannot find the file specified.\nE0521 05:20:40.087246   32040 watch.go:40] Failed to load config from \"f:\\\\React\\\\Animation\\\\Graduation-Project\\\\dataconnect\": could not find dataconnect.yaml in `f:\\React\\Animation\\Graduation-Project\\dataconnect`\n"}}
[debug] [2026-05-21T02:20:50.087Z] E0521 05:20:50.087768   32040 watch.go:40] Failed to load config from "f:\\React\\Animation\\Graduation-Project\\dataconnect": could not find dataconnect.yaml in `f:\React\Animation\Graduation-Project\dataconnect`
 {"metadata":{"emulator":{"name":"dataconnect"},"message":"E0521 05:20:50.087768   32040 watch.go:40] Failed to load config from \"f:\\\\React\\\\Animation\\\\Graduation-Project\\\\dataconnect\": could not find dataconnect.yaml in `f:\\React\\Animation\\Graduation-Project\\dataconnect`\n"}}
[debug] [2026-05-21T02:21:00.088Z] E0521 05:21:00.088105   32040 watch.go:40] Failed to load config from "f:\\React\\Animation\\Graduation-Project\\dataconnect": could not find dataconnect.yaml in `f:\React\Animation\Graduation-Project\dataconnect`
 {"metadata":{"emulator":{"name":"dataconnect"},"message":"E0521 05:21:00.088105   32040 watch.go:40] Failed to load config from \"f:\\\\React\\\\Animation\\\\Graduation-Project\\\\dataconnect\": could not find dataconnect.yaml in `f:\\React\\Animation\\Graduation-Project\\dataconnect`\n"}}
[debug] [2026-05-21T02:21:10.087Z] E0521 05:21:10.087506   32040 watch.go:40] Failed to load config from "f:\\React\\Animation\\Graduation-Project\\dataconnect": could not find dataconnect.yaml in `f:\React\Animation\Graduation-Project\dataconnect`
 {"metadata":{"emulator":{"name":"dataconnect"},"message":"E0521 05:21:10.087506   32040 watch.go:40] Failed to load config from \"f:\\\\React\\\\Animation\\\\Graduation-Project\\\\dataconnect\": could not find dataconnect.yaml in `f:\\React\\Animation\\Graduation-Project\\dataconnect`\n"}}
[debug] [2026-05-21T02:21:20.087Z] E0521 05:21:20.087157   32040 watch.go:40] Failed to load config from "f:\\React\\Animation\\Graduation-Project\\dataconnect": could not find dataconnect.yaml in `f:\React\Animation\Graduation-Project\dataconnect`
 {"metadata":{"emulator":{"name":"dataconnect"},"message":"E0521 05:21:20.087157   32040 watch.go:40] Failed to load config from \"f:\\\\React\\\\Animation\\\\Graduation-Project\\\\dataconnect\": could not find dataconnect.yaml in `f:\\React\\Animation\\Graduation-Project\\dataconnect`\n"}}
[debug] [2026-05-21T02:21:30.087Z] E0521 05:21:30.086965   32040 watch.go:40] Failed to load config from "f:\\React\\Animation\\Graduation-Project\\dataconnect": could not find dataconnect.yaml in `f:\React\Animation\Graduation-Project\dataconnect`
 {"metadata":{"emulator":{"name":"dataconnect"},"message":"E0521 05:21:30.086965   32040 watch.go:40] Failed to load config from \"f:\\\\React\\\\Animation\\\\Graduation-Project\\\\dataconnect\": could not find dataconnect.yaml in `f:\\React\\Animation\\Graduation-Project\\dataconnect`\n"}}
[debug] [2026-05-21T02:21:40.087Z] E0521 05:21:40.087179   32040 watch.go:116] watchAllDir unable to walk dir `f:\React\Animation\Graduation-Project\dataconnect`: GetFileAttributesEx f:\React\Animation\Graduation-Project\dataconnect: The system cannot find the file specified.
E0521 05:21:40.087179   32040 watch.go:40] Failed to load config from "f:\\React\\Animation\\Graduation-Project\\dataconnect": could not find dataconnect.yaml in `f:\React\Animation\Graduation-Project\dataconnect`
 {"metadata":{"emulator":{"name":"dataconnect"},"message":"E0521 05:21:40.087179   32040 watch.go:116] watchAllDir unable to walk dir `f:\\React\\Animation\\Graduation-Project\\dataconnect`: GetFileAttributesEx f:\\React\\Animation\\Graduation-Project\\dataconnect: The system cannot find the file specified.\nE0521 05:21:40.087179   32040 watch.go:40] Failed to load config from \"f:\\\\React\\\\Animation\\\\Graduation-Project\\\\dataconnect\": could not find dataconnect.yaml in `f:\\React\\Animation\\Graduation-Project\\dataconnect`\n"}}
[debug] [2026-05-21T02:21:50.087Z] E0521 05:21:50.087118   32040 watch.go:40] Failed to load config from "f:\\React\\Animation\\Graduation-Project\\dataconnect": could not find dataconnect.yaml in `f:\React\Animation\Graduation-Project\dataconnect`
 {"metadata":{"emulator":{"name":"dataconnect"},"message":"E0521 05:21:50.087118   32040 watch.go:40] Failed to load config from \"f:\\\\React\\\\Animation\\\\Graduation-Project\\\\dataconnect\": could not find dataconnect.yaml in `f:\\React\\Animation\\Graduation-Project\\dataconnect`\n"}}
[debug] [2026-05-21T02:22:00.087Z] E0521 05:22:00.087219   32040 watch.go:40] Failed to load config from "f:\\React\\Animation\\Graduation-Project\\dataconnect": could not find dataconnect.yaml in `f:\React\Animation\Graduation-Project\dataconnect`
 {"metadata":{"emulator":{"name":"dataconnect"},"message":"E0521 05:22:00.087219   32040 watch.go:40] Failed to load config from \"f:\\\\React\\\\Animation\\\\Graduation-Project\\\\dataconnect\": could not find dataconnect.yaml in `f:\\React\\Animation\\Graduation-Project\\dataconnect`\n"}}
[debug] [2026-05-21T02:22:10.087Z] E0521 05:22:10.087068   32040 watch.go:40] Failed to load config from "f:\\React\\Animation\\Graduation-Project\\dataconnect": could not find dataconnect.yaml in `f:\React\Animation\Graduation-Project\dataconnect`
 {"metadata":{"emulator":{"name":"dataconnect"},"message":"E0521 05:22:10.087068   32040 watch.go:40] Failed to load config from \"f:\\\\React\\\\Animation\\\\Graduation-Project\\\\dataconnect\": could not find dataconnect.yaml in `f:\\React\\Animation\\Graduation-Project\\dataconnect`\n"}}
[debug] [2026-05-21T02:22:20.087Z] E0521 05:22:20.087401   32040 watch.go:40] Failed to load config from "f:\\React\\Animation\\Graduation-Project\\dataconnect": could not find dataconnect.yaml in `f:\React\Animation\Graduation-Project\dataconnect`
 {"metadata":{"emulator":{"name":"dataconnect"},"message":"E0521 05:22:20.087401   32040 watch.go:40] Failed to load config from \"f:\\\\React\\\\Animation\\\\Graduation-Project\\\\dataconnect\": could not find dataconnect.yaml in `f:\\React\\Animation\\Graduation-Project\\dataconnect`\n"}}
[debug] [2026-05-21T02:22:30.087Z] E0521 05:22:30.087303   32040 watch.go:40] Failed to load config from "f:\\React\\Animation\\Graduation-Project\\dataconnect": could not find dataconnect.yaml in `f:\React\Animation\Graduation-Project\dataconnect`
 {"metadata":{"emulator":{"name":"dataconnect"},"message":"E0521 05:22:30.087303   32040 watch.go:40] Failed to load config from \"f:\\\\React\\\\Animation\\\\Graduation-Project\\\\dataconnect\": could not find dataconnect.yaml in `f:\\React\\Animation\\Graduation-Project\\dataconnect`\n"}}
[debug] [2026-05-21T02:22:40.087Z] E0521 05:22:40.087173   32040 watch.go:40] Failed to load config from "f:\\React\\Animation\\Graduation-Project\\dataconnect": could not find dataconnect.yaml in `f:\React\Animation\Graduation-Project\dataconnect`
E0521 05:22:40.087173   32040 watch.go:116] watchAllDir unable to walk dir `f:\React\Animation\Graduation-Project\dataconnect`: GetFileAttributesEx f:\React\Animation\Graduation-Project\dataconnect: The system cannot find the file specified.
 {"metadata":{"emulator":{"name":"dataconnect"},"message":"E0521 05:22:40.087173   32040 watch.go:40] Failed to load config from \"f:\\\\React\\\\Animation\\\\Graduation-Project\\\\dataconnect\": could not find dataconnect.yaml in `f:\\React\\Animation\\Graduation-Project\\dataconnect`\nE0521 05:22:40.087173   32040 watch.go:116] watchAllDir unable to walk dir `f:\\React\\Animation\\Graduation-Project\\dataconnect`: GetFileAttributesEx f:\\React\\Animation\\Graduation-Project\\dataconnect: The system cannot find the file specified.\n"}}
[debug] [2026-05-21T02:22:50.087Z] E0521 05:22:50.086996   32040 watch.go:40] Failed to load config from "f:\\React\\Animation\\Graduation-Project\\dataconnect": could not find dataconnect.yaml in `f:\React\Animation\Graduation-Project\dataconnect`
 {"metadata":{"emulator":{"name":"dataconnect"},"message":"E0521 05:22:50.086996   32040 watch.go:40] Failed to load config from \"f:\\\\React\\\\Animation\\\\Graduation-Project\\\\dataconnect\": could not find dataconnect.yaml in `f:\\React\\Animation\\Graduation-Project\\dataconnect`\n"}}
[debug] [2026-05-21T02:23:00.087Z] E0521 05:23:00.087258   32040 watch.go:40] Failed to load config from "f:\\React\\Animation\\Graduation-Project\\dataconnect": could not find dataconnect.yaml in `f:\React\Animation\Graduation-Project\dataconnect`
 {"metadata":{"emulator":{"name":"dataconnect"},"message":"E0521 05:23:00.087258   32040 watch.go:40] Failed to load config from \"f:\\\\React\\\\Animation\\\\Graduation-Project\\\\dataconnect\": could not find dataconnect.yaml in `f:\\React\\Animation\\Graduation-Project\\dataconnect`\n"}}
[debug] [2026-05-21T02:23:10.087Z] E0521 05:23:10.087451   32040 watch.go:40] Failed to load config from "f:\\React\\Animation\\Graduation-Project\\dataconnect": could not find dataconnect.yaml in `f:\React\Animation\Graduation-Project\dataconnect`
 {"metadata":{"emulator":{"name":"dataconnect"},"message":"E0521 05:23:10.087451   32040 watch.go:40] Failed to load config from \"f:\\\\React\\\\Animation\\\\Graduation-Project\\\\dataconnect\": could not find dataconnect.yaml in `f:\\React\\Animation\\Graduation-Project\\dataconnect`\n"}}
[debug] [2026-05-21T02:23:20.087Z] E0521 05:23:20.086934   32040 watch.go:40] Failed to load config from "f:\\React\\Animation\\Graduation-Project\\dataconnect": could not find dataconnect.yaml in `f:\React\Animation\Graduation-Project\dataconnect`
 {"metadata":{"emulator":{"name":"dataconnect"},"message":"E0521 05:23:20.086934   32040 watch.go:40] Failed to load config from \"f:\\\\React\\\\Animation\\\\Graduation-Project\\\\dataconnect\": could not find dataconnect.yaml in `f:\\React\\Animation\\Graduation-Project\\dataconnect`\n"}}
[debug] [2026-05-21T02:23:30.087Z] E0521 05:23:30.087416   32040 watch.go:40] Failed to load config from "f:\\React\\Animation\\Graduation-Project\\dataconnect": could not find dataconnect.yaml in `f:\React\Animation\Graduation-Project\dataconnect`
 {"metadata":{"emulator":{"name":"dataconnect"},"message":"E0521 05:23:30.087416   32040 watch.go:40] Failed to load config from \"f:\\\\React\\\\Animation\\\\Graduation-Project\\\\dataconnect\": could not find dataconnect.yaml in `f:\\React\\Animation\\Graduation-Project\\dataconnect`\n"}}
[debug] [2026-05-21T02:23:40.086Z] E0521 05:23:40.087003   32040 watch.go:116] watchAllDir unable to walk dir `f:\React\Animation\Graduation-Project\dataconnect`: GetFileAttributesEx f:\React\Animation\Graduation-Project\dataconnect: The system cannot find the file specified.
E0521 05:23:40.087003   32040 watch.go:40] Failed to load config from "f:\\React\\Animation\\Graduation-Project\\dataconnect": could not find dataconnect.yaml in `f:\React\Animation\Graduation-Project\dataconnect`
 {"metadata":{"emulator":{"name":"dataconnect"},"message":"E0521 05:23:40.087003   32040 watch.go:116] watchAllDir unable to walk dir `f:\\React\\Animation\\Graduation-Project\\dataconnect`: GetFileAttributesEx f:\\React\\Animation\\Graduation-Project\\dataconnect: The system cannot find the file specified.\nE0521 05:23:40.087003   32040 watch.go:40] Failed to load config from \"f:\\\\React\\\\Animation\\\\Graduation-Project\\\\dataconnect\": could not find dataconnect.yaml in `f:\\React\\Animation\\Graduation-Project\\dataconnect`\n"}}
[debug] [2026-05-21T02:23:50.087Z] E0521 05:23:50.087285   32040 watch.go:40] Failed to load config from "f:\\React\\Animation\\Graduation-Project\\dataconnect": could not find dataconnect.yaml in `f:\React\Animation\Graduation-Project\dataconnect`
 {"metadata":{"emulator":{"name":"dataconnect"},"message":"E0521 05:23:50.087285   32040 watch.go:40] Failed to load config from \"f:\\\\React\\\\Animation\\\\Graduation-Project\\\\dataconnect\": could not find dataconnect.yaml in `f:\\React\\Animation\\Graduation-Project\\dataconnect`\n"}}
[debug] [2026-05-21T02:24:00.086Z] E0521 05:24:00.086915   32040 watch.go:40] Failed to load config from "f:\\React\\Animation\\Graduation-Project\\dataconnect": could not find dataconnect.yaml in `f:\React\Animation\Graduation-Project\dataconnect`
 {"metadata":{"emulator":{"name":"dataconnect"},"message":"E0521 05:24:00.086915   32040 watch.go:40] Failed to load config from \"f:\\\\React\\\\Animation\\\\Graduation-Project\\\\dataconnect\": could not find dataconnect.yaml in `f:\\React\\Animation\\Graduation-Project\\dataconnect`\n"}}
[debug] [2026-05-21T02:24:10.087Z] E0521 05:24:10.087411   32040 watch.go:40] Failed to load config from "f:\\React\\Animation\\Graduation-Project\\dataconnect": could not find dataconnect.yaml in `f:\React\Animation\Graduation-Project\dataconnect`
 {"metadata":{"emulator":{"name":"dataconnect"},"message":"E0521 05:24:10.087411   32040 watch.go:40] Failed to load config from \"f:\\\\React\\\\Animation\\\\Graduation-Project\\\\dataconnect\": could not find dataconnect.yaml in `f:\\React\\Animation\\Graduation-Project\\dataconnect`\n"}}
[debug] [2026-05-21T02:24:20.087Z] E0521 05:24:20.087210   32040 watch.go:40] Failed to load config from "f:\\React\\Animation\\Graduation-Project\\dataconnect": could not find dataconnect.yaml in `f:\React\Animation\Graduation-Project\dataconnect`
 {"metadata":{"emulator":{"name":"dataconnect"},"message":"E0521 05:24:20.087210   32040 watch.go:40] Failed to load config from \"f:\\\\React\\\\Animation\\\\Graduation-Project\\\\dataconnect\": could not find dataconnect.yaml in `f:\\React\\Animation\\Graduation-Project\\dataconnect`\n"}}
[debug] [2026-05-21T02:24:30.087Z] E0521 05:24:30.087202   32040 watch.go:40] Failed to load config from "f:\\React\\Animation\\Graduation-Project\\dataconnect": could not find dataconnect.yaml in `f:\React\Animation\Graduation-Project\dataconnect`
 {"metadata":{"emulator":{"name":"dataconnect"},"message":"E0521 05:24:30.087202   32040 watch.go:40] Failed to load config from \"f:\\\\React\\\\Animation\\\\Graduation-Project\\\\dataconnect\": could not find dataconnect.yaml in `f:\\React\\Animation\\Graduation-Project\\dataconnect`\n"}}
[debug] [2026-05-21T02:24:40.087Z] E0521 05:24:40.086909   32040 watch.go:116] watchAllDir unable to walk dir `f:\React\Animation\Graduation-Project\dataconnect`: GetFileAttributesEx f:\React\Animation\Graduation-Project\dataconnect: The system cannot find the file specified.
 {"metadata":{"emulator":{"name":"dataconnect"},"message":"E0521 05:24:40.086909   32040 watch.go:116] watchAllDir unable to walk dir `f:\\React\\Animation\\Graduation-Project\\dataconnect`: GetFileAttributesEx f:\\React\\Animation\\Graduation-Project\\dataconnect: The system cannot find the file specified.\n"}}
[debug] [2026-05-21T02:24:40.087Z] E0521 05:24:40.086909   32040 watch.go:40] Failed to load config from "f:\\React\\Animation\\Graduation-Project\\dataconnect": could not find dataconnect.yaml in `f:\React\Animation\Graduation-Project\dataconnect`
 {"metadata":{"emulator":{"name":"dataconnect"},"message":"E0521 05:24:40.086909   32040 watch.go:40] Failed to load config from \"f:\\\\React\\\\Animation\\\\Graduation-Project\\\\dataconnect\": could not find dataconnect.yaml in `f:\\React\\Animation\\Graduation-Project\\dataconnect`\n"}}
[debug] [2026-05-21T02:24:50.087Z] E0521 05:24:50.087318   32040 watch.go:40] Failed to load config from "f:\\React\\Animation\\Graduation-Project\\dataconnect": could not find dataconnect.yaml in `f:\React\Animation\Graduation-Project\dataconnect`
 {"metadata":{"emulator":{"name":"dataconnect"},"message":"E0521 05:24:50.087318   32040 watch.go:40] Failed to load config from \"f:\\\\React\\\\Animation\\\\Graduation-Project\\\\dataconnect\": could not find dataconnect.yaml in `f:\\React\\Animation\\Graduation-Project\\dataconnect`\n"}}
[debug] [2026-05-21T02:25:00.087Z] E0521 05:25:00.087097   32040 watch.go:40] Failed to load config from "f:\\React\\Animation\\Graduation-Project\\dataconnect": could not find dataconnect.yaml in `f:\React\Animation\Graduation-Project\dataconnect`
 {"metadata":{"emulator":{"name":"dataconnect"},"message":"E0521 05:25:00.087097   32040 watch.go:40] Failed to load config from \"f:\\\\React\\\\Animation\\\\Graduation-Project\\\\dataconnect\": could not find dataconnect.yaml in `f:\\React\\Animation\\Graduation-Project\\dataconnect`\n"}}
[debug] [2026-05-21T02:25:10.087Z] E0521 05:25:10.087068   32040 watch.go:40] Failed to load config from "f:\\React\\Animation\\Graduation-Project\\dataconnect": could not find dataconnect.yaml in `f:\React\Animation\Graduation-Project\dataconnect`
 {"metadata":{"emulator":{"name":"dataconnect"},"message":"E0521 05:25:10.087068   32040 watch.go:40] Failed to load config from \"f:\\\\React\\\\Animation\\\\Graduation-Project\\\\dataconnect\": could not find dataconnect.yaml in `f:\\React\\Animation\\Graduation-Project\\dataconnect`\n"}}
[debug] [2026-05-21T02:25:20.087Z] E0521 05:25:20.087287   32040 watch.go:40] Failed to load config from "f:\\React\\Animation\\Graduation-Project\\dataconnect": could not find dataconnect.yaml in `f:\React\Animation\Graduation-Project\dataconnect`
 {"metadata":{"emulator":{"name":"dataconnect"},"message":"E0521 05:25:20.087287   32040 watch.go:40] Failed to load config from \"f:\\\\React\\\\Animation\\\\Graduation-Project\\\\dataconnect\": could not find dataconnect.yaml in `f:\\React\\Animation\\Graduation-Project\\dataconnect`\n"}}
[debug] [2026-05-21T02:25:30.087Z] E0521 05:25:30.087009   32040 watch.go:40] Failed to load config from "f:\\React\\Animation\\Graduation-Project\\dataconnect": could not find dataconnect.yaml in `f:\React\Animation\Graduation-Project\dataconnect`
 {"metadata":{"emulator":{"name":"dataconnect"},"message":"E0521 05:25:30.087009   32040 watch.go:40] Failed to load config from \"f:\\\\React\\\\Animation\\\\Graduation-Project\\\\dataconnect\": could not find dataconnect.yaml in `f:\\React\\Animation\\Graduation-Project\\dataconnect`\n"}}
[debug] [2026-05-21T02:25:40.087Z] E0521 05:25:40.087246   32040 watch.go:116] watchAllDir unable to walk dir `f:\React\Animation\Graduation-Project\dataconnect`: GetFileAttributesEx f:\React\Animation\Graduation-Project\dataconnect: The system cannot find the file specified.
E0521 05:25:40.087246   32040 watch.go:40] Failed to load config from "f:\\React\\Animation\\Graduation-Project\\dataconnect": could not find dataconnect.yaml in `f:\React\Animation\Graduation-Project\dataconnect`
 {"metadata":{"emulator":{"name":"dataconnect"},"message":"E0521 05:25:40.087246   32040 watch.go:116] watchAllDir unable to walk dir `f:\\React\\Animation\\Graduation-Project\\dataconnect`: GetFileAttributesEx f:\\React\\Animation\\Graduation-Project\\dataconnect: The system cannot find the file specified.\nE0521 05:25:40.087246   32040 watch.go:40] Failed to load config from \"f:\\\\React\\\\Animation\\\\Graduation-Project\\\\dataconnect\": could not find dataconnect.yaml in `f:\\React\\Animation\\Graduation-Project\\dataconnect`\n"}}
[debug] [2026-05-21T02:25:50.087Z] E0521 05:25:50.087272   32040 watch.go:40] Failed to load config from "f:\\React\\Animation\\Graduation-Project\\dataconnect": could not find dataconnect.yaml in `f:\React\Animation\Graduation-Project\dataconnect`
 {"metadata":{"emulator":{"name":"dataconnect"},"message":"E0521 05:25:50.087272   32040 watch.go:40] Failed to load config from \"f:\\\\React\\\\Animation\\\\Graduation-Project\\\\dataconnect\": could not find dataconnect.yaml in `f:\\React\\Animation\\Graduation-Project\\dataconnect`\n"}}
[debug] [2026-05-21T02:26:00.087Z] E0521 05:26:00.087148   32040 watch.go:40] Failed to load config from "f:\\React\\Animation\\Graduation-Project\\dataconnect": could not find dataconnect.yaml in `f:\React\Animation\Graduation-Project\dataconnect`
 {"metadata":{"emulator":{"name":"dataconnect"},"message":"E0521 05:26:00.087148   32040 watch.go:40] Failed to load config from \"f:\\\\React\\\\Animation\\\\Graduation-Project\\\\dataconnect\": could not find dataconnect.yaml in `f:\\React\\Animation\\Graduation-Project\\dataconnect`\n"}}
[debug] [2026-05-21T02:26:10.087Z] E0521 05:26:10.087361   32040 watch.go:40] Failed to load config from "f:\\React\\Animation\\Graduation-Project\\dataconnect": could not find dataconnect.yaml in `f:\React\Animation\Graduation-Project\dataconnect`
 {"metadata":{"emulator":{"name":"dataconnect"},"message":"E0521 05:26:10.087361   32040 watch.go:40] Failed to load config from \"f:\\\\React\\\\Animation\\\\Graduation-Project\\\\dataconnect\": could not find dataconnect.yaml in `f:\\React\\Animation\\Graduation-Project\\dataconnect`\n"}}
[debug] [2026-05-21T02:26:20.087Z] E0521 05:26:20.087234   32040 watch.go:40] Failed to load config from "f:\\React\\Animation\\Graduation-Project\\dataconnect": could not find dataconnect.yaml in `f:\React\Animation\Graduation-Project\dataconnect`
 {"metadata":{"emulator":{"name":"dataconnect"},"message":"E0521 05:26:20.087234   32040 watch.go:40] Failed to load config from \"f:\\\\React\\\\Animation\\\\Graduation-Project\\\\dataconnect\": could not find dataconnect.yaml in `f:\\React\\Animation\\Graduation-Project\\dataconnect`\n"}}
[debug] [2026-05-21T02:26:30.087Z] E0521 05:26:30.087033   32040 watch.go:40] Failed to load config from "f:\\React\\Animation\\Graduation-Project\\dataconnect": could not find dataconnect.yaml in `f:\React\Animation\Graduation-Project\dataconnect`
 {"metadata":{"emulator":{"name":"dataconnect"},"message":"E0521 05:26:30.087033   32040 watch.go:40] Failed to load config from \"f:\\\\React\\\\Animation\\\\Graduation-Project\\\\dataconnect\": could not find dataconnect.yaml in `f:\\React\\Animation\\Graduation-Project\\dataconnect`\n"}}
[debug] [2026-05-21T02:26:40.087Z] E0521 05:26:40.087235   32040 watch.go:116] watchAllDir unable to walk dir `f:\React\Animation\Graduation-Project\dataconnect`: GetFileAttributesEx f:\React\Animation\Graduation-Project\dataconnect: The system cannot find the file specified.
E0521 05:26:40.087235   32040 watch.go:40] Failed to load config from "f:\\React\\Animation\\Graduation-Project\\dataconnect": could not find dataconnect.yaml in `f:\React\Animation\Graduation-Project\dataconnect`
 {"metadata":{"emulator":{"name":"dataconnect"},"message":"E0521 05:26:40.087235   32040 watch.go:116] watchAllDir unable to walk dir `f:\\React\\Animation\\Graduation-Project\\dataconnect`: GetFileAttributesEx f:\\React\\Animation\\Graduation-Project\\dataconnect: The system cannot find the file specified.\nE0521 05:26:40.087235   32040 watch.go:40] Failed to load config from \"f:\\\\React\\\\Animation\\\\Graduation-Project\\\\dataconnect\": could not find dataconnect.yaml in `f:\\React\\Animation\\Graduation-Project\\dataconnect`\n"}}
[debug] [2026-05-21T02:26:50.087Z] E0521 05:26:50.087294   32040 watch.go:40] Failed to load config from "f:\\React\\Animation\\Graduation-Project\\dataconnect": could not find dataconnect.yaml in `f:\React\Animation\Graduation-Project\dataconnect`
 {"metadata":{"emulator":{"name":"dataconnect"},"message":"E0521 05:26:50.087294   32040 watch.go:40] Failed to load config from \"f:\\\\React\\\\Animation\\\\Graduation-Project\\\\dataconnect\": could not find dataconnect.yaml in `f:\\React\\Animation\\Graduation-Project\\dataconnect`\n"}}
[debug] [2026-05-21T02:27:00.087Z] E0521 05:27:00.086944   32040 watch.go:40] Failed to load config from "f:\\React\\Animation\\Graduation-Project\\dataconnect": could not find dataconnect.yaml in `f:\React\Animation\Graduation-Project\dataconnect`
 {"metadata":{"emulator":{"name":"dataconnect"},"message":"E0521 05:27:00.086944   32040 watch.go:40] Failed to load config from \"f:\\\\React\\\\Animation\\\\Graduation-Project\\\\dataconnect\": could not find dataconnect.yaml in `f:\\React\\Animation\\Graduation-Project\\dataconnect`\n"}}
[debug] [2026-05-21T02:27:10.088Z] E0521 05:27:10.087388   32040 watch.go:40] Failed to load config from "f:\\React\\Animation\\Graduation-Project\\dataconnect": could not find dataconnect.yaml in `f:\React\Animation\Graduation-Project\dataconnect`
 {"metadata":{"emulator":{"name":"dataconnect"},"message":"E0521 05:27:10.087388   32040 watch.go:40] Failed to load config from \"f:\\\\React\\\\Animation\\\\Graduation-Project\\\\dataconnect\": could not find dataconnect.yaml in `f:\\React\\Animation\\Graduation-Project\\dataconnect`\n"}}
[debug] [2026-05-21T02:27:20.087Z] E0521 05:27:20.087323   32040 watch.go:40] Failed to load config from "f:\\React\\Animation\\Graduation-Project\\dataconnect": could not find dataconnect.yaml in `f:\React\Animation\Graduation-Project\dataconnect`
 {"metadata":{"emulator":{"name":"dataconnect"},"message":"E0521 05:27:20.087323   32040 watch.go:40] Failed to load config from \"f:\\\\React\\\\Animation\\\\Graduation-Project\\\\dataconnect\": could not find dataconnect.yaml in `f:\\React\\Animation\\Graduation-Project\\dataconnect`\n"}}
[debug] [2026-05-21T02:27:30.087Z] E0521 05:27:30.086894   32040 watch.go:40] Failed to load config from "f:\\React\\Animation\\Graduation-Project\\dataconnect": could not find dataconnect.yaml in `f:\React\Animation\Graduation-Project\dataconnect`
 {"metadata":{"emulator":{"name":"dataconnect"},"message":"E0521 05:27:30.086894   32040 watch.go:40] Failed to load config from \"f:\\\\React\\\\Animation\\\\Graduation-Project\\\\dataconnect\": could not find dataconnect.yaml in `f:\\React\\Animation\\Graduation-Project\\dataconnect`\n"}}
[debug] [2026-05-21T02:27:40.087Z] E0521 05:27:40.087155   32040 watch.go:116] watchAllDir unable to walk dir `f:\React\Animation\Graduation-Project\dataconnect`: GetFileAttributesEx f:\React\Animation\Graduation-Project\dataconnect: The system cannot find the file specified.
E0521 05:27:40.087155   32040 watch.go:40] Failed to load config from "f:\\React\\Animation\\Graduation-Project\\dataconnect": could not find dataconnect.yaml in `f:\React\Animation\Graduation-Project\dataconnect`
 {"metadata":{"emulator":{"name":"dataconnect"},"message":"E0521 05:27:40.087155   32040 watch.go:116] watchAllDir unable to walk dir `f:\\React\\Animation\\Graduation-Project\\dataconnect`: GetFileAttributesEx f:\\React\\Animation\\Graduation-Project\\dataconnect: The system cannot find the file specified.\nE0521 05:27:40.087155   32040 watch.go:40] Failed to load config from \"f:\\\\React\\\\Animation\\\\Graduation-Project\\\\dataconnect\": could not find dataconnect.yaml in `f:\\React\\Animation\\Graduation-Project\\dataconnect`\n"}}
[debug] [2026-05-21T02:27:50.087Z] E0521 05:27:50.087035   32040 watch.go:40] Failed to load config from "f:\\React\\Animation\\Graduation-Project\\dataconnect": could not find dataconnect.yaml in `f:\React\Animation\Graduation-Project\dataconnect`
 {"metadata":{"emulator":{"name":"dataconnect"},"message":"E0521 05:27:50.087035   32040 watch.go:40] Failed to load config from \"f:\\\\React\\\\Animation\\\\Graduation-Project\\\\dataconnect\": could not find dataconnect.yaml in `f:\\React\\Animation\\Graduation-Project\\dataconnect`\n"}}
[debug] [2026-05-21T02:28:00.087Z] E0521 05:28:00.087274   32040 watch.go:40] Failed to load config from "f:\\React\\Animation\\Graduation-Project\\dataconnect": could not find dataconnect.yaml in `f:\React\Animation\Graduation-Project\dataconnect`
 {"metadata":{"emulator":{"name":"dataconnect"},"message":"E0521 05:28:00.087274   32040 watch.go:40] Failed to load config from \"f:\\\\React\\\\Animation\\\\Graduation-Project\\\\dataconnect\": could not find dataconnect.yaml in `f:\\React\\Animation\\Graduation-Project\\dataconnect`\n"}}
[debug] [2026-05-21T02:28:10.087Z] E0521 05:28:10.087342   32040 watch.go:40] Failed to load config from "f:\\React\\Animation\\Graduation-Project\\dataconnect": could not find dataconnect.yaml in `f:\React\Animation\Graduation-Project\dataconnect`
 {"metadata":{"emulator":{"name":"dataconnect"},"message":"E0521 05:28:10.087342   32040 watch.go:40] Failed to load config from \"f:\\\\React\\\\Animation\\\\Graduation-Project\\\\dataconnect\": could not find dataconnect.yaml in `f:\\React\\Animation\\Graduation-Project\\dataconnect`\n"}}
[debug] [2026-05-21T02:28:20.086Z] E0521 05:28:20.086904   32040 watch.go:40] Failed to load config from "f:\\React\\Animation\\Graduation-Project\\dataconnect": could not find dataconnect.yaml in `f:\React\Animation\Graduation-Project\dataconnect`
 {"metadata":{"emulator":{"name":"dataconnect"},"message":"E0521 05:28:20.086904   32040 watch.go:40] Failed to load config from \"f:\\\\React\\\\Animation\\\\Graduation-Project\\\\dataconnect\": could not find dataconnect.yaml in `f:\\React\\Animation\\Graduation-Project\\dataconnect`\n"}}
[debug] [2026-05-21T02:28:30.086Z] E0521 05:28:30.087122   32040 watch.go:40] Failed to load config from "f:\\React\\Animation\\Graduation-Project\\dataconnect": could not find dataconnect.yaml in `f:\React\Animation\Graduation-Project\dataconnect`
 {"metadata":{"emulator":{"name":"dataconnect"},"message":"E0521 05:28:30.087122   32040 watch.go:40] Failed to load config from \"f:\\\\React\\\\Animation\\\\Graduation-Project\\\\dataconnect\": could not find dataconnect.yaml in `f:\\React\\Animation\\Graduation-Project\\dataconnect`\n"}}
[debug] [2026-05-21T02:28:40.086Z] E0521 05:28:40.087167   32040 watch.go:116] watchAllDir unable to walk dir `f:\React\Animation\Graduation-Project\dataconnect`: GetFileAttributesEx f:\React\Animation\Graduation-Project\dataconnect: The system cannot find the file specified.
 {"metadata":{"emulator":{"name":"dataconnect"},"message":"E0521 05:28:40.087167   32040 watch.go:116] watchAllDir unable to walk dir `f:\\React\\Animation\\Graduation-Project\\dataconnect`: GetFileAttributesEx f:\\React\\Animation\\Graduation-Project\\dataconnect: The system cannot find the file specified.\n"}}
[debug] [2026-05-21T02:28:40.087Z] E0521 05:28:40.087167   32040 watch.go:40] Failed to load config from "f:\\React\\Animation\\Graduation-Project\\dataconnect": could not find dataconnect.yaml in `f:\React\Animation\Graduation-Project\dataconnect`
 {"metadata":{"emulator":{"name":"dataconnect"},"message":"E0521 05:28:40.087167   32040 watch.go:40] Failed to load config from \"f:\\\\React\\\\Animation\\\\Graduation-Project\\\\dataconnect\": could not find dataconnect.yaml in `f:\\React\\Animation\\Graduation-Project\\dataconnect`\n"}}
[debug] [2026-05-21T02:28:50.086Z] E0521 05:28:50.087150   32040 watch.go:40] Failed to load config from "f:\\React\\Animation\\Graduation-Project\\dataconnect": could not find dataconnect.yaml in `f:\React\Animation\Graduation-Project\dataconnect`
 {"metadata":{"emulator":{"name":"dataconnect"},"message":"E0521 05:28:50.087150   32040 watch.go:40] Failed to load config from \"f:\\\\React\\\\Animation\\\\Graduation-Project\\\\dataconnect\": could not find dataconnect.yaml in `f:\\React\\Animation\\Graduation-Project\\dataconnect`\n"}}
[debug] [2026-05-21T02:29:00.086Z] E0521 05:29:00.087008   32040 watch.go:40] Failed to load config from "f:\\React\\Animation\\Graduation-Project\\dataconnect": could not find dataconnect.yaml in `f:\React\Animation\Graduation-Project\dataconnect`
 {"metadata":{"emulator":{"name":"dataconnect"},"message":"E0521 05:29:00.087008   32040 watch.go:40] Failed to load config from \"f:\\\\React\\\\Animation\\\\Graduation-Project\\\\dataconnect\": could not find dataconnect.yaml in `f:\\React\\Animation\\Graduation-Project\\dataconnect`\n"}}
[debug] [2026-05-21T02:29:10.087Z] E0521 05:29:10.087387   32040 watch.go:40] Failed to load config from "f:\\React\\Animation\\Graduation-Project\\dataconnect": could not find dataconnect.yaml in `f:\React\Animation\Graduation-Project\dataconnect`
 {"metadata":{"emulator":{"name":"dataconnect"},"message":"E0521 05:29:10.087387   32040 watch.go:40] Failed to load config from \"f:\\\\React\\\\Animation\\\\Graduation-Project\\\\dataconnect\": could not find dataconnect.yaml in `f:\\React\\Animation\\Graduation-Project\\dataconnect`\n"}}
[debug] [2026-05-21T02:29:20.087Z] E0521 05:29:20.087210   32040 watch.go:40] Failed to load config from "f:\\React\\Animation\\Graduation-Project\\dataconnect": could not find dataconnect.yaml in `f:\React\Animation\Graduation-Project\dataconnect`
 {"metadata":{"emulator":{"name":"dataconnect"},"message":"E0521 05:29:20.087210   32040 watch.go:40] Failed to load config from \"f:\\\\React\\\\Animation\\\\Graduation-Project\\\\dataconnect\": could not find dataconnect.yaml in `f:\\React\\Animation\\Graduation-Project\\dataconnect`\n"}}
[debug] [2026-05-21T02:29:30.086Z] E0521 05:29:30.087077   32040 watch.go:40] Failed to load config from "f:\\React\\Animation\\Graduation-Project\\dataconnect": could not find dataconnect.yaml in `f:\React\Animation\Graduation-Project\dataconnect`
 {"metadata":{"emulator":{"name":"dataconnect"},"message":"E0521 05:29:30.087077   32040 watch.go:40] Failed to load config from \"f:\\\\React\\\\Animation\\\\Graduation-Project\\\\dataconnect\": could not find dataconnect.yaml in `f:\\React\\Animation\\Graduation-Project\\dataconnect`\n"}}
[debug] [2026-05-21T02:29:40.087Z] E0521 05:29:40.087073   32040 watch.go:116] watchAllDir unable to walk dir `f:\React\Animation\Graduation-Project\dataconnect`: GetFileAttributesEx f:\React\Animation\Graduation-Project\dataconnect: The system cannot find the file specified.
E0521 05:29:40.087073   32040 watch.go:40] Failed to load config from "f:\\React\\Animation\\Graduation-Project\\dataconnect": could not find dataconnect.yaml in `f:\React\Animation\Graduation-Project\dataconnect`
 {"metadata":{"emulator":{"name":"dataconnect"},"message":"E0521 05:29:40.087073   32040 watch.go:116] watchAllDir unable to walk dir `f:\\React\\Animation\\Graduation-Project\\dataconnect`: GetFileAttributesEx f:\\React\\Animation\\Graduation-Project\\dataconnect: The system cannot find the file specified.\nE0521 05:29:40.087073   32040 watch.go:40] Failed to load config from \"f:\\\\React\\\\Animation\\\\Graduation-Project\\\\dataconnect\": could not find dataconnect.yaml in `f:\\React\\Animation\\Graduation-Project\\dataconnect`\n"}}
[debug] [2026-05-21T02:29:50.087Z] E0521 05:29:50.087351   32040 watch.go:40] Failed to load config from "f:\\React\\Animation\\Graduation-Project\\dataconnect": could not find dataconnect.yaml in `f:\React\Animation\Graduation-Project\dataconnect`
 {"metadata":{"emulator":{"name":"dataconnect"},"message":"E0521 05:29:50.087351   32040 watch.go:40] Failed to load config from \"f:\\\\React\\\\Animation\\\\Graduation-Project\\\\dataconnect\": could not find dataconnect.yaml in `f:\\React\\Animation\\Graduation-Project\\dataconnect`\n"}}
[debug] [2026-05-21T02:30:00.087Z] E0521 05:30:00.087372   32040 watch.go:40] Failed to load config from "f:\\React\\Animation\\Graduation-Project\\dataconnect": could not find dataconnect.yaml in `f:\React\Animation\Graduation-Project\dataconnect`
 {"metadata":{"emulator":{"name":"dataconnect"},"message":"E0521 05:30:00.087372   32040 watch.go:40] Failed to load config from \"f:\\\\React\\\\Animation\\\\Graduation-Project\\\\dataconnect\": could not find dataconnect.yaml in `f:\\React\\Animation\\Graduation-Project\\dataconnect`\n"}}
[debug] [2026-05-21T02:30:10.088Z] E0521 05:30:10.087117   32040 watch.go:40] Failed to load config from "f:\\React\\Animation\\Graduation-Project\\dataconnect": could not find dataconnect.yaml in `f:\React\Animation\Graduation-Project\dataconnect`
 {"metadata":{"emulator":{"name":"dataconnect"},"message":"E0521 05:30:10.087117   32040 watch.go:40] Failed to load config from \"f:\\\\React\\\\Animation\\\\Graduation-Project\\\\dataconnect\": could not find dataconnect.yaml in `f:\\React\\Animation\\Graduation-Project\\dataconnect`\n"}}
[debug] [2026-05-21T02:30:20.087Z] E0521 05:30:20.087407   32040 watch.go:40] Failed to load config from "f:\\React\\Animation\\Graduation-Project\\dataconnect": could not find dataconnect.yaml in `f:\React\Animation\Graduation-Project\dataconnect`
 {"metadata":{"emulator":{"name":"dataconnect"},"message":"E0521 05:30:20.087407   32040 watch.go:40] Failed to load config from \"f:\\\\React\\\\Animation\\\\Graduation-Project\\\\dataconnect\": could not find dataconnect.yaml in `f:\\React\\Animation\\Graduation-Project\\dataconnect`\n"}}
[debug] [2026-05-21T02:30:30.087Z] E0521 05:30:30.087361   32040 watch.go:40] Failed to load config from "f:\\React\\Animation\\Graduation-Project\\dataconnect": could not find dataconnect.yaml in `f:\React\Animation\Graduation-Project\dataconnect`
 {"metadata":{"emulator":{"name":"dataconnect"},"message":"E0521 05:30:30.087361   32040 watch.go:40] Failed to load config from \"f:\\\\React\\\\Animation\\\\Graduation-Project\\\\dataconnect\": could not find dataconnect.yaml in `f:\\React\\Animation\\Graduation-Project\\dataconnect`\n"}}
[debug] [2026-05-21T02:30:40.087Z] E0521 05:30:40.087131   32040 watch.go:116] watchAllDir unable to walk dir `f:\React\Animation\Graduation-Project\dataconnect`: GetFileAttributesEx f:\React\Animation\Graduation-Project\dataconnect: The system cannot find the file specified.
E0521 05:30:40.087131   32040 watch.go:40] Failed to load config from "f:\\React\\Animation\\Graduation-Project\\dataconnect": could not find dataconnect.yaml in `f:\React\Animation\Graduation-Project\dataconnect`
 {"metadata":{"emulator":{"name":"dataconnect"},"message":"E0521 05:30:40.087131   32040 watch.go:116] watchAllDir unable to walk dir `f:\\React\\Animation\\Graduation-Project\\dataconnect`: GetFileAttributesEx f:\\React\\Animation\\Graduation-Project\\dataconnect: The system cannot find the file specified.\nE0521 05:30:40.087131   32040 watch.go:40] Failed to load config from \"f:\\\\React\\\\Animation\\\\Graduation-Project\\\\dataconnect\": could not find dataconnect.yaml in `f:\\React\\Animation\\Graduation-Project\\dataconnect`\n"}}
[debug] [2026-05-21T02:30:50.087Z] E0521 05:30:50.087337   32040 watch.go:40] Failed to load config from "f:\\React\\Animation\\Graduation-Project\\dataconnect": could not find dataconnect.yaml in `f:\React\Animation\Graduation-Project\dataconnect`
 {"metadata":{"emulator":{"name":"dataconnect"},"message":"E0521 05:30:50.087337   32040 watch.go:40] Failed to load config from \"f:\\\\React\\\\Animation\\\\Graduation-Project\\\\dataconnect\": could not find dataconnect.yaml in `f:\\React\\Animation\\Graduation-Project\\dataconnect`\n"}}
[debug] [2026-05-21T02:31:00.087Z] E0521 05:31:00.087511   32040 watch.go:40] Failed to load config from "f:\\React\\Animation\\Graduation-Project\\dataconnect": could not find dataconnect.yaml in `f:\React\Animation\Graduation-Project\dataconnect`
 {"metadata":{"emulator":{"name":"dataconnect"},"message":"E0521 05:31:00.087511   32040 watch.go:40] Failed to load config from \"f:\\\\React\\\\Animation\\\\Graduation-Project\\\\dataconnect\": could not find dataconnect.yaml in `f:\\React\\Animation\\Graduation-Project\\dataconnect`\n"}}
[debug] [2026-05-21T02:31:10.087Z] E0521 05:31:10.087169   32040 watch.go:40] Failed to load config from "f:\\React\\Animation\\Graduation-Project\\dataconnect": could not find dataconnect.yaml in `f:\React\Animation\Graduation-Project\dataconnect`
 {"metadata":{"emulator":{"name":"dataconnect"},"message":"E0521 05:31:10.087169   32040 watch.go:40] Failed to load config from \"f:\\\\React\\\\Animation\\\\Graduation-Project\\\\dataconnect\": could not find dataconnect.yaml in `f:\\React\\Animation\\Graduation-Project\\dataconnect`\n"}}
[debug] [2026-05-21T02:31:20.087Z] E0521 05:31:20.087367   32040 watch.go:40] Failed to load config from "f:\\React\\Animation\\Graduation-Project\\dataconnect": could not find dataconnect.yaml in `f:\React\Animation\Graduation-Project\dataconnect`
 {"metadata":{"emulator":{"name":"dataconnect"},"message":"E0521 05:31:20.087367   32040 watch.go:40] Failed to load config from \"f:\\\\React\\\\Animation\\\\Graduation-Project\\\\dataconnect\": could not find dataconnect.yaml in `f:\\React\\Animation\\Graduation-Project\\dataconnect`\n"}}
[debug] [2026-05-21T02:31:30.087Z] E0521 05:31:30.087011   32040 watch.go:40] Failed to load config from "f:\\React\\Animation\\Graduation-Project\\dataconnect": could not find dataconnect.yaml in `f:\React\Animation\Graduation-Project\dataconnect`
 {"metadata":{"emulator":{"name":"dataconnect"},"message":"E0521 05:31:30.087011   32040 watch.go:40] Failed to load config from \"f:\\\\React\\\\Animation\\\\Graduation-Project\\\\dataconnect\": could not find dataconnect.yaml in `f:\\React\\Animation\\Graduation-Project\\dataconnect`\n"}}
[debug] [2026-05-21T02:31:40.087Z] E0521 05:31:40.087004   32040 watch.go:116] watchAllDir unable to walk dir `f:\React\Animation\Graduation-Project\dataconnect`: GetFileAttributesEx f:\React\Animation\Graduation-Project\dataconnect: The system cannot find the file specified.
 {"metadata":{"emulator":{"name":"dataconnect"},"message":"E0521 05:31:40.087004   32040 watch.go:116] watchAllDir unable to walk dir `f:\\React\\Animation\\Graduation-Project\\dataconnect`: GetFileAttributesEx f:\\React\\Animation\\Graduation-Project\\dataconnect: The system cannot find the file specified.\n"}}
[debug] [2026-05-21T02:31:40.087Z] E0521 05:31:40.087004   32040 watch.go:40] Failed to load config from "f:\\React\\Animation\\Graduation-Project\\dataconnect": could not find dataconnect.yaml in `f:\React\Animation\Graduation-Project\dataconnect`
 {"metadata":{"emulator":{"name":"dataconnect"},"message":"E0521 05:31:40.087004   32040 watch.go:40] Failed to load config from \"f:\\\\React\\\\Animation\\\\Graduation-Project\\\\dataconnect\": could not find dataconnect.yaml in `f:\\React\\Animation\\Graduation-Project\\dataconnect`\n"}}
[debug] [2026-05-21T02:31:50.087Z] E0521 05:31:50.087197   32040 watch.go:40] Failed to load config from "f:\\React\\Animation\\Graduation-Project\\dataconnect": could not find dataconnect.yaml in `f:\React\Animation\Graduation-Project\dataconnect`
 {"metadata":{"emulator":{"name":"dataconnect"},"message":"E0521 05:31:50.087197   32040 watch.go:40] Failed to load config from \"f:\\\\React\\\\Animation\\\\Graduation-Project\\\\dataconnect\": could not find dataconnect.yaml in `f:\\React\\Animation\\Graduation-Project\\dataconnect`\n"}}
[debug] [2026-05-21T02:32:00.087Z] E0521 05:32:00.087400   32040 watch.go:40] Failed to load config from "f:\\React\\Animation\\Graduation-Project\\dataconnect": could not find dataconnect.yaml in `f:\React\Animation\Graduation-Project\dataconnect`
 {"metadata":{"emulator":{"name":"dataconnect"},"message":"E0521 05:32:00.087400   32040 watch.go:40] Failed to load config from \"f:\\\\React\\\\Animation\\\\Graduation-Project\\\\dataconnect\": could not find dataconnect.yaml in `f:\\React\\Animation\\Graduation-Project\\dataconnect`\n"}}
[debug] [2026-05-21T02:32:10.087Z] E0521 05:32:10.087015   32040 watch.go:40] Failed to load config from "f:\\React\\Animation\\Graduation-Project\\dataconnect": could not find dataconnect.yaml in `f:\React\Animation\Graduation-Project\dataconnect`
 {"metadata":{"emulator":{"name":"dataconnect"},"message":"E0521 05:32:10.087015   32040 watch.go:40] Failed to load config from \"f:\\\\React\\\\Animation\\\\Graduation-Project\\\\dataconnect\": could not find dataconnect.yaml in `f:\\React\\Animation\\Graduation-Project\\dataconnect`\n"}}
[debug] [2026-05-21T02:32:20.087Z] E0521 05:32:20.087436   32040 watch.go:40] Failed to load config from "f:\\React\\Animation\\Graduation-Project\\dataconnect": could not find dataconnect.yaml in `f:\React\Animation\Graduation-Project\dataconnect`
 {"metadata":{"emulator":{"name":"dataconnect"},"message":"E0521 05:32:20.087436   32040 watch.go:40] Failed to load config from \"f:\\\\React\\\\Animation\\\\Graduation-Project\\\\dataconnect\": could not find dataconnect.yaml in `f:\\React\\Animation\\Graduation-Project\\dataconnect`\n"}}
[debug] [2026-05-21T02:32:30.087Z] E0521 05:32:30.087126   32040 watch.go:40] Failed to load config from "f:\\React\\Animation\\Graduation-Project\\dataconnect": could not find dataconnect.yaml in `f:\React\Animation\Graduation-Project\dataconnect`
 {"metadata":{"emulator":{"name":"dataconnect"},"message":"E0521 05:32:30.087126   32040 watch.go:40] Failed to load config from \"f:\\\\React\\\\Animation\\\\Graduation-Project\\\\dataconnect\": could not find dataconnect.yaml in `f:\\React\\Animation\\Graduation-Project\\dataconnect`\n"}}
[debug] [2026-05-21T02:32:40.087Z] E0521 05:32:40.087285   32040 watch.go:116] watchAllDir unable to walk dir `f:\React\Animation\Graduation-Project\dataconnect`: GetFileAttributesEx f:\React\Animation\Graduation-Project\dataconnect: The system cannot find the file specified.
E0521 05:32:40.087285   32040 watch.go:40] Failed to load config from "f:\\React\\Animation\\Graduation-Project\\dataconnect": could not find dataconnect.yaml in `f:\React\Animation\Graduation-Project\dataconnect`
 {"metadata":{"emulator":{"name":"dataconnect"},"message":"E0521 05:32:40.087285   32040 watch.go:116] watchAllDir unable to walk dir `f:\\React\\Animation\\Graduation-Project\\dataconnect`: GetFileAttributesEx f:\\React\\Animation\\Graduation-Project\\dataconnect: The system cannot find the file specified.\nE0521 05:32:40.087285   32040 watch.go:40] Failed to load config from \"f:\\\\React\\\\Animation\\\\Graduation-Project\\\\dataconnect\": could not find dataconnect.yaml in `f:\\React\\Animation\\Graduation-Project\\dataconnect`\n"}}
[debug] [2026-05-21T02:32:50.087Z] E0521 05:32:50.087011   32040 watch.go:40] Failed to load config from "f:\\React\\Animation\\Graduation-Project\\dataconnect": could not find dataconnect.yaml in `f:\React\Animation\Graduation-Project\dataconnect`
 {"metadata":{"emulator":{"name":"dataconnect"},"message":"E0521 05:32:50.087011   32040 watch.go:40] Failed to load config from \"f:\\\\React\\\\Animation\\\\Graduation-Project\\\\dataconnect\": could not find dataconnect.yaml in `f:\\React\\Animation\\Graduation-Project\\dataconnect`\n"}}
[debug] [2026-05-21T02:33:00.087Z] E0521 05:33:00.087017   32040 watch.go:40] Failed to load config from "f:\\React\\Animation\\Graduation-Project\\dataconnect": could not find dataconnect.yaml in `f:\React\Animation\Graduation-Project\dataconnect`
 {"metadata":{"emulator":{"name":"dataconnect"},"message":"E0521 05:33:00.087017   32040 watch.go:40] Failed to load config from \"f:\\\\React\\\\Animation\\\\Graduation-Project\\\\dataconnect\": could not find dataconnect.yaml in `f:\\React\\Animation\\Graduation-Project\\dataconnect`\n"}}
[debug] [2026-05-21T02:33:10.087Z] E0521 05:33:10.087095   32040 watch.go:40] Failed to load config from "f:\\React\\Animation\\Graduation-Project\\dataconnect": could not find dataconnect.yaml in `f:\React\Animation\Graduation-Project\dataconnect`
 {"metadata":{"emulator":{"name":"dataconnect"},"message":"E0521 05:33:10.087095   32040 watch.go:40] Failed to load config from \"f:\\\\React\\\\Animation\\\\Graduation-Project\\\\dataconnect\": could not find dataconnect.yaml in `f:\\React\\Animation\\Graduation-Project\\dataconnect`\n"}}
[debug] [2026-05-21T02:33:20.087Z] E0521 05:33:20.087392   32040 watch.go:40] Failed to load config from "f:\\React\\Animation\\Graduation-Project\\dataconnect": could not find dataconnect.yaml in `f:\React\Animation\Graduation-Project\dataconnect`
 {"metadata":{"emulator":{"name":"dataconnect"},"message":"E0521 05:33:20.087392   32040 watch.go:40] Failed to load config from \"f:\\\\React\\\\Animation\\\\Graduation-Project\\\\dataconnect\": could not find dataconnect.yaml in `f:\\React\\Animation\\Graduation-Project\\dataconnect`\n"}}
[debug] [2026-05-21T02:33:30.087Z] E0521 05:33:30.087293   32040 watch.go:40] Failed to load config from "f:\\React\\Animation\\Graduation-Project\\dataconnect": could not find dataconnect.yaml in `f:\React\Animation\Graduation-Project\dataconnect`
 {"metadata":{"emulator":{"name":"dataconnect"},"message":"E0521 05:33:30.087293   32040 watch.go:40] Failed to load config from \"f:\\\\React\\\\Animation\\\\Graduation-Project\\\\dataconnect\": could not find dataconnect.yaml in `f:\\React\\Animation\\Graduation-Project\\dataconnect`\n"}}
[debug] [2026-05-21T02:33:40.086Z] E0521 05:33:40.087089   32040 watch.go:116] watchAllDir unable to walk dir `f:\React\Animation\Graduation-Project\dataconnect`: GetFileAttributesEx f:\React\Animation\Graduation-Project\dataconnect: The system cannot find the file specified.
E0521 05:33:40.087089   32040 watch.go:40] Failed to load config from "f:\\React\\Animation\\Graduation-Project\\dataconnect": could not find dataconnect.yaml in `f:\React\Animation\Graduation-Project\dataconnect`
 {"metadata":{"emulator":{"name":"dataconnect"},"message":"E0521 05:33:40.087089   32040 watch.go:116] watchAllDir unable to walk dir `f:\\React\\Animation\\Graduation-Project\\dataconnect`: GetFileAttributesEx f:\\React\\Animation\\Graduation-Project\\dataconnect: The system cannot find the file specified.\nE0521 05:33:40.087089   32040 watch.go:40] Failed to load config from \"f:\\\\React\\\\Animation\\\\Graduation-Project\\\\dataconnect\": could not find dataconnect.yaml in `f:\\React\\Animation\\Graduation-Project\\dataconnect`\n"}}
[debug] [2026-05-21T02:33:50.087Z] E0521 05:33:50.087549   32040 watch.go:40] Failed to load config from "f:\\React\\Animation\\Graduation-Project\\dataconnect": could not find dataconnect.yaml in `f:\React\Animation\Graduation-Project\dataconnect`
 {"metadata":{"emulator":{"name":"dataconnect"},"message":"E0521 05:33:50.087549   32040 watch.go:40] Failed to load config from \"f:\\\\React\\\\Animation\\\\Graduation-Project\\\\dataconnect\": could not find dataconnect.yaml in `f:\\React\\Animation\\Graduation-Project\\dataconnect`\n"}}
[debug] [2026-05-21T02:34:00.087Z] E0521 05:34:00.087415   32040 watch.go:40] Failed to load config from "f:\\React\\Animation\\Graduation-Project\\dataconnect": could not find dataconnect.yaml in `f:\React\Animation\Graduation-Project\dataconnect`
 {"metadata":{"emulator":{"name":"dataconnect"},"message":"E0521 05:34:00.087415   32040 watch.go:40] Failed to load config from \"f:\\\\React\\\\Animation\\\\Graduation-Project\\\\dataconnect\": could not find dataconnect.yaml in `f:\\React\\Animation\\Graduation-Project\\dataconnect`\n"}}
[debug] [2026-05-21T02:34:10.087Z] E0521 05:34:10.087277   32040 watch.go:40] Failed to load config from "f:\\React\\Animation\\Graduation-Project\\dataconnect": could not find dataconnect.yaml in `f:\React\Animation\Graduation-Project\dataconnect`
 {"metadata":{"emulator":{"name":"dataconnect"},"message":"E0521 05:34:10.087277   32040 watch.go:40] Failed to load config from \"f:\\\\React\\\\Animation\\\\Graduation-Project\\\\dataconnect\": could not find dataconnect.yaml in `f:\\React\\Animation\\Graduation-Project\\dataconnect`\n"}}
[debug] [2026-05-21T02:34:20.087Z] E0521 05:34:20.087050   32040 watch.go:40] Failed to load config from "f:\\React\\Animation\\Graduation-Project\\dataconnect": could not find dataconnect.yaml in `f:\React\Animation\Graduation-Project\dataconnect`
 {"metadata":{"emulator":{"name":"dataconnect"},"message":"E0521 05:34:20.087050   32040 watch.go:40] Failed to load config from \"f:\\\\React\\\\Animation\\\\Graduation-Project\\\\dataconnect\": could not find dataconnect.yaml in `f:\\React\\Animation\\Graduation-Project\\dataconnect`\n"}}
[debug] [2026-05-21T02:34:30.087Z] E0521 05:34:30.087372   32040 watch.go:40] Failed to load config from "f:\\React\\Animation\\Graduation-Project\\dataconnect": could not find dataconnect.yaml in `f:\React\Animation\Graduation-Project\dataconnect`
 {"metadata":{"emulator":{"name":"dataconnect"},"message":"E0521 05:34:30.087372   32040 watch.go:40] Failed to load config from \"f:\\\\React\\\\Animation\\\\Graduation-Project\\\\dataconnect\": could not find dataconnect.yaml in `f:\\React\\Animation\\Graduation-Project\\dataconnect`\n"}}
[debug] [2026-05-21T02:34:40.087Z] E0521 05:34:40.087041   32040 watch.go:116] watchAllDir unable to walk dir `f:\React\Animation\Graduation-Project\dataconnect`: GetFileAttributesEx f:\React\Animation\Graduation-Project\dataconnect: The system cannot find the file specified.
 {"metadata":{"emulator":{"name":"dataconnect"},"message":"E0521 05:34:40.087041   32040 watch.go:116] watchAllDir unable to walk dir `f:\\React\\Animation\\Graduation-Project\\dataconnect`: GetFileAttributesEx f:\\React\\Animation\\Graduation-Project\\dataconnect: The system cannot find the file specified.\n"}}
[debug] [2026-05-21T02:34:40.088Z] E0521 05:34:40.087041   32040 watch.go:40] Failed to load config from "f:\\React\\Animation\\Graduation-Project\\dataconnect": could not find dataconnect.yaml in `f:\React\Animation\Graduation-Project\dataconnect`
 {"metadata":{"emulator":{"name":"dataconnect"},"message":"E0521 05:34:40.087041   32040 watch.go:40] Failed to load config from \"f:\\\\React\\\\Animation\\\\Graduation-Project\\\\dataconnect\": could not find dataconnect.yaml in `f:\\React\\Animation\\Graduation-Project\\dataconnect`\n"}}
[debug] [2026-05-21T02:34:50.087Z] E0521 05:34:50.087066   32040 watch.go:40] Failed to load config from "f:\\React\\Animation\\Graduation-Project\\dataconnect": could not find dataconnect.yaml in `f:\React\Animation\Graduation-Project\dataconnect`
 {"metadata":{"emulator":{"name":"dataconnect"},"message":"E0521 05:34:50.087066   32040 watch.go:40] Failed to load config from \"f:\\\\React\\\\Animation\\\\Graduation-Project\\\\dataconnect\": could not find dataconnect.yaml in `f:\\React\\Animation\\Graduation-Project\\dataconnect`\n"}}
[debug] [2026-05-21T02:35:00.087Z] E0521 05:35:00.087109   32040 watch.go:40] Failed to load config from "f:\\React\\Animation\\Graduation-Project\\dataconnect": could not find dataconnect.yaml in `f:\React\Animation\Graduation-Project\dataconnect`
 {"metadata":{"emulator":{"name":"dataconnect"},"message":"E0521 05:35:00.087109   32040 watch.go:40] Failed to load config from \"f:\\\\React\\\\Animation\\\\Graduation-Project\\\\dataconnect\": could not find dataconnect.yaml in `f:\\React\\Animation\\Graduation-Project\\dataconnect`\n"}}
[debug] [2026-05-21T02:35:10.087Z] E0521 05:35:10.087400   32040 watch.go:40] Failed to load config from "f:\\React\\Animation\\Graduation-Project\\dataconnect": could not find dataconnect.yaml in `f:\React\Animation\Graduation-Project\dataconnect`
 {"metadata":{"emulator":{"name":"dataconnect"},"message":"E0521 05:35:10.087400   32040 watch.go:40] Failed to load config from \"f:\\\\React\\\\Animation\\\\Graduation-Project\\\\dataconnect\": could not find dataconnect.yaml in `f:\\React\\Animation\\Graduation-Project\\dataconnect`\n"}}
[debug] [2026-05-21T02:35:20.087Z] E0521 05:35:20.087164   32040 watch.go:40] Failed to load config from "f:\\React\\Animation\\Graduation-Project\\dataconnect": could not find dataconnect.yaml in `f:\React\Animation\Graduation-Project\dataconnect`
 {"metadata":{"emulator":{"name":"dataconnect"},"message":"E0521 05:35:20.087164   32040 watch.go:40] Failed to load config from \"f:\\\\React\\\\Animation\\\\Graduation-Project\\\\dataconnect\": could not find dataconnect.yaml in `f:\\React\\Animation\\Graduation-Project\\dataconnect`\n"}}
[debug] [2026-05-21T02:35:30.087Z] E0521 05:35:30.087174   32040 watch.go:40] Failed to load config from "f:\\React\\Animation\\Graduation-Project\\dataconnect": could not find dataconnect.yaml in `f:\React\Animation\Graduation-Project\dataconnect`
 {"metadata":{"emulator":{"name":"dataconnect"},"message":"E0521 05:35:30.087174   32040 watch.go:40] Failed to load config from \"f:\\\\React\\\\Animation\\\\Graduation-Project\\\\dataconnect\": could not find dataconnect.yaml in `f:\\React\\Animation\\Graduation-Project\\dataconnect`\n"}}
[debug] [2026-05-21T02:35:40.087Z] E0521 05:35:40.086974   32040 watch.go:116] watchAllDir unable to walk dir `f:\React\Animation\Graduation-Project\dataconnect`: GetFileAttributesEx f:\React\Animation\Graduation-Project\dataconnect: The system cannot find the file specified.
 {"metadata":{"emulator":{"name":"dataconnect"},"message":"E0521 05:35:40.086974   32040 watch.go:116] watchAllDir unable to walk dir `f:\\React\\Animation\\Graduation-Project\\dataconnect`: GetFileAttributesEx f:\\React\\Animation\\Graduation-Project\\dataconnect: The system cannot find the file specified.\n"}}
[debug] [2026-05-21T02:35:40.091Z] E0521 05:35:40.086974   32040 watch.go:40] Failed to load config from "f:\\React\\Animation\\Graduation-Project\\dataconnect": could not find dataconnect.yaml in `f:\React\Animation\Graduation-Project\dataconnect`
 {"metadata":{"emulator":{"name":"dataconnect"},"message":"E0521 05:35:40.086974   32040 watch.go:40] Failed to load config from \"f:\\\\React\\\\Animation\\\\Graduation-Project\\\\dataconnect\": could not find dataconnect.yaml in `f:\\React\\Animation\\Graduation-Project\\dataconnect`\n"}}
[debug] [2026-05-21T02:35:50.087Z] E0521 05:35:50.087428   32040 watch.go:40] Failed to load config from "f:\\React\\Animation\\Graduation-Project\\dataconnect": could not find dataconnect.yaml in `f:\React\Animation\Graduation-Project\dataconnect`
 {"metadata":{"emulator":{"name":"dataconnect"},"message":"E0521 05:35:50.087428   32040 watch.go:40] Failed to load config from \"f:\\\\React\\\\Animation\\\\Graduation-Project\\\\dataconnect\": could not find dataconnect.yaml in `f:\\React\\Animation\\Graduation-Project\\dataconnect`\n"}}
[debug] [2026-05-21T02:36:00.087Z] E0521 05:36:00.087178   32040 watch.go:40] Failed to load config from "f:\\React\\Animation\\Graduation-Project\\dataconnect": could not find dataconnect.yaml in `f:\React\Animation\Graduation-Project\dataconnect`
 {"metadata":{"emulator":{"name":"dataconnect"},"message":"E0521 05:36:00.087178   32040 watch.go:40] Failed to load config from \"f:\\\\React\\\\Animation\\\\Graduation-Project\\\\dataconnect\": could not find dataconnect.yaml in `f:\\React\\Animation\\Graduation-Project\\dataconnect`\n"}}
[debug] [2026-05-21T02:36:10.087Z] E0521 05:36:10.087476   32040 watch.go:40] Failed to load config from "f:\\React\\Animation\\Graduation-Project\\dataconnect": could not find dataconnect.yaml in `f:\React\Animation\Graduation-Project\dataconnect`
 {"metadata":{"emulator":{"name":"dataconnect"},"message":"E0521 05:36:10.087476   32040 watch.go:40] Failed to load config from \"f:\\\\React\\\\Animation\\\\Graduation-Project\\\\dataconnect\": could not find dataconnect.yaml in `f:\\React\\Animation\\Graduation-Project\\dataconnect`\n"}}
[debug] [2026-05-21T02:36:20.086Z] E0521 05:36:20.087056   32040 watch.go:40] Failed to load config from "f:\\React\\Animation\\Graduation-Project\\dataconnect": could not find dataconnect.yaml in `f:\React\Animation\Graduation-Project\dataconnect`
 {"metadata":{"emulator":{"name":"dataconnect"},"message":"E0521 05:36:20.087056   32040 watch.go:40] Failed to load config from \"f:\\\\React\\\\Animation\\\\Graduation-Project\\\\dataconnect\": could not find dataconnect.yaml in `f:\\React\\Animation\\Graduation-Project\\dataconnect`\n"}}
[debug] [2026-05-21T02:36:30.086Z] E0521 05:36:30.087283   32040 watch.go:40] Failed to load config from "f:\\React\\Animation\\Graduation-Project\\dataconnect": could not find dataconnect.yaml in `f:\React\Animation\Graduation-Project\dataconnect`
 {"metadata":{"emulator":{"name":"dataconnect"},"message":"E0521 05:36:30.087283   32040 watch.go:40] Failed to load config from \"f:\\\\React\\\\Animation\\\\Graduation-Project\\\\dataconnect\": could not find dataconnect.yaml in `f:\\React\\Animation\\Graduation-Project\\dataconnect`\n"}}
[debug] [2026-05-21T02:36:40.086Z] E0521 05:36:40.087177   32040 watch.go:116] watchAllDir unable to walk dir `f:\React\Animation\Graduation-Project\dataconnect`: GetFileAttributesEx f:\React\Animation\Graduation-Project\dataconnect: The system cannot find the file specified.
E0521 05:36:40.087177   32040 watch.go:40] Failed to load config from "f:\\React\\Animation\\Graduation-Project\\dataconnect": could not find dataconnect.yaml in `f:\React\Animation\Graduation-Project\dataconnect`
 {"metadata":{"emulator":{"name":"dataconnect"},"message":"E0521 05:36:40.087177   32040 watch.go:116] watchAllDir unable to walk dir `f:\\React\\Animation\\Graduation-Project\\dataconnect`: GetFileAttributesEx f:\\React\\Animation\\Graduation-Project\\dataconnect: The system cannot find the file specified.\nE0521 05:36:40.087177   32040 watch.go:40] Failed to load config from \"f:\\\\React\\\\Animation\\\\Graduation-Project\\\\dataconnect\": could not find dataconnect.yaml in `f:\\React\\Animation\\Graduation-Project\\dataconnect`\n"}}
[debug] [2026-05-21T02:36:50.086Z] E0521 05:36:50.087299   32040 watch.go:40] Failed to load config from "f:\\React\\Animation\\Graduation-Project\\dataconnect": could not find dataconnect.yaml in `f:\React\Animation\Graduation-Project\dataconnect`
 {"metadata":{"emulator":{"name":"dataconnect"},"message":"E0521 05:36:50.087299   32040 watch.go:40] Failed to load config from \"f:\\\\React\\\\Animation\\\\Graduation-Project\\\\dataconnect\": could not find dataconnect.yaml in `f:\\React\\Animation\\Graduation-Project\\dataconnect`\n"}}
[debug] [2026-05-21T02:37:00.086Z] E0521 05:37:00.087190   32040 watch.go:40] Failed to load config from "f:\\React\\Animation\\Graduation-Project\\dataconnect": could not find dataconnect.yaml in `f:\React\Animation\Graduation-Project\dataconnect`
 {"metadata":{"emulator":{"name":"dataconnect"},"message":"E0521 05:37:00.087190   32040 watch.go:40] Failed to load config from \"f:\\\\React\\\\Animation\\\\Graduation-Project\\\\dataconnect\": could not find dataconnect.yaml in `f:\\React\\Animation\\Graduation-Project\\dataconnect`\n"}}
[debug] [2026-05-21T02:37:10.086Z] E0521 05:37:10.087232   32040 watch.go:40] Failed to load config from "f:\\React\\Animation\\Graduation-Project\\dataconnect": could not find dataconnect.yaml in `f:\React\Animation\Graduation-Project\dataconnect`
 {"metadata":{"emulator":{"name":"dataconnect"},"message":"E0521 05:37:10.087232   32040 watch.go:40] Failed to load config from \"f:\\\\React\\\\Animation\\\\Graduation-Project\\\\dataconnect\": could not find dataconnect.yaml in `f:\\React\\Animation\\Graduation-Project\\dataconnect`\n"}}
[debug] [2026-05-21T02:37:20.087Z] E0521 05:37:20.087204   32040 watch.go:40] Failed to load config from "f:\\React\\Animation\\Graduation-Project\\dataconnect": could not find dataconnect.yaml in `f:\React\Animation\Graduation-Project\dataconnect`
 {"metadata":{"emulator":{"name":"dataconnect"},"message":"E0521 05:37:20.087204   32040 watch.go:40] Failed to load config from \"f:\\\\React\\\\Animation\\\\Graduation-Project\\\\dataconnect\": could not find dataconnect.yaml in `f:\\React\\Animation\\Graduation-Project\\dataconnect`\n"}}
[debug] [2026-05-21T02:37:30.087Z] E0521 05:37:30.087244   32040 watch.go:40] Failed to load config from "f:\\React\\Animation\\Graduation-Project\\dataconnect": could not find dataconnect.yaml in `f:\React\Animation\Graduation-Project\dataconnect`
 {"metadata":{"emulator":{"name":"dataconnect"},"message":"E0521 05:37:30.087244   32040 watch.go:40] Failed to load config from \"f:\\\\React\\\\Animation\\\\Graduation-Project\\\\dataconnect\": could not find dataconnect.yaml in `f:\\React\\Animation\\Graduation-Project\\dataconnect`\n"}}
[debug] [2026-05-21T02:37:40.087Z] E0521 05:37:40.087291   32040 watch.go:116] watchAllDir unable to walk dir `f:\React\Animation\Graduation-Project\dataconnect`: GetFileAttributesEx f:\React\Animation\Graduation-Project\dataconnect: The system cannot find the file specified.
 {"metadata":{"emulator":{"name":"dataconnect"},"message":"E0521 05:37:40.087291   32040 watch.go:116] watchAllDir unable to walk dir `f:\\React\\Animation\\Graduation-Project\\dataconnect`: GetFileAttributesEx f:\\React\\Animation\\Graduation-Project\\dataconnect: The system cannot find the file specified.\n"}}
[debug] [2026-05-21T02:37:40.087Z] E0521 05:37:40.087797   32040 watch.go:40] Failed to load config from "f:\\React\\Animation\\Graduation-Project\\dataconnect": could not find dataconnect.yaml in `f:\React\Animation\Graduation-Project\dataconnect`
 {"metadata":{"emulator":{"name":"dataconnect"},"message":"E0521 05:37:40.087797   32040 watch.go:40] Failed to load config from \"f:\\\\React\\\\Animation\\\\Graduation-Project\\\\dataconnect\": could not find dataconnect.yaml in `f:\\React\\Animation\\Graduation-Project\\dataconnect`\n"}}
[debug] [2026-05-21T02:37:50.087Z] E0521 05:37:50.087038   32040 watch.go:40] Failed to load config from "f:\\React\\Animation\\Graduation-Project\\dataconnect": could not find dataconnect.yaml in `f:\React\Animation\Graduation-Project\dataconnect`
 {"metadata":{"emulator":{"name":"dataconnect"},"message":"E0521 05:37:50.087038   32040 watch.go:40] Failed to load config from \"f:\\\\React\\\\Animation\\\\Graduation-Project\\\\dataconnect\": could not find dataconnect.yaml in `f:\\React\\Animation\\Graduation-Project\\dataconnect`\n"}}
[debug] [2026-05-21T02:38:00.087Z] E0521 05:38:00.087210   32040 watch.go:40] Failed to load config from "f:\\React\\Animation\\Graduation-Project\\dataconnect": could not find dataconnect.yaml in `f:\React\Animation\Graduation-Project\dataconnect`
 {"metadata":{"emulator":{"name":"dataconnect"},"message":"E0521 05:38:00.087210   32040 watch.go:40] Failed to load config from \"f:\\\\React\\\\Animation\\\\Graduation-Project\\\\dataconnect\": could not find dataconnect.yaml in `f:\\React\\Animation\\Graduation-Project\\dataconnect`\n"}}
[debug] [2026-05-21T02:38:10.087Z] E0521 05:38:10.087369   32040 watch.go:40] Failed to load config from "f:\\React\\Animation\\Graduation-Project\\dataconnect": could not find dataconnect.yaml in `f:\React\Animation\Graduation-Project\dataconnect`
 {"metadata":{"emulator":{"name":"dataconnect"},"message":"E0521 05:38:10.087369   32040 watch.go:40] Failed to load config from \"f:\\\\React\\\\Animation\\\\Graduation-Project\\\\dataconnect\": could not find dataconnect.yaml in `f:\\React\\Animation\\Graduation-Project\\dataconnect`\n"}}
[debug] [2026-05-21T02:38:20.087Z] E0521 05:38:20.086905   32040 watch.go:40] Failed to load config from "f:\\React\\Animation\\Graduation-Project\\dataconnect": could not find dataconnect.yaml in `f:\React\Animation\Graduation-Project\dataconnect`
 {"metadata":{"emulator":{"name":"dataconnect"},"message":"E0521 05:38:20.086905   32040 watch.go:40] Failed to load config from \"f:\\\\React\\\\Animation\\\\Graduation-Project\\\\dataconnect\": could not find dataconnect.yaml in `f:\\React\\Animation\\Graduation-Project\\dataconnect`\n"}}
[debug] [2026-05-21T02:38:30.087Z] E0521 05:38:30.087092   32040 watch.go:40] Failed to load config from "f:\\React\\Animation\\Graduation-Project\\dataconnect": could not find dataconnect.yaml in `f:\React\Animation\Graduation-Project\dataconnect`
 {"metadata":{"emulator":{"name":"dataconnect"},"message":"E0521 05:38:30.087092   32040 watch.go:40] Failed to load config from \"f:\\\\React\\\\Animation\\\\Graduation-Project\\\\dataconnect\": could not find dataconnect.yaml in `f:\\React\\Animation\\Graduation-Project\\dataconnect`\n"}}
[debug] [2026-05-21T02:38:40.087Z] E0521 05:38:40.087189   32040 watch.go:40] Failed to load config from "f:\\React\\Animation\\Graduation-Project\\dataconnect": could not find dataconnect.yaml in `f:\React\Animation\Graduation-Project\dataconnect`
 {"metadata":{"emulator":{"name":"dataconnect"},"message":"E0521 05:38:40.087189   32040 watch.go:40] Failed to load config from \"f:\\\\React\\\\Animation\\\\Graduation-Project\\\\dataconnect\": could not find dataconnect.yaml in `f:\\React\\Animation\\Graduation-Project\\dataconnect`\n"}}
[debug] [2026-05-21T02:38:40.090Z] E0521 05:38:40.087189   32040 watch.go:116] watchAllDir unable to walk dir `f:\React\Animation\Graduation-Project\dataconnect`: GetFileAttributesEx f:\React\Animation\Graduation-Project\dataconnect: The system cannot find the file specified.
 {"metadata":{"emulator":{"name":"dataconnect"},"message":"E0521 05:38:40.087189   32040 watch.go:116] watchAllDir unable to walk dir `f:\\React\\Animation\\Graduation-Project\\dataconnect`: GetFileAttributesEx f:\\React\\Animation\\Graduation-Project\\dataconnect: The system cannot find the file specified.\n"}}
[debug] [2026-05-21T02:38:50.087Z] E0521 05:38:50.087023   32040 watch.go:40] Failed to load config from "f:\\React\\Animation\\Graduation-Project\\dataconnect": could not find dataconnect.yaml in `f:\React\Animation\Graduation-Project\dataconnect`
 {"metadata":{"emulator":{"name":"dataconnect"},"message":"E0521 05:38:50.087023   32040 watch.go:40] Failed to load config from \"f:\\\\React\\\\Animation\\\\Graduation-Project\\\\dataconnect\": could not find dataconnect.yaml in `f:\\React\\Animation\\Graduation-Project\\dataconnect`\n"}}
[debug] [2026-05-21T02:39:00.087Z] E0521 05:39:00.087401   32040 watch.go:40] Failed to load config from "f:\\React\\Animation\\Graduation-Project\\dataconnect": could not find dataconnect.yaml in `f:\React\Animation\Graduation-Project\dataconnect`
 {"metadata":{"emulator":{"name":"dataconnect"},"message":"E0521 05:39:00.087401   32040 watch.go:40] Failed to load config from \"f:\\\\React\\\\Animation\\\\Graduation-Project\\\\dataconnect\": could not find dataconnect.yaml in `f:\\React\\Animation\\Graduation-Project\\dataconnect`\n"}}
[debug] [2026-05-21T02:39:10.087Z] E0521 05:39:10.087333   32040 watch.go:40] Failed to load config from "f:\\React\\Animation\\Graduation-Project\\dataconnect": could not find dataconnect.yaml in `f:\React\Animation\Graduation-Project\dataconnect`
 {"metadata":{"emulator":{"name":"dataconnect"},"message":"E0521 05:39:10.087333   32040 watch.go:40] Failed to load config from \"f:\\\\React\\\\Animation\\\\Graduation-Project\\\\dataconnect\": could not find dataconnect.yaml in `f:\\React\\Animation\\Graduation-Project\\dataconnect`\n"}}
[debug] [2026-05-21T02:39:20.087Z] E0521 05:39:20.087617   32040 watch.go:40] Failed to load config from "f:\\React\\Animation\\Graduation-Project\\dataconnect": could not find dataconnect.yaml in `f:\React\Animation\Graduation-Project\dataconnect`
 {"metadata":{"emulator":{"name":"dataconnect"},"message":"E0521 05:39:20.087617   32040 watch.go:40] Failed to load config from \"f:\\\\React\\\\Animation\\\\Graduation-Project\\\\dataconnect\": could not find dataconnect.yaml in `f:\\React\\Animation\\Graduation-Project\\dataconnect`\n"}}
[debug] [2026-05-21T02:39:30.087Z] E0521 05:39:30.087279   32040 watch.go:40] Failed to load config from "f:\\React\\Animation\\Graduation-Project\\dataconnect": could not find dataconnect.yaml in `f:\React\Animation\Graduation-Project\dataconnect`
 {"metadata":{"emulator":{"name":"dataconnect"},"message":"E0521 05:39:30.087279   32040 watch.go:40] Failed to load config from \"f:\\\\React\\\\Animation\\\\Graduation-Project\\\\dataconnect\": could not find dataconnect.yaml in `f:\\React\\Animation\\Graduation-Project\\dataconnect`\n"}}
[debug] [2026-05-21T02:39:40.087Z] E0521 05:39:40.087239   32040 watch.go:116] watchAllDir unable to walk dir `f:\React\Animation\Graduation-Project\dataconnect`: GetFileAttributesEx f:\React\Animation\Graduation-Project\dataconnect: The system cannot find the file specified.
E0521 05:39:40.087239   32040 watch.go:40] Failed to load config from "f:\\React\\Animation\\Graduation-Project\\dataconnect": could not find dataconnect.yaml in `f:\React\Animation\Graduation-Project\dataconnect`
 {"metadata":{"emulator":{"name":"dataconnect"},"message":"E0521 05:39:40.087239   32040 watch.go:116] watchAllDir unable to walk dir `f:\\React\\Animation\\Graduation-Project\\dataconnect`: GetFileAttributesEx f:\\React\\Animation\\Graduation-Project\\dataconnect: The system cannot find the file specified.\nE0521 05:39:40.087239   32040 watch.go:40] Failed to load config from \"f:\\\\React\\\\Animation\\\\Graduation-Project\\\\dataconnect\": could not find dataconnect.yaml in `f:\\React\\Animation\\Graduation-Project\\dataconnect`\n"}}
[debug] [2026-05-21T02:39:50.087Z] E0521 05:39:50.087656   32040 watch.go:40] Failed to load config from "f:\\React\\Animation\\Graduation-Project\\dataconnect": could not find dataconnect.yaml in `f:\React\Animation\Graduation-Project\dataconnect`
 {"metadata":{"emulator":{"name":"dataconnect"},"message":"E0521 05:39:50.087656   32040 watch.go:40] Failed to load config from \"f:\\\\React\\\\Animation\\\\Graduation-Project\\\\dataconnect\": could not find dataconnect.yaml in `f:\\React\\Animation\\Graduation-Project\\dataconnect`\n"}}
[debug] [2026-05-21T02:40:00.087Z] E0521 05:40:00.087570   32040 watch.go:40] Failed to load config from "f:\\React\\Animation\\Graduation-Project\\dataconnect": could not find dataconnect.yaml in `f:\React\Animation\Graduation-Project\dataconnect`
 {"metadata":{"emulator":{"name":"dataconnect"},"message":"E0521 05:40:00.087570   32040 watch.go:40] Failed to load config from \"f:\\\\React\\\\Animation\\\\Graduation-Project\\\\dataconnect\": could not find dataconnect.yaml in `f:\\React\\Animation\\Graduation-Project\\dataconnect`\n"}}
[debug] [2026-05-21T02:40:10.087Z] E0521 05:40:10.087315   32040 watch.go:40] Failed to load config from "f:\\React\\Animation\\Graduation-Project\\dataconnect": could not find dataconnect.yaml in `f:\React\Animation\Graduation-Project\dataconnect`
 {"metadata":{"emulator":{"name":"dataconnect"},"message":"E0521 05:40:10.087315   32040 watch.go:40] Failed to load config from \"f:\\\\React\\\\Animation\\\\Graduation-Project\\\\dataconnect\": could not find dataconnect.yaml in `f:\\React\\Animation\\Graduation-Project\\dataconnect`\n"}}
[debug] [2026-05-21T02:40:20.086Z] E0521 05:40:20.087025   32040 watch.go:40] Failed to load config from "f:\\React\\Animation\\Graduation-Project\\dataconnect": could not find dataconnect.yaml in `f:\React\Animation\Graduation-Project\dataconnect`
 {"metadata":{"emulator":{"name":"dataconnect"},"message":"E0521 05:40:20.087025   32040 watch.go:40] Failed to load config from \"f:\\\\React\\\\Animation\\\\Graduation-Project\\\\dataconnect\": could not find dataconnect.yaml in `f:\\React\\Animation\\Graduation-Project\\dataconnect`\n"}}
[debug] [2026-05-21T02:40:30.087Z] E0521 05:40:30.087409   32040 watch.go:40] Failed to load config from "f:\\React\\Animation\\Graduation-Project\\dataconnect": could not find dataconnect.yaml in `f:\React\Animation\Graduation-Project\dataconnect`
 {"metadata":{"emulator":{"name":"dataconnect"},"message":"E0521 05:40:30.087409   32040 watch.go:40] Failed to load config from \"f:\\\\React\\\\Animation\\\\Graduation-Project\\\\dataconnect\": could not find dataconnect.yaml in `f:\\React\\Animation\\Graduation-Project\\dataconnect`\n"}}
[debug] [2026-05-21T02:40:40.086Z] E0521 05:40:40.087099   32040 watch.go:116] watchAllDir unable to walk dir `f:\React\Animation\Graduation-Project\dataconnect`: GetFileAttributesEx f:\React\Animation\Graduation-Project\dataconnect: The system cannot find the file specified.
E0521 05:40:40.087099   32040 watch.go:40] Failed to load config from "f:\\React\\Animation\\Graduation-Project\\dataconnect": could not find dataconnect.yaml in `f:\React\Animation\Graduation-Project\dataconnect`
 {"metadata":{"emulator":{"name":"dataconnect"},"message":"E0521 05:40:40.087099   32040 watch.go:116] watchAllDir unable to walk dir `f:\\React\\Animation\\Graduation-Project\\dataconnect`: GetFileAttributesEx f:\\React\\Animation\\Graduation-Project\\dataconnect: The system cannot find the file specified.\nE0521 05:40:40.087099   32040 watch.go:40] Failed to load config from \"f:\\\\React\\\\Animation\\\\Graduation-Project\\\\dataconnect\": could not find dataconnect.yaml in `f:\\React\\Animation\\Graduation-Project\\dataconnect`\n"}}
[debug] [2026-05-21T02:40:50.087Z] E0521 05:40:50.087292   32040 watch.go:40] Failed to load config from "f:\\React\\Animation\\Graduation-Project\\dataconnect": could not find dataconnect.yaml in `f:\React\Animation\Graduation-Project\dataconnect`
 {"metadata":{"emulator":{"name":"dataconnect"},"message":"E0521 05:40:50.087292   32040 watch.go:40] Failed to load config from \"f:\\\\React\\\\Animation\\\\Graduation-Project\\\\dataconnect\": could not find dataconnect.yaml in `f:\\React\\Animation\\Graduation-Project\\dataconnect`\n"}}
[debug] [2026-05-21T02:41:00.087Z] E0521 05:41:00.087118   32040 watch.go:40] Failed to load config from "f:\\React\\Animation\\Graduation-Project\\dataconnect": could not find dataconnect.yaml in `f:\React\Animation\Graduation-Project\dataconnect`
 {"metadata":{"emulator":{"name":"dataconnect"},"message":"E0521 05:41:00.087118   32040 watch.go:40] Failed to load config from \"f:\\\\React\\\\Animation\\\\Graduation-Project\\\\dataconnect\": could not find dataconnect.yaml in `f:\\React\\Animation\\Graduation-Project\\dataconnect`\n"}}
[debug] [2026-05-21T02:41:10.086Z] E0521 05:41:10.087018   32040 watch.go:40] Failed to load config from "f:\\React\\Animation\\Graduation-Project\\dataconnect": could not find dataconnect.yaml in `f:\React\Animation\Graduation-Project\dataconnect`
 {"metadata":{"emulator":{"name":"dataconnect"},"message":"E0521 05:41:10.087018   32040 watch.go:40] Failed to load config from \"f:\\\\React\\\\Animation\\\\Graduation-Project\\\\dataconnect\": could not find dataconnect.yaml in `f:\\React\\Animation\\Graduation-Project\\dataconnect`\n"}}
[debug] [2026-05-21T02:41:20.087Z] E0521 05:41:20.087245   32040 watch.go:40] Failed to load config from "f:\\React\\Animation\\Graduation-Project\\dataconnect": could not find dataconnect.yaml in `f:\React\Animation\Graduation-Project\dataconnect`
 {"metadata":{"emulator":{"name":"dataconnect"},"message":"E0521 05:41:20.087245   32040 watch.go:40] Failed to load config from \"f:\\\\React\\\\Animation\\\\Graduation-Project\\\\dataconnect\": could not find dataconnect.yaml in `f:\\React\\Animation\\Graduation-Project\\dataconnect`\n"}}
[debug] [2026-05-21T02:41:30.087Z] E0521 05:41:30.087288   32040 watch.go:40] Failed to load config from "f:\\React\\Animation\\Graduation-Project\\dataconnect": could not find dataconnect.yaml in `f:\React\Animation\Graduation-Project\dataconnect`
 {"metadata":{"emulator":{"name":"dataconnect"},"message":"E0521 05:41:30.087288   32040 watch.go:40] Failed to load config from \"f:\\\\React\\\\Animation\\\\Graduation-Project\\\\dataconnect\": could not find dataconnect.yaml in `f:\\React\\Animation\\Graduation-Project\\dataconnect`\n"}}
[debug] [2026-05-21T02:41:40.087Z] E0521 05:41:40.087367   32040 watch.go:116] watchAllDir unable to walk dir `f:\React\Animation\Graduation-Project\dataconnect`: GetFileAttributesEx f:\React\Animation\Graduation-Project\dataconnect: The system cannot find the file specified.
E0521 05:41:40.087367   32040 watch.go:40] Failed to load config from "f:\\React\\Animation\\Graduation-Project\\dataconnect": could not find dataconnect.yaml in `f:\React\Animation\Graduation-Project\dataconnect`
 {"metadata":{"emulator":{"name":"dataconnect"},"message":"E0521 05:41:40.087367   32040 watch.go:116] watchAllDir unable to walk dir `f:\\React\\Animation\\Graduation-Project\\dataconnect`: GetFileAttributesEx f:\\React\\Animation\\Graduation-Project\\dataconnect: The system cannot find the file specified.\nE0521 05:41:40.087367   32040 watch.go:40] Failed to load config from \"f:\\\\React\\\\Animation\\\\Graduation-Project\\\\dataconnect\": could not find dataconnect.yaml in `f:\\React\\Animation\\Graduation-Project\\dataconnect`\n"}}
[debug] [2026-05-21T02:41:50.087Z] E0521 05:41:50.087264   32040 watch.go:40] Failed to load config from "f:\\React\\Animation\\Graduation-Project\\dataconnect": could not find dataconnect.yaml in `f:\React\Animation\Graduation-Project\dataconnect`
 {"metadata":{"emulator":{"name":"dataconnect"},"message":"E0521 05:41:50.087264   32040 watch.go:40] Failed to load config from \"f:\\\\React\\\\Animation\\\\Graduation-Project\\\\dataconnect\": could not find dataconnect.yaml in `f:\\React\\Animation\\Graduation-Project\\dataconnect`\n"}}
[debug] [2026-05-21T02:42:00.087Z] E0521 05:42:00.087331   32040 watch.go:40] Failed to load config from "f:\\React\\Animation\\Graduation-Project\\dataconnect": could not find dataconnect.yaml in `f:\React\Animation\Graduation-Project\dataconnect`
 {"metadata":{"emulator":{"name":"dataconnect"},"message":"E0521 05:42:00.087331   32040 watch.go:40] Failed to load config from \"f:\\\\React\\\\Animation\\\\Graduation-Project\\\\dataconnect\": could not find dataconnect.yaml in `f:\\React\\Animation\\Graduation-Project\\dataconnect`\n"}}
[debug] [2026-05-21T02:42:10.087Z] E0521 05:42:10.087218   32040 watch.go:40] Failed to load config from "f:\\React\\Animation\\Graduation-Project\\dataconnect": could not find dataconnect.yaml in `f:\React\Animation\Graduation-Project\dataconnect`
 {"metadata":{"emulator":{"name":"dataconnect"},"message":"E0521 05:42:10.087218   32040 watch.go:40] Failed to load config from \"f:\\\\React\\\\Animation\\\\Graduation-Project\\\\dataconnect\": could not find dataconnect.yaml in `f:\\React\\Animation\\Graduation-Project\\dataconnect`\n"}}
[debug] [2026-05-21T02:42:20.087Z] E0521 05:42:20.087057   32040 watch.go:40] Failed to load config from "f:\\React\\Animation\\Graduation-Project\\dataconnect": could not find dataconnect.yaml in `f:\React\Animation\Graduation-Project\dataconnect`
 {"metadata":{"emulator":{"name":"dataconnect"},"message":"E0521 05:42:20.087057   32040 watch.go:40] Failed to load config from \"f:\\\\React\\\\Animation\\\\Graduation-Project\\\\dataconnect\": could not find dataconnect.yaml in `f:\\React\\Animation\\Graduation-Project\\dataconnect`\n"}}
[debug] [2026-05-21T02:42:30.087Z] E0521 05:42:30.087062   32040 watch.go:40] Failed to load config from "f:\\React\\Animation\\Graduation-Project\\dataconnect": could not find dataconnect.yaml in `f:\React\Animation\Graduation-Project\dataconnect`
 {"metadata":{"emulator":{"name":"dataconnect"},"message":"E0521 05:42:30.087062   32040 watch.go:40] Failed to load config from \"f:\\\\React\\\\Animation\\\\Graduation-Project\\\\dataconnect\": could not find dataconnect.yaml in `f:\\React\\Animation\\Graduation-Project\\dataconnect`\n"}}
[debug] [2026-05-21T02:42:40.086Z] E0521 05:42:40.086955   32040 watch.go:116] watchAllDir unable to walk dir `f:\React\Animation\Graduation-Project\dataconnect`: GetFileAttributesEx f:\React\Animation\Graduation-Project\dataconnect: The system cannot find the file specified.
 {"metadata":{"emulator":{"name":"dataconnect"},"message":"E0521 05:42:40.086955   32040 watch.go:116] watchAllDir unable to walk dir `f:\\React\\Animation\\Graduation-Project\\dataconnect`: GetFileAttributesEx f:\\React\\Animation\\Graduation-Project\\dataconnect: The system cannot find the file specified.\n"}}
[debug] [2026-05-21T02:42:40.087Z] E0521 05:42:40.086955   32040 watch.go:40] Failed to load config from "f:\\React\\Animation\\Graduation-Project\\dataconnect": could not find dataconnect.yaml in `f:\React\Animation\Graduation-Project\dataconnect`
 {"metadata":{"emulator":{"name":"dataconnect"},"message":"E0521 05:42:40.086955   32040 watch.go:40] Failed to load config from \"f:\\\\React\\\\Animation\\\\Graduation-Project\\\\dataconnect\": could not find dataconnect.yaml in `f:\\React\\Animation\\Graduation-Project\\dataconnect`\n"}}
[debug] [2026-05-21T02:42:50.087Z] E0521 05:42:50.087453   32040 watch.go:40] Failed to load config from "f:\\React\\Animation\\Graduation-Project\\dataconnect": could not find dataconnect.yaml in `f:\React\Animation\Graduation-Project\dataconnect`
 {"metadata":{"emulator":{"name":"dataconnect"},"message":"E0521 05:42:50.087453   32040 watch.go:40] Failed to load config from \"f:\\\\React\\\\Animation\\\\Graduation-Project\\\\dataconnect\": could not find dataconnect.yaml in `f:\\React\\Animation\\Graduation-Project\\dataconnect`\n"}}
[debug] [2026-05-21T02:43:00.087Z] E0521 05:43:00.087077   32040 watch.go:40] Failed to load config from "f:\\React\\Animation\\Graduation-Project\\dataconnect": could not find dataconnect.yaml in `f:\React\Animation\Graduation-Project\dataconnect`
 {"metadata":{"emulator":{"name":"dataconnect"},"message":"E0521 05:43:00.087077   32040 watch.go:40] Failed to load config from \"f:\\\\React\\\\Animation\\\\Graduation-Project\\\\dataconnect\": could not find dataconnect.yaml in `f:\\React\\Animation\\Graduation-Project\\dataconnect`\n"}}
[debug] [2026-05-21T02:43:10.087Z] E0521 05:43:10.087016   32040 watch.go:40] Failed to load config from "f:\\React\\Animation\\Graduation-Project\\dataconnect": could not find dataconnect.yaml in `f:\React\Animation\Graduation-Project\dataconnect`
 {"metadata":{"emulator":{"name":"dataconnect"},"message":"E0521 05:43:10.087016   32040 watch.go:40] Failed to load config from \"f:\\\\React\\\\Animation\\\\Graduation-Project\\\\dataconnect\": could not find dataconnect.yaml in `f:\\React\\Animation\\Graduation-Project\\dataconnect`\n"}}
[debug] [2026-05-21T02:43:20.087Z] E0521 05:43:20.086988   32040 watch.go:40] Failed to load config from "f:\\React\\Animation\\Graduation-Project\\dataconnect": could not find dataconnect.yaml in `f:\React\Animation\Graduation-Project\dataconnect`
 {"metadata":{"emulator":{"name":"dataconnect"},"message":"E0521 05:43:20.086988   32040 watch.go:40] Failed to load config from \"f:\\\\React\\\\Animation\\\\Graduation-Project\\\\dataconnect\": could not find dataconnect.yaml in `f:\\React\\Animation\\Graduation-Project\\dataconnect`\n"}}
[debug] [2026-05-21T02:43:30.087Z] E0521 05:43:30.087265   32040 watch.go:40] Failed to load config from "f:\\React\\Animation\\Graduation-Project\\dataconnect": could not find dataconnect.yaml in `f:\React\Animation\Graduation-Project\dataconnect`
 {"metadata":{"emulator":{"name":"dataconnect"},"message":"E0521 05:43:30.087265   32040 watch.go:40] Failed to load config from \"f:\\\\React\\\\Animation\\\\Graduation-Project\\\\dataconnect\": could not find dataconnect.yaml in `f:\\React\\Animation\\Graduation-Project\\dataconnect`\n"}}
[debug] [2026-05-21T02:43:40.087Z] E0521 05:43:40.087205   32040 watch.go:116] watchAllDir unable to walk dir `f:\React\Animation\Graduation-Project\dataconnect`: GetFileAttributesEx f:\React\Animation\Graduation-Project\dataconnect: The system cannot find the file specified.
 {"metadata":{"emulator":{"name":"dataconnect"},"message":"E0521 05:43:40.087205   32040 watch.go:116] watchAllDir unable to walk dir `f:\\React\\Animation\\Graduation-Project\\dataconnect`: GetFileAttributesEx f:\\React\\Animation\\Graduation-Project\\dataconnect: The system cannot find the file specified.\n"}}
[debug] [2026-05-21T02:43:40.087Z] E0521 05:43:40.087205   32040 watch.go:40] Failed to load config from "f:\\React\\Animation\\Graduation-Project\\dataconnect": could not find dataconnect.yaml in `f:\React\Animation\Graduation-Project\dataconnect`
 {"metadata":{"emulator":{"name":"dataconnect"},"message":"E0521 05:43:40.087205   32040 watch.go:40] Failed to load config from \"f:\\\\React\\\\Animation\\\\Graduation-Project\\\\dataconnect\": could not find dataconnect.yaml in `f:\\React\\Animation\\Graduation-Project\\dataconnect`\n"}}
[debug] [2026-05-21T02:43:50.087Z] E0521 05:43:50.087266   32040 watch.go:40] Failed to load config from "f:\\React\\Animation\\Graduation-Project\\dataconnect": could not find dataconnect.yaml in `f:\React\Animation\Graduation-Project\dataconnect`
 {"metadata":{"emulator":{"name":"dataconnect"},"message":"E0521 05:43:50.087266   32040 watch.go:40] Failed to load config from \"f:\\\\React\\\\Animation\\\\Graduation-Project\\\\dataconnect\": could not find dataconnect.yaml in `f:\\React\\Animation\\Graduation-Project\\dataconnect`\n"}}
[debug] [2026-05-21T02:44:00.087Z] E0521 05:44:00.087125   32040 watch.go:40] Failed to load config from "f:\\React\\Animation\\Graduation-Project\\dataconnect": could not find dataconnect.yaml in `f:\React\Animation\Graduation-Project\dataconnect`
 {"metadata":{"emulator":{"name":"dataconnect"},"message":"E0521 05:44:00.087125   32040 watch.go:40] Failed to load config from \"f:\\\\React\\\\Animation\\\\Graduation-Project\\\\dataconnect\": could not find dataconnect.yaml in `f:\\React\\Animation\\Graduation-Project\\dataconnect`\n"}}
[debug] [2026-05-21T02:44:10.087Z] E0521 05:44:10.087027   32040 watch.go:40] Failed to load config from "f:\\React\\Animation\\Graduation-Project\\dataconnect": could not find dataconnect.yaml in `f:\React\Animation\Graduation-Project\dataconnect`
 {"metadata":{"emulator":{"name":"dataconnect"},"message":"E0521 05:44:10.087027   32040 watch.go:40] Failed to load config from \"f:\\\\React\\\\Animation\\\\Graduation-Project\\\\dataconnect\": could not find dataconnect.yaml in `f:\\React\\Animation\\Graduation-Project\\dataconnect`\n"}}
[debug] [2026-05-21T02:44:20.087Z] E0521 05:44:20.087173   32040 watch.go:40] Failed to load config from "f:\\React\\Animation\\Graduation-Project\\dataconnect": could not find dataconnect.yaml in `f:\React\Animation\Graduation-Project\dataconnect`
 {"metadata":{"emulator":{"name":"dataconnect"},"message":"E0521 05:44:20.087173   32040 watch.go:40] Failed to load config from \"f:\\\\React\\\\Animation\\\\Graduation-Project\\\\dataconnect\": could not find dataconnect.yaml in `f:\\React\\Animation\\Graduation-Project\\dataconnect`\n"}}
[debug] [2026-05-21T02:44:30.087Z] E0521 05:44:30.087247   32040 watch.go:40] Failed to load config from "f:\\React\\Animation\\Graduation-Project\\dataconnect": could not find dataconnect.yaml in `f:\React\Animation\Graduation-Project\dataconnect`
 {"metadata":{"emulator":{"name":"dataconnect"},"message":"E0521 05:44:30.087247   32040 watch.go:40] Failed to load config from \"f:\\\\React\\\\Animation\\\\Graduation-Project\\\\dataconnect\": could not find dataconnect.yaml in `f:\\React\\Animation\\Graduation-Project\\dataconnect`\n"}}
[debug] [2026-05-21T02:44:40.088Z] E0521 05:44:40.087286   32040 watch.go:116] watchAllDir unable to walk dir `f:\React\Animation\Graduation-Project\dataconnect`: GetFileAttributesEx f:\React\Animation\Graduation-Project\dataconnect: The system cannot find the file specified.
E0521 05:44:40.087286   32040 watch.go:40] Failed to load config from "f:\\React\\Animation\\Graduation-Project\\dataconnect": could not find dataconnect.yaml in `f:\React\Animation\Graduation-Project\dataconnect`
 {"metadata":{"emulator":{"name":"dataconnect"},"message":"E0521 05:44:40.087286   32040 watch.go:116] watchAllDir unable to walk dir `f:\\React\\Animation\\Graduation-Project\\dataconnect`: GetFileAttributesEx f:\\React\\Animation\\Graduation-Project\\dataconnect: The system cannot find the file specified.\nE0521 05:44:40.087286   32040 watch.go:40] Failed to load config from \"f:\\\\React\\\\Animation\\\\Graduation-Project\\\\dataconnect\": could not find dataconnect.yaml in `f:\\React\\Animation\\Graduation-Project\\dataconnect`\n"}}
[debug] [2026-05-21T02:44:50.087Z] E0521 05:44:50.087124   32040 watch.go:40] Failed to load config from "f:\\React\\Animation\\Graduation-Project\\dataconnect": could not find dataconnect.yaml in `f:\React\Animation\Graduation-Project\dataconnect`
 {"metadata":{"emulator":{"name":"dataconnect"},"message":"E0521 05:44:50.087124   32040 watch.go:40] Failed to load config from \"f:\\\\React\\\\Animation\\\\Graduation-Project\\\\dataconnect\": could not find dataconnect.yaml in `f:\\React\\Animation\\Graduation-Project\\dataconnect`\n"}}
[debug] [2026-05-21T02:45:00.087Z] E0521 05:45:00.086949   32040 watch.go:40] Failed to load config from "f:\\React\\Animation\\Graduation-Project\\dataconnect": could not find dataconnect.yaml in `f:\React\Animation\Graduation-Project\dataconnect`
 {"metadata":{"emulator":{"name":"dataconnect"},"message":"E0521 05:45:00.086949   32040 watch.go:40] Failed to load config from \"f:\\\\React\\\\Animation\\\\Graduation-Project\\\\dataconnect\": could not find dataconnect.yaml in `f:\\React\\Animation\\Graduation-Project\\dataconnect`\n"}}
[debug] [2026-05-21T02:45:10.087Z] E0521 05:45:10.087323   32040 watch.go:40] Failed to load config from "f:\\React\\Animation\\Graduation-Project\\dataconnect": could not find dataconnect.yaml in `f:\React\Animation\Graduation-Project\dataconnect`
 {"metadata":{"emulator":{"name":"dataconnect"},"message":"E0521 05:45:10.087323   32040 watch.go:40] Failed to load config from \"f:\\\\React\\\\Animation\\\\Graduation-Project\\\\dataconnect\": could not find dataconnect.yaml in `f:\\React\\Animation\\Graduation-Project\\dataconnect`\n"}}
[debug] [2026-05-21T02:45:20.087Z] E0521 05:45:20.087281   32040 watch.go:40] Failed to load config from "f:\\React\\Animation\\Graduation-Project\\dataconnect": could not find dataconnect.yaml in `f:\React\Animation\Graduation-Project\dataconnect`
 {"metadata":{"emulator":{"name":"dataconnect"},"message":"E0521 05:45:20.087281   32040 watch.go:40] Failed to load config from \"f:\\\\React\\\\Animation\\\\Graduation-Project\\\\dataconnect\": could not find dataconnect.yaml in `f:\\React\\Animation\\Graduation-Project\\dataconnect`\n"}}
[debug] [2026-05-21T02:45:30.086Z] E0521 05:45:30.087186   32040 watch.go:40] Failed to load config from "f:\\React\\Animation\\Graduation-Project\\dataconnect": could not find dataconnect.yaml in `f:\React\Animation\Graduation-Project\dataconnect`
 {"metadata":{"emulator":{"name":"dataconnect"},"message":"E0521 05:45:30.087186   32040 watch.go:40] Failed to load config from \"f:\\\\React\\\\Animation\\\\Graduation-Project\\\\dataconnect\": could not find dataconnect.yaml in `f:\\React\\Animation\\Graduation-Project\\dataconnect`\n"}}
[debug] [2026-05-21T02:45:40.086Z] E0521 05:45:40.086946   32040 watch.go:116] watchAllDir unable to walk dir `f:\React\Animation\Graduation-Project\dataconnect`: GetFileAttributesEx f:\React\Animation\Graduation-Project\dataconnect: The system cannot find the file specified.
 {"metadata":{"emulator":{"name":"dataconnect"},"message":"E0521 05:45:40.086946   32040 watch.go:116] watchAllDir unable to walk dir `f:\\React\\Animation\\Graduation-Project\\dataconnect`: GetFileAttributesEx f:\\React\\Animation\\Graduation-Project\\dataconnect: The system cannot find the file specified.\n"}}
[debug] [2026-05-21T02:45:40.091Z] E0521 05:45:40.091516   32040 watch.go:40] Failed to load config from "f:\\React\\Animation\\Graduation-Project\\dataconnect": could not find dataconnect.yaml in `f:\React\Animation\Graduation-Project\dataconnect`
 {"metadata":{"emulator":{"name":"dataconnect"},"message":"E0521 05:45:40.091516   32040 watch.go:40] Failed to load config from \"f:\\\\React\\\\Animation\\\\Graduation-Project\\\\dataconnect\": could not find dataconnect.yaml in `f:\\React\\Animation\\Graduation-Project\\dataconnect`\n"}}
[debug] [2026-05-21T02:45:50.086Z] E0521 05:45:50.087097   32040 watch.go:40] Failed to load config from "f:\\React\\Animation\\Graduation-Project\\dataconnect": could not find dataconnect.yaml in `f:\React\Animation\Graduation-Project\dataconnect`
 {"metadata":{"emulator":{"name":"dataconnect"},"message":"E0521 05:45:50.087097   32040 watch.go:40] Failed to load config from \"f:\\\\React\\\\Animation\\\\Graduation-Project\\\\dataconnect\": could not find dataconnect.yaml in `f:\\React\\Animation\\Graduation-Project\\dataconnect`\n"}}
[debug] [2026-05-21T02:46:00.103Z] E0521 05:46:00.086991   32040 watch.go:40] Failed to load config from "f:\\React\\Animation\\Graduation-Project\\dataconnect": could not find dataconnect.yaml in `f:\React\Animation\Graduation-Project\dataconnect`
 {"metadata":{"emulator":{"name":"dataconnect"},"message":"E0521 05:46:00.086991   32040 watch.go:40] Failed to load config from \"f:\\\\React\\\\Animation\\\\Graduation-Project\\\\dataconnect\": could not find dataconnect.yaml in `f:\\React\\Animation\\Graduation-Project\\dataconnect`\n"}}
[debug] [2026-05-21T02:46:10.086Z] E0521 05:46:10.087188   32040 watch.go:40] Failed to load config from "f:\\React\\Animation\\Graduation-Project\\dataconnect": could not find dataconnect.yaml in `f:\React\Animation\Graduation-Project\dataconnect`
 {"metadata":{"emulator":{"name":"dataconnect"},"message":"E0521 05:46:10.087188   32040 watch.go:40] Failed to load config from \"f:\\\\React\\\\Animation\\\\Graduation-Project\\\\dataconnect\": could not find dataconnect.yaml in `f:\\React\\Animation\\Graduation-Project\\dataconnect`\n"}}
[debug] [2026-05-21T02:46:20.086Z] E0521 05:46:20.087023   32040 watch.go:40] Failed to load config from "f:\\React\\Animation\\Graduation-Project\\dataconnect": could not find dataconnect.yaml in `f:\React\Animation\Graduation-Project\dataconnect`
 {"metadata":{"emulator":{"name":"dataconnect"},"message":"E0521 05:46:20.087023   32040 watch.go:40] Failed to load config from \"f:\\\\React\\\\Animation\\\\Graduation-Project\\\\dataconnect\": could not find dataconnect.yaml in `f:\\React\\Animation\\Graduation-Project\\dataconnect`\n"}}
[debug] [2026-05-21T02:46:30.086Z] E0521 05:46:30.087085   32040 watch.go:40] Failed to load config from "f:\\React\\Animation\\Graduation-Project\\dataconnect": could not find dataconnect.yaml in `f:\React\Animation\Graduation-Project\dataconnect`
 {"metadata":{"emulator":{"name":"dataconnect"},"message":"E0521 05:46:30.087085   32040 watch.go:40] Failed to load config from \"f:\\\\React\\\\Animation\\\\Graduation-Project\\\\dataconnect\": could not find dataconnect.yaml in `f:\\React\\Animation\\Graduation-Project\\dataconnect`\n"}}
[debug] [2026-05-21T02:46:40.086Z] E0521 05:46:40.086979   32040 watch.go:116] watchAllDir unable to walk dir `f:\React\Animation\Graduation-Project\dataconnect`: GetFileAttributesEx f:\React\Animation\Graduation-Project\dataconnect: The system cannot find the file specified.
 {"metadata":{"emulator":{"name":"dataconnect"},"message":"E0521 05:46:40.086979   32040 watch.go:116] watchAllDir unable to walk dir `f:\\React\\Animation\\Graduation-Project\\dataconnect`: GetFileAttributesEx f:\\React\\Animation\\Graduation-Project\\dataconnect: The system cannot find the file specified.\n"}}
[debug] [2026-05-21T02:46:40.087Z] E0521 05:46:40.086979   32040 watch.go:40] Failed to load config from "f:\\React\\Animation\\Graduation-Project\\dataconnect": could not find dataconnect.yaml in `f:\React\Animation\Graduation-Project\dataconnect`
 {"metadata":{"emulator":{"name":"dataconnect"},"message":"E0521 05:46:40.086979   32040 watch.go:40] Failed to load config from \"f:\\\\React\\\\Animation\\\\Graduation-Project\\\\dataconnect\": could not find dataconnect.yaml in `f:\\React\\Animation\\Graduation-Project\\dataconnect`\n"}}
[debug] [2026-05-21T02:46:50.087Z] E0521 05:46:50.087149   32040 watch.go:40] Failed to load config from "f:\\React\\Animation\\Graduation-Project\\dataconnect": could not find dataconnect.yaml in `f:\React\Animation\Graduation-Project\dataconnect`
 {"metadata":{"emulator":{"name":"dataconnect"},"message":"E0521 05:46:50.087149   32040 watch.go:40] Failed to load config from \"f:\\\\React\\\\Animation\\\\Graduation-Project\\\\dataconnect\": could not find dataconnect.yaml in `f:\\React\\Animation\\Graduation-Project\\dataconnect`\n"}}
[debug] [2026-05-21T02:47:00.086Z] E0521 05:47:00.086978   32040 watch.go:40] Failed to load config from "f:\\React\\Animation\\Graduation-Project\\dataconnect": could not find dataconnect.yaml in `f:\React\Animation\Graduation-Project\dataconnect`
 {"metadata":{"emulator":{"name":"dataconnect"},"message":"E0521 05:47:00.086978   32040 watch.go:40] Failed to load config from \"f:\\\\React\\\\Animation\\\\Graduation-Project\\\\dataconnect\": could not find dataconnect.yaml in `f:\\React\\Animation\\Graduation-Project\\dataconnect`\n"}}
[debug] [2026-05-21T02:47:10.087Z] E0521 05:47:10.087445   32040 watch.go:40] Failed to load config from "f:\\React\\Animation\\Graduation-Project\\dataconnect": could not find dataconnect.yaml in `f:\React\Animation\Graduation-Project\dataconnect`
 {"metadata":{"emulator":{"name":"dataconnect"},"message":"E0521 05:47:10.087445   32040 watch.go:40] Failed to load config from \"f:\\\\React\\\\Animation\\\\Graduation-Project\\\\dataconnect\": could not find dataconnect.yaml in `f:\\React\\Animation\\Graduation-Project\\dataconnect`\n"}}
[debug] [2026-05-21T02:47:20.087Z] E0521 05:47:20.087177   32040 watch.go:40] Failed to load config from "f:\\React\\Animation\\Graduation-Project\\dataconnect": could not find dataconnect.yaml in `f:\React\Animation\Graduation-Project\dataconnect`
 {"metadata":{"emulator":{"name":"dataconnect"},"message":"E0521 05:47:20.087177   32040 watch.go:40] Failed to load config from \"f:\\\\React\\\\Animation\\\\Graduation-Project\\\\dataconnect\": could not find dataconnect.yaml in `f:\\React\\Animation\\Graduation-Project\\dataconnect`\n"}}
[debug] [2026-05-21T02:47:30.087Z] E0521 05:47:30.087190   32040 watch.go:40] Failed to load config from "f:\\React\\Animation\\Graduation-Project\\dataconnect": could not find dataconnect.yaml in `f:\React\Animation\Graduation-Project\dataconnect`
 {"metadata":{"emulator":{"name":"dataconnect"},"message":"E0521 05:47:30.087190   32040 watch.go:40] Failed to load config from \"f:\\\\React\\\\Animation\\\\Graduation-Project\\\\dataconnect\": could not find dataconnect.yaml in `f:\\React\\Animation\\Graduation-Project\\dataconnect`\n"}}
[debug] [2026-05-21T02:47:40.087Z] E0521 05:47:40.086993   32040 watch.go:116] watchAllDir unable to walk dir `f:\React\Animation\Graduation-Project\dataconnect`: GetFileAttributesEx f:\React\Animation\Graduation-Project\dataconnect: The system cannot find the file specified.
E0521 05:47:40.086993   32040 watch.go:40] Failed to load config from "f:\\React\\Animation\\Graduation-Project\\dataconnect": could not find dataconnect.yaml in `f:\React\Animation\Graduation-Project\dataconnect`
 {"metadata":{"emulator":{"name":"dataconnect"},"message":"E0521 05:47:40.086993   32040 watch.go:116] watchAllDir unable to walk dir `f:\\React\\Animation\\Graduation-Project\\dataconnect`: GetFileAttributesEx f:\\React\\Animation\\Graduation-Project\\dataconnect: The system cannot find the file specified.\nE0521 05:47:40.086993   32040 watch.go:40] Failed to load config from \"f:\\\\React\\\\Animation\\\\Graduation-Project\\\\dataconnect\": could not find dataconnect.yaml in `f:\\React\\Animation\\Graduation-Project\\dataconnect`\n"}}
[debug] [2026-05-21T02:47:50.087Z] E0521 05:47:50.087134   32040 watch.go:40] Failed to load config from "f:\\React\\Animation\\Graduation-Project\\dataconnect": could not find dataconnect.yaml in `f:\React\Animation\Graduation-Project\dataconnect`
 {"metadata":{"emulator":{"name":"dataconnect"},"message":"E0521 05:47:50.087134   32040 watch.go:40] Failed to load config from \"f:\\\\React\\\\Animation\\\\Graduation-Project\\\\dataconnect\": could not find dataconnect.yaml in `f:\\React\\Animation\\Graduation-Project\\dataconnect`\n"}}
[debug] [2026-05-21T02:48:00.087Z] E0521 05:48:00.087474   32040 watch.go:40] Failed to load config from "f:\\React\\Animation\\Graduation-Project\\dataconnect": could not find dataconnect.yaml in `f:\React\Animation\Graduation-Project\dataconnect`
 {"metadata":{"emulator":{"name":"dataconnect"},"message":"E0521 05:48:00.087474   32040 watch.go:40] Failed to load config from \"f:\\\\React\\\\Animation\\\\Graduation-Project\\\\dataconnect\": could not find dataconnect.yaml in `f:\\React\\Animation\\Graduation-Project\\dataconnect`\n"}}
[debug] [2026-05-21T02:48:10.088Z] E0521 05:48:10.088131   32040 watch.go:40] Failed to load config from "f:\\React\\Animation\\Graduation-Project\\dataconnect": could not find dataconnect.yaml in `f:\React\Animation\Graduation-Project\dataconnect`
 {"metadata":{"emulator":{"name":"dataconnect"},"message":"E0521 05:48:10.088131   32040 watch.go:40] Failed to load config from \"f:\\\\React\\\\Animation\\\\Graduation-Project\\\\dataconnect\": could not find dataconnect.yaml in `f:\\React\\Animation\\Graduation-Project\\dataconnect`\n"}}
[debug] [2026-05-21T02:48:20.087Z] E0521 05:48:20.087226   32040 watch.go:40] Failed to load config from "f:\\React\\Animation\\Graduation-Project\\dataconnect": could not find dataconnect.yaml in `f:\React\Animation\Graduation-Project\dataconnect`
 {"metadata":{"emulator":{"name":"dataconnect"},"message":"E0521 05:48:20.087226   32040 watch.go:40] Failed to load config from \"f:\\\\React\\\\Animation\\\\Graduation-Project\\\\dataconnect\": could not find dataconnect.yaml in `f:\\React\\Animation\\Graduation-Project\\dataconnect`\n"}}
[debug] [2026-05-21T02:48:30.087Z] E0521 05:48:30.087066   32040 watch.go:40] Failed to load config from "f:\\React\\Animation\\Graduation-Project\\dataconnect": could not find dataconnect.yaml in `f:\React\Animation\Graduation-Project\dataconnect`
 {"metadata":{"emulator":{"name":"dataconnect"},"message":"E0521 05:48:30.087066   32040 watch.go:40] Failed to load config from \"f:\\\\React\\\\Animation\\\\Graduation-Project\\\\dataconnect\": could not find dataconnect.yaml in `f:\\React\\Animation\\Graduation-Project\\dataconnect`\n"}}
[debug] [2026-05-21T02:48:40.087Z] E0521 05:48:40.087259   32040 watch.go:116] watchAllDir unable to walk dir `f:\React\Animation\Graduation-Project\dataconnect`: GetFileAttributesEx f:\React\Animation\Graduation-Project\dataconnect: The system cannot find the file specified.
 {"metadata":{"emulator":{"name":"dataconnect"},"message":"E0521 05:48:40.087259   32040 watch.go:116] watchAllDir unable to walk dir `f:\\React\\Animation\\Graduation-Project\\dataconnect`: GetFileAttributesEx f:\\React\\Animation\\Graduation-Project\\dataconnect: The system cannot find the file specified.\n"}}
[debug] [2026-05-21T02:48:40.087Z] E0521 05:48:40.087259   32040 watch.go:40] Failed to load config from "f:\\React\\Animation\\Graduation-Project\\dataconnect": could not find dataconnect.yaml in `f:\React\Animation\Graduation-Project\dataconnect`
 {"metadata":{"emulator":{"name":"dataconnect"},"message":"E0521 05:48:40.087259   32040 watch.go:40] Failed to load config from \"f:\\\\React\\\\Animation\\\\Graduation-Project\\\\dataconnect\": could not find dataconnect.yaml in `f:\\React\\Animation\\Graduation-Project\\dataconnect`\n"}}
[debug] [2026-05-21T02:48:50.087Z] E0521 05:48:50.087327   32040 watch.go:40] Failed to load config from "f:\\React\\Animation\\Graduation-Project\\dataconnect": could not find dataconnect.yaml in `f:\React\Animation\Graduation-Project\dataconnect`
 {"metadata":{"emulator":{"name":"dataconnect"},"message":"E0521 05:48:50.087327   32040 watch.go:40] Failed to load config from \"f:\\\\React\\\\Animation\\\\Graduation-Project\\\\dataconnect\": could not find dataconnect.yaml in `f:\\React\\Animation\\Graduation-Project\\dataconnect`\n"}}
[debug] [2026-05-21T02:49:00.087Z] E0521 05:49:00.087193   32040 watch.go:40] Failed to load config from "f:\\React\\Animation\\Graduation-Project\\dataconnect": could not find dataconnect.yaml in `f:\React\Animation\Graduation-Project\dataconnect`
 {"metadata":{"emulator":{"name":"dataconnect"},"message":"E0521 05:49:00.087193   32040 watch.go:40] Failed to load config from \"f:\\\\React\\\\Animation\\\\Graduation-Project\\\\dataconnect\": could not find dataconnect.yaml in `f:\\React\\Animation\\Graduation-Project\\dataconnect`\n"}}
[debug] [2026-05-21T02:49:10.087Z] E0521 05:49:10.087094   32040 watch.go:40] Failed to load config from "f:\\React\\Animation\\Graduation-Project\\dataconnect": could not find dataconnect.yaml in `f:\React\Animation\Graduation-Project\dataconnect`
 {"metadata":{"emulator":{"name":"dataconnect"},"message":"E0521 05:49:10.087094   32040 watch.go:40] Failed to load config from \"f:\\\\React\\\\Animation\\\\Graduation-Project\\\\dataconnect\": could not find dataconnect.yaml in `f:\\React\\Animation\\Graduation-Project\\dataconnect`\n"}}
[debug] [2026-05-21T02:49:20.086Z] E0521 05:49:20.086976   32040 watch.go:40] Failed to load config from "f:\\React\\Animation\\Graduation-Project\\dataconnect": could not find dataconnect.yaml in `f:\React\Animation\Graduation-Project\dataconnect`
 {"metadata":{"emulator":{"name":"dataconnect"},"message":"E0521 05:49:20.086976   32040 watch.go:40] Failed to load config from \"f:\\\\React\\\\Animation\\\\Graduation-Project\\\\dataconnect\": could not find dataconnect.yaml in `f:\\React\\Animation\\Graduation-Project\\dataconnect`\n"}}
[debug] [2026-05-21T02:49:30.087Z] E0521 05:49:30.087463   32040 watch.go:40] Failed to load config from "f:\\React\\Animation\\Graduation-Project\\dataconnect": could not find dataconnect.yaml in `f:\React\Animation\Graduation-Project\dataconnect`
 {"metadata":{"emulator":{"name":"dataconnect"},"message":"E0521 05:49:30.087463   32040 watch.go:40] Failed to load config from \"f:\\\\React\\\\Animation\\\\Graduation-Project\\\\dataconnect\": could not find dataconnect.yaml in `f:\\React\\Animation\\Graduation-Project\\dataconnect`\n"}}
[debug] [2026-05-21T02:49:40.087Z] E0521 05:49:40.087299   32040 watch.go:116] watchAllDir unable to walk dir `f:\React\Animation\Graduation-Project\dataconnect`: GetFileAttributesEx f:\React\Animation\Graduation-Project\dataconnect: The system cannot find the file specified.
E0521 05:49:40.087299   32040 watch.go:40] Failed to load config from "f:\\React\\Animation\\Graduation-Project\\dataconnect": could not find dataconnect.yaml in `f:\React\Animation\Graduation-Project\dataconnect`
 {"metadata":{"emulator":{"name":"dataconnect"},"message":"E0521 05:49:40.087299   32040 watch.go:116] watchAllDir unable to walk dir `f:\\React\\Animation\\Graduation-Project\\dataconnect`: GetFileAttributesEx f:\\React\\Animation\\Graduation-Project\\dataconnect: The system cannot find the file specified.\nE0521 05:49:40.087299   32040 watch.go:40] Failed to load config from \"f:\\\\React\\\\Animation\\\\Graduation-Project\\\\dataconnect\": could not find dataconnect.yaml in `f:\\React\\Animation\\Graduation-Project\\dataconnect`\n"}}
[debug] [2026-05-21T02:49:50.086Z] E0521 05:49:50.087241   32040 watch.go:40] Failed to load config from "f:\\React\\Animation\\Graduation-Project\\dataconnect": could not find dataconnect.yaml in `f:\React\Animation\Graduation-Project\dataconnect`
 {"metadata":{"emulator":{"name":"dataconnect"},"message":"E0521 05:49:50.087241   32040 watch.go:40] Failed to load config from \"f:\\\\React\\\\Animation\\\\Graduation-Project\\\\dataconnect\": could not find dataconnect.yaml in `f:\\React\\Animation\\Graduation-Project\\dataconnect`\n"}}
[debug] [2026-05-21T02:50:00.086Z] E0521 05:50:00.087114   32040 watch.go:40] Failed to load config from "f:\\React\\Animation\\Graduation-Project\\dataconnect": could not find dataconnect.yaml in `f:\React\Animation\Graduation-Project\dataconnect`
 {"metadata":{"emulator":{"name":"dataconnect"},"message":"E0521 05:50:00.087114   32040 watch.go:40] Failed to load config from \"f:\\\\React\\\\Animation\\\\Graduation-Project\\\\dataconnect\": could not find dataconnect.yaml in `f:\\React\\Animation\\Graduation-Project\\dataconnect`\n"}}
[debug] [2026-05-21T02:50:10.086Z] E0521 05:50:10.087188   32040 watch.go:40] Failed to load config from "f:\\React\\Animation\\Graduation-Project\\dataconnect": could not find dataconnect.yaml in `f:\React\Animation\Graduation-Project\dataconnect`
 {"metadata":{"emulator":{"name":"dataconnect"},"message":"E0521 05:50:10.087188   32040 watch.go:40] Failed to load config from \"f:\\\\React\\\\Animation\\\\Graduation-Project\\\\dataconnect\": could not find dataconnect.yaml in `f:\\React\\Animation\\Graduation-Project\\dataconnect`\n"}}
[debug] [2026-05-21T02:50:20.087Z] E0521 05:50:20.087750   32040 watch.go:40] Failed to load config from "f:\\React\\Animation\\Graduation-Project\\dataconnect": could not find dataconnect.yaml in `f:\React\Animation\Graduation-Project\dataconnect`
 {"metadata":{"emulator":{"name":"dataconnect"},"message":"E0521 05:50:20.087750   32040 watch.go:40] Failed to load config from \"f:\\\\React\\\\Animation\\\\Graduation-Project\\\\dataconnect\": could not find dataconnect.yaml in `f:\\React\\Animation\\Graduation-Project\\dataconnect`\n"}}
[debug] [2026-05-21T02:50:30.087Z] E0521 05:50:30.087481   32040 watch.go:40] Failed to load config from "f:\\React\\Animation\\Graduation-Project\\dataconnect": could not find dataconnect.yaml in `f:\React\Animation\Graduation-Project\dataconnect`
 {"metadata":{"emulator":{"name":"dataconnect"},"message":"E0521 05:50:30.087481   32040 watch.go:40] Failed to load config from \"f:\\\\React\\\\Animation\\\\Graduation-Project\\\\dataconnect\": could not find dataconnect.yaml in `f:\\React\\Animation\\Graduation-Project\\dataconnect`\n"}}
[debug] [2026-05-21T02:50:40.087Z] E0521 05:50:40.087358   32040 watch.go:116] watchAllDir unable to walk dir `f:\React\Animation\Graduation-Project\dataconnect`: GetFileAttributesEx f:\React\Animation\Graduation-Project\dataconnect: The system cannot find the file specified.
E0521 05:50:40.087358   32040 watch.go:40] Failed to load config from "f:\\React\\Animation\\Graduation-Project\\dataconnect": could not find dataconnect.yaml in `f:\React\Animation\Graduation-Project\dataconnect`
 {"metadata":{"emulator":{"name":"dataconnect"},"message":"E0521 05:50:40.087358   32040 watch.go:116] watchAllDir unable to walk dir `f:\\React\\Animation\\Graduation-Project\\dataconnect`: GetFileAttributesEx f:\\React\\Animation\\Graduation-Project\\dataconnect: The system cannot find the file specified.\nE0521 05:50:40.087358   32040 watch.go:40] Failed to load config from \"f:\\\\React\\\\Animation\\\\Graduation-Project\\\\dataconnect\": could not find dataconnect.yaml in `f:\\React\\Animation\\Graduation-Project\\dataconnect`\n"}}
[debug] [2026-05-21T02:50:50.087Z] E0521 05:50:50.087197   32040 watch.go:40] Failed to load config from "f:\\React\\Animation\\Graduation-Project\\dataconnect": could not find dataconnect.yaml in `f:\React\Animation\Graduation-Project\dataconnect`
 {"metadata":{"emulator":{"name":"dataconnect"},"message":"E0521 05:50:50.087197   32040 watch.go:40] Failed to load config from \"f:\\\\React\\\\Animation\\\\Graduation-Project\\\\dataconnect\": could not find dataconnect.yaml in `f:\\React\\Animation\\Graduation-Project\\dataconnect`\n"}}
[debug] [2026-05-21T02:51:00.086Z] E0521 05:51:00.087003   32040 watch.go:40] Failed to load config from "f:\\React\\Animation\\Graduation-Project\\dataconnect": could not find dataconnect.yaml in `f:\React\Animation\Graduation-Project\dataconnect`
 {"metadata":{"emulator":{"name":"dataconnect"},"message":"E0521 05:51:00.087003   32040 watch.go:40] Failed to load config from \"f:\\\\React\\\\Animation\\\\Graduation-Project\\\\dataconnect\": could not find dataconnect.yaml in `f:\\React\\Animation\\Graduation-Project\\dataconnect`\n"}}
[debug] [2026-05-21T02:51:10.087Z] E0521 05:51:10.087259   32040 watch.go:40] Failed to load config from "f:\\React\\Animation\\Graduation-Project\\dataconnect": could not find dataconnect.yaml in `f:\React\Animation\Graduation-Project\dataconnect`
 {"metadata":{"emulator":{"name":"dataconnect"},"message":"E0521 05:51:10.087259   32040 watch.go:40] Failed to load config from \"f:\\\\React\\\\Animation\\\\Graduation-Project\\\\dataconnect\": could not find dataconnect.yaml in `f:\\React\\Animation\\Graduation-Project\\dataconnect`\n"}}
[debug] [2026-05-21T02:51:20.087Z] E0521 05:51:20.087471   32040 watch.go:40] Failed to load config from "f:\\React\\Animation\\Graduation-Project\\dataconnect": could not find dataconnect.yaml in `f:\React\Animation\Graduation-Project\dataconnect`
 {"metadata":{"emulator":{"name":"dataconnect"},"message":"E0521 05:51:20.087471   32040 watch.go:40] Failed to load config from \"f:\\\\React\\\\Animation\\\\Graduation-Project\\\\dataconnect\": could not find dataconnect.yaml in `f:\\React\\Animation\\Graduation-Project\\dataconnect`\n"}}
[debug] [2026-05-21T02:51:30.087Z] E0521 05:51:30.087155   32040 watch.go:40] Failed to load config from "f:\\React\\Animation\\Graduation-Project\\dataconnect": could not find dataconnect.yaml in `f:\React\Animation\Graduation-Project\dataconnect`
 {"metadata":{"emulator":{"name":"dataconnect"},"message":"E0521 05:51:30.087155   32040 watch.go:40] Failed to load config from \"f:\\\\React\\\\Animation\\\\Graduation-Project\\\\dataconnect\": could not find dataconnect.yaml in `f:\\React\\Animation\\Graduation-Project\\dataconnect`\n"}}
[debug] [2026-05-21T02:51:40.087Z] E0521 05:51:40.087066   32040 watch.go:116] watchAllDir unable to walk dir `f:\React\Animation\Graduation-Project\dataconnect`: GetFileAttributesEx f:\React\Animation\Graduation-Project\dataconnect: The system cannot find the file specified.
E0521 05:51:40.087066   32040 watch.go:40] Failed to load config from "f:\\React\\Animation\\Graduation-Project\\dataconnect": could not find dataconnect.yaml in `f:\React\Animation\Graduation-Project\dataconnect`
 {"metadata":{"emulator":{"name":"dataconnect"},"message":"E0521 05:51:40.087066   32040 watch.go:116] watchAllDir unable to walk dir `f:\\React\\Animation\\Graduation-Project\\dataconnect`: GetFileAttributesEx f:\\React\\Animation\\Graduation-Project\\dataconnect: The system cannot find the file specified.\nE0521 05:51:40.087066   32040 watch.go:40] Failed to load config from \"f:\\\\React\\\\Animation\\\\Graduation-Project\\\\dataconnect\": could not find dataconnect.yaml in `f:\\React\\Animation\\Graduation-Project\\dataconnect`\n"}}
[debug] [2026-05-21T02:51:50.087Z] E0521 05:51:50.087287   32040 watch.go:40] Failed to load config from "f:\\React\\Animation\\Graduation-Project\\dataconnect": could not find dataconnect.yaml in `f:\React\Animation\Graduation-Project\dataconnect`
 {"metadata":{"emulator":{"name":"dataconnect"},"message":"E0521 05:51:50.087287   32040 watch.go:40] Failed to load config from \"f:\\\\React\\\\Animation\\\\Graduation-Project\\\\dataconnect\": could not find dataconnect.yaml in `f:\\React\\Animation\\Graduation-Project\\dataconnect`\n"}}
[debug] [2026-05-21T02:52:00.087Z] E0521 05:52:00.087034   32040 watch.go:40] Failed to load config from "f:\\React\\Animation\\Graduation-Project\\dataconnect": could not find dataconnect.yaml in `f:\React\Animation\Graduation-Project\dataconnect`
 {"metadata":{"emulator":{"name":"dataconnect"},"message":"E0521 05:52:00.087034   32040 watch.go:40] Failed to load config from \"f:\\\\React\\\\Animation\\\\Graduation-Project\\\\dataconnect\": could not find dataconnect.yaml in `f:\\React\\Animation\\Graduation-Project\\dataconnect`\n"}}
[debug] [2026-05-21T02:52:10.087Z] E0521 05:52:10.087096   32040 watch.go:40] Failed to load config from "f:\\React\\Animation\\Graduation-Project\\dataconnect": could not find dataconnect.yaml in `f:\React\Animation\Graduation-Project\dataconnect`
 {"metadata":{"emulator":{"name":"dataconnect"},"message":"E0521 05:52:10.087096   32040 watch.go:40] Failed to load config from \"f:\\\\React\\\\Animation\\\\Graduation-Project\\\\dataconnect\": could not find dataconnect.yaml in `f:\\React\\Animation\\Graduation-Project\\dataconnect`\n"}}
[debug] [2026-05-21T02:52:20.087Z] E0521 05:52:20.087003   32040 watch.go:40] Failed to load config from "f:\\React\\Animation\\Graduation-Project\\dataconnect": could not find dataconnect.yaml in `f:\React\Animation\Graduation-Project\dataconnect`
 {"metadata":{"emulator":{"name":"dataconnect"},"message":"E0521 05:52:20.087003   32040 watch.go:40] Failed to load config from \"f:\\\\React\\\\Animation\\\\Graduation-Project\\\\dataconnect\": could not find dataconnect.yaml in `f:\\React\\Animation\\Graduation-Project\\dataconnect`\n"}}
[debug] [2026-05-21T02:52:30.087Z] E0521 05:52:30.087370   32040 watch.go:40] Failed to load config from "f:\\React\\Animation\\Graduation-Project\\dataconnect": could not find dataconnect.yaml in `f:\React\Animation\Graduation-Project\dataconnect`
 {"metadata":{"emulator":{"name":"dataconnect"},"message":"E0521 05:52:30.087370   32040 watch.go:40] Failed to load config from \"f:\\\\React\\\\Animation\\\\Graduation-Project\\\\dataconnect\": could not find dataconnect.yaml in `f:\\React\\Animation\\Graduation-Project\\dataconnect`\n"}}
[debug] [2026-05-21T02:52:40.087Z] E0521 05:52:40.087322   32040 watch.go:116] watchAllDir unable to walk dir `f:\React\Animation\Graduation-Project\dataconnect`: GetFileAttributesEx f:\React\Animation\Graduation-Project\dataconnect: The system cannot find the file specified.
E0521 05:52:40.087322   32040 watch.go:40] Failed to load config from "f:\\React\\Animation\\Graduation-Project\\dataconnect": could not find dataconnect.yaml in `f:\React\Animation\Graduation-Project\dataconnect`
 {"metadata":{"emulator":{"name":"dataconnect"},"message":"E0521 05:52:40.087322   32040 watch.go:116] watchAllDir unable to walk dir `f:\\React\\Animation\\Graduation-Project\\dataconnect`: GetFileAttributesEx f:\\React\\Animation\\Graduation-Project\\dataconnect: The system cannot find the file specified.\nE0521 05:52:40.087322   32040 watch.go:40] Failed to load config from \"f:\\\\React\\\\Animation\\\\Graduation-Project\\\\dataconnect\": could not find dataconnect.yaml in `f:\\React\\Animation\\Graduation-Project\\dataconnect`\n"}}
[debug] [2026-05-21T02:52:50.087Z] E0521 05:52:50.087429   32040 watch.go:40] Failed to load config from "f:\\React\\Animation\\Graduation-Project\\dataconnect": could not find dataconnect.yaml in `f:\React\Animation\Graduation-Project\dataconnect`
 {"metadata":{"emulator":{"name":"dataconnect"},"message":"E0521 05:52:50.087429   32040 watch.go:40] Failed to load config from \"f:\\\\React\\\\Animation\\\\Graduation-Project\\\\dataconnect\": could not find dataconnect.yaml in `f:\\React\\Animation\\Graduation-Project\\dataconnect`\n"}}
[debug] [2026-05-21T02:53:00.087Z] E0521 05:53:00.087357   32040 watch.go:40] Failed to load config from "f:\\React\\Animation\\Graduation-Project\\dataconnect": could not find dataconnect.yaml in `f:\React\Animation\Graduation-Project\dataconnect`
 {"metadata":{"emulator":{"name":"dataconnect"},"message":"E0521 05:53:00.087357   32040 watch.go:40] Failed to load config from \"f:\\\\React\\\\Animation\\\\Graduation-Project\\\\dataconnect\": could not find dataconnect.yaml in `f:\\React\\Animation\\Graduation-Project\\dataconnect`\n"}}
[debug] [2026-05-21T02:53:10.087Z] E0521 05:53:10.087172   32040 watch.go:40] Failed to load config from "f:\\React\\Animation\\Graduation-Project\\dataconnect": could not find dataconnect.yaml in `f:\React\Animation\Graduation-Project\dataconnect`
 {"metadata":{"emulator":{"name":"dataconnect"},"message":"E0521 05:53:10.087172   32040 watch.go:40] Failed to load config from \"f:\\\\React\\\\Animation\\\\Graduation-Project\\\\dataconnect\": could not find dataconnect.yaml in `f:\\React\\Animation\\Graduation-Project\\dataconnect`\n"}}
[debug] [2026-05-21T02:53:20.087Z] E0521 05:53:20.087016   32040 watch.go:40] Failed to load config from "f:\\React\\Animation\\Graduation-Project\\dataconnect": could not find dataconnect.yaml in `f:\React\Animation\Graduation-Project\dataconnect`
 {"metadata":{"emulator":{"name":"dataconnect"},"message":"E0521 05:53:20.087016   32040 watch.go:40] Failed to load config from \"f:\\\\React\\\\Animation\\\\Graduation-Project\\\\dataconnect\": could not find dataconnect.yaml in `f:\\React\\Animation\\Graduation-Project\\dataconnect`\n"}}
[debug] [2026-05-21T02:53:30.087Z] E0521 05:53:30.087295   32040 watch.go:40] Failed to load config from "f:\\React\\Animation\\Graduation-Project\\dataconnect": could not find dataconnect.yaml in `f:\React\Animation\Graduation-Project\dataconnect`
 {"metadata":{"emulator":{"name":"dataconnect"},"message":"E0521 05:53:30.087295   32040 watch.go:40] Failed to load config from \"f:\\\\React\\\\Animation\\\\Graduation-Project\\\\dataconnect\": could not find dataconnect.yaml in `f:\\React\\Animation\\Graduation-Project\\dataconnect`\n"}}
[debug] [2026-05-21T02:53:40.087Z] E0521 05:53:40.087462   32040 watch.go:116] watchAllDir unable to walk dir `f:\React\Animation\Graduation-Project\dataconnect`: GetFileAttributesEx f:\React\Animation\Graduation-Project\dataconnect: The system cannot find the file specified.
E0521 05:53:40.087462   32040 watch.go:40] Failed to load config from "f:\\React\\Animation\\Graduation-Project\\dataconnect": could not find dataconnect.yaml in `f:\React\Animation\Graduation-Project\dataconnect`
 {"metadata":{"emulator":{"name":"dataconnect"},"message":"E0521 05:53:40.087462   32040 watch.go:116] watchAllDir unable to walk dir `f:\\React\\Animation\\Graduation-Project\\dataconnect`: GetFileAttributesEx f:\\React\\Animation\\Graduation-Project\\dataconnect: The system cannot find the file specified.\nE0521 05:53:40.087462   32040 watch.go:40] Failed to load config from \"f:\\\\React\\\\Animation\\\\Graduation-Project\\\\dataconnect\": could not find dataconnect.yaml in `f:\\React\\Animation\\Graduation-Project\\dataconnect`\n"}}
[debug] [2026-05-21T02:53:50.087Z] E0521 05:53:50.086973   32040 watch.go:40] Failed to load config from "f:\\React\\Animation\\Graduation-Project\\dataconnect": could not find dataconnect.yaml in `f:\React\Animation\Graduation-Project\dataconnect`
 {"metadata":{"emulator":{"name":"dataconnect"},"message":"E0521 05:53:50.086973   32040 watch.go:40] Failed to load config from \"f:\\\\React\\\\Animation\\\\Graduation-Project\\\\dataconnect\": could not find dataconnect.yaml in `f:\\React\\Animation\\Graduation-Project\\dataconnect`\n"}}
[debug] [2026-05-21T02:54:00.087Z] E0521 05:54:00.087399   32040 watch.go:40] Failed to load config from "f:\\React\\Animation\\Graduation-Project\\dataconnect": could not find dataconnect.yaml in `f:\React\Animation\Graduation-Project\dataconnect`
 {"metadata":{"emulator":{"name":"dataconnect"},"message":"E0521 05:54:00.087399   32040 watch.go:40] Failed to load config from \"f:\\\\React\\\\Animation\\\\Graduation-Project\\\\dataconnect\": could not find dataconnect.yaml in `f:\\React\\Animation\\Graduation-Project\\dataconnect`\n"}}
[debug] [2026-05-21T02:54:10.087Z] E0521 05:54:10.087185   32040 watch.go:40] Failed to load config from "f:\\React\\Animation\\Graduation-Project\\dataconnect": could not find dataconnect.yaml in `f:\React\Animation\Graduation-Project\dataconnect`
 {"metadata":{"emulator":{"name":"dataconnect"},"message":"E0521 05:54:10.087185   32040 watch.go:40] Failed to load config from \"f:\\\\React\\\\Animation\\\\Graduation-Project\\\\dataconnect\": could not find dataconnect.yaml in `f:\\React\\Animation\\Graduation-Project\\dataconnect`\n"}}
[debug] [2026-05-21T02:54:20.087Z] E0521 05:54:20.086993   32040 watch.go:40] Failed to load config from "f:\\React\\Animation\\Graduation-Project\\dataconnect": could not find dataconnect.yaml in `f:\React\Animation\Graduation-Project\dataconnect`
 {"metadata":{"emulator":{"name":"dataconnect"},"message":"E0521 05:54:20.086993   32040 watch.go:40] Failed to load config from \"f:\\\\React\\\\Animation\\\\Graduation-Project\\\\dataconnect\": could not find dataconnect.yaml in `f:\\React\\Animation\\Graduation-Project\\dataconnect`\n"}}
[debug] [2026-05-21T02:54:30.087Z] E0521 05:54:30.087047   32040 watch.go:40] Failed to load config from "f:\\React\\Animation\\Graduation-Project\\dataconnect": could not find dataconnect.yaml in `f:\React\Animation\Graduation-Project\dataconnect`
 {"metadata":{"emulator":{"name":"dataconnect"},"message":"E0521 05:54:30.087047   32040 watch.go:40] Failed to load config from \"f:\\\\React\\\\Animation\\\\Graduation-Project\\\\dataconnect\": could not find dataconnect.yaml in `f:\\React\\Animation\\Graduation-Project\\dataconnect`\n"}}
[debug] [2026-05-21T02:54:40.088Z] E0521 05:54:40.087006   32040 watch.go:116] watchAllDir unable to walk dir `f:\React\Animation\Graduation-Project\dataconnect`: GetFileAttributesEx f:\React\Animation\Graduation-Project\dataconnect: The system cannot find the file specified.
E0521 05:54:40.087006   32040 watch.go:40] Failed to load config from "f:\\React\\Animation\\Graduation-Project\\dataconnect": could not find dataconnect.yaml in `f:\React\Animation\Graduation-Project\dataconnect`
 {"metadata":{"emulator":{"name":"dataconnect"},"message":"E0521 05:54:40.087006   32040 watch.go:116] watchAllDir unable to walk dir `f:\\React\\Animation\\Graduation-Project\\dataconnect`: GetFileAttributesEx f:\\React\\Animation\\Graduation-Project\\dataconnect: The system cannot find the file specified.\nE0521 05:54:40.087006   32040 watch.go:40] Failed to load config from \"f:\\\\React\\\\Animation\\\\Graduation-Project\\\\dataconnect\": could not find dataconnect.yaml in `f:\\React\\Animation\\Graduation-Project\\dataconnect`\n"}}
[debug] [2026-05-21T02:54:50.087Z] E0521 05:54:50.087395   32040 watch.go:40] Failed to load config from "f:\\React\\Animation\\Graduation-Project\\dataconnect": could not find dataconnect.yaml in `f:\React\Animation\Graduation-Project\dataconnect`
 {"metadata":{"emulator":{"name":"dataconnect"},"message":"E0521 05:54:50.087395   32040 watch.go:40] Failed to load config from \"f:\\\\React\\\\Animation\\\\Graduation-Project\\\\dataconnect\": could not find dataconnect.yaml in `f:\\React\\Animation\\Graduation-Project\\dataconnect`\n"}}
[debug] [2026-05-21T02:55:00.087Z] E0521 05:55:00.087250   32040 watch.go:40] Failed to load config from "f:\\React\\Animation\\Graduation-Project\\dataconnect": could not find dataconnect.yaml in `f:\React\Animation\Graduation-Project\dataconnect`
 {"metadata":{"emulator":{"name":"dataconnect"},"message":"E0521 05:55:00.087250   32040 watch.go:40] Failed to load config from \"f:\\\\React\\\\Animation\\\\Graduation-Project\\\\dataconnect\": could not find dataconnect.yaml in `f:\\React\\Animation\\Graduation-Project\\dataconnect`\n"}}
[debug] [2026-05-21T02:55:10.087Z] E0521 05:55:10.087104   32040 watch.go:40] Failed to load config from "f:\\React\\Animation\\Graduation-Project\\dataconnect": could not find dataconnect.yaml in `f:\React\Animation\Graduation-Project\dataconnect`
 {"metadata":{"emulator":{"name":"dataconnect"},"message":"E0521 05:55:10.087104   32040 watch.go:40] Failed to load config from \"f:\\\\React\\\\Animation\\\\Graduation-Project\\\\dataconnect\": could not find dataconnect.yaml in `f:\\React\\Animation\\Graduation-Project\\dataconnect`\n"}}
[debug] [2026-05-21T02:55:20.087Z] E0521 05:55:20.087115   32040 watch.go:40] Failed to load config from "f:\\React\\Animation\\Graduation-Project\\dataconnect": could not find dataconnect.yaml in `f:\React\Animation\Graduation-Project\dataconnect`
 {"metadata":{"emulator":{"name":"dataconnect"},"message":"E0521 05:55:20.087115   32040 watch.go:40] Failed to load config from \"f:\\\\React\\\\Animation\\\\Graduation-Project\\\\dataconnect\": could not find dataconnect.yaml in `f:\\React\\Animation\\Graduation-Project\\dataconnect`\n"}}
[debug] [2026-05-21T02:55:30.087Z] E0521 05:55:30.087237   32040 watch.go:40] Failed to load config from "f:\\React\\Animation\\Graduation-Project\\dataconnect": could not find dataconnect.yaml in `f:\React\Animation\Graduation-Project\dataconnect`
 {"metadata":{"emulator":{"name":"dataconnect"},"message":"E0521 05:55:30.087237   32040 watch.go:40] Failed to load config from \"f:\\\\React\\\\Animation\\\\Graduation-Project\\\\dataconnect\": could not find dataconnect.yaml in `f:\\React\\Animation\\Graduation-Project\\dataconnect`\n"}}
[debug] [2026-05-21T02:55:40.087Z] E0521 05:55:40.087264   32040 watch.go:116] watchAllDir unable to walk dir `f:\React\Animation\Graduation-Project\dataconnect`: GetFileAttributesEx f:\React\Animation\Graduation-Project\dataconnect: The system cannot find the file specified.
E0521 05:55:40.087264   32040 watch.go:40] Failed to load config from "f:\\React\\Animation\\Graduation-Project\\dataconnect": could not find dataconnect.yaml in `f:\React\Animation\Graduation-Project\dataconnect`
 {"metadata":{"emulator":{"name":"dataconnect"},"message":"E0521 05:55:40.087264   32040 watch.go:116] watchAllDir unable to walk dir `f:\\React\\Animation\\Graduation-Project\\dataconnect`: GetFileAttributesEx f:\\React\\Animation\\Graduation-Project\\dataconnect: The system cannot find the file specified.\nE0521 05:55:40.087264   32040 watch.go:40] Failed to load config from \"f:\\\\React\\\\Animation\\\\Graduation-Project\\\\dataconnect\": could not find dataconnect.yaml in `f:\\React\\Animation\\Graduation-Project\\dataconnect`\n"}}
[debug] [2026-05-21T02:55:50.086Z] E0521 05:55:50.086962   32040 watch.go:40] Failed to load config from "f:\\React\\Animation\\Graduation-Project\\dataconnect": could not find dataconnect.yaml in `f:\React\Animation\Graduation-Project\dataconnect`
 {"metadata":{"emulator":{"name":"dataconnect"},"message":"E0521 05:55:50.086962   32040 watch.go:40] Failed to load config from \"f:\\\\React\\\\Animation\\\\Graduation-Project\\\\dataconnect\": could not find dataconnect.yaml in `f:\\React\\Animation\\Graduation-Project\\dataconnect`\n"}}
[debug] [2026-05-21T02:56:00.087Z] E0521 05:56:00.087980   32040 watch.go:40] Failed to load config from "f:\\React\\Animation\\Graduation-Project\\dataconnect": could not find dataconnect.yaml in `f:\React\Animation\Graduation-Project\dataconnect`
 {"metadata":{"emulator":{"name":"dataconnect"},"message":"E0521 05:56:00.087980   32040 watch.go:40] Failed to load config from \"f:\\\\React\\\\Animation\\\\Graduation-Project\\\\dataconnect\": could not find dataconnect.yaml in `f:\\React\\Animation\\Graduation-Project\\dataconnect`\n"}}
[debug] [2026-05-21T02:56:10.087Z] E0521 05:56:10.087459   32040 watch.go:40] Failed to load config from "f:\\React\\Animation\\Graduation-Project\\dataconnect": could not find dataconnect.yaml in `f:\React\Animation\Graduation-Project\dataconnect`
 {"metadata":{"emulator":{"name":"dataconnect"},"message":"E0521 05:56:10.087459   32040 watch.go:40] Failed to load config from \"f:\\\\React\\\\Animation\\\\Graduation-Project\\\\dataconnect\": could not find dataconnect.yaml in `f:\\React\\Animation\\Graduation-Project\\dataconnect`\n"}}
[debug] [2026-05-21T02:56:20.087Z] E0521 05:56:20.087830   32040 watch.go:40] Failed to load config from "f:\\React\\Animation\\Graduation-Project\\dataconnect": could not find dataconnect.yaml in `f:\React\Animation\Graduation-Project\dataconnect`
 {"metadata":{"emulator":{"name":"dataconnect"},"message":"E0521 05:56:20.087830   32040 watch.go:40] Failed to load config from \"f:\\\\React\\\\Animation\\\\Graduation-Project\\\\dataconnect\": could not find dataconnect.yaml in `f:\\React\\Animation\\Graduation-Project\\dataconnect`\n"}}
[debug] [2026-05-21T02:56:30.087Z] E0521 05:56:30.087267   32040 watch.go:40] Failed to load config from "f:\\React\\Animation\\Graduation-Project\\dataconnect": could not find dataconnect.yaml in `f:\React\Animation\Graduation-Project\dataconnect`
 {"metadata":{"emulator":{"name":"dataconnect"},"message":"E0521 05:56:30.087267   32040 watch.go:40] Failed to load config from \"f:\\\\React\\\\Animation\\\\Graduation-Project\\\\dataconnect\": could not find dataconnect.yaml in `f:\\React\\Animation\\Graduation-Project\\dataconnect`\n"}}
[debug] [2026-05-21T02:56:40.087Z] E0521 05:56:40.087570   32040 watch.go:116] watchAllDir unable to walk dir `f:\React\Animation\Graduation-Project\dataconnect`: GetFileAttributesEx f:\React\Animation\Graduation-Project\dataconnect: The system cannot find the file specified.
 {"metadata":{"emulator":{"name":"dataconnect"},"message":"E0521 05:56:40.087570   32040 watch.go:116] watchAllDir unable to walk dir `f:\\React\\Animation\\Graduation-Project\\dataconnect`: GetFileAttributesEx f:\\React\\Animation\\Graduation-Project\\dataconnect: The system cannot find the file specified.\n"}}
[debug] [2026-05-21T02:56:40.091Z] E0521 05:56:40.087570   32040 watch.go:40] Failed to load config from "f:\\React\\Animation\\Graduation-Project\\dataconnect": could not find dataconnect.yaml in `f:\React\Animation\Graduation-Project\dataconnect`
 {"metadata":{"emulator":{"name":"dataconnect"},"message":"E0521 05:56:40.087570   32040 watch.go:40] Failed to load config from \"f:\\\\React\\\\Animation\\\\Graduation-Project\\\\dataconnect\": could not find dataconnect.yaml in `f:\\React\\Animation\\Graduation-Project\\dataconnect`\n"}}
[debug] [2026-05-21T02:56:50.087Z] E0521 05:56:50.087442   32040 watch.go:40] Failed to load config from "f:\\React\\Animation\\Graduation-Project\\dataconnect": could not find dataconnect.yaml in `f:\React\Animation\Graduation-Project\dataconnect`
 {"metadata":{"emulator":{"name":"dataconnect"},"message":"E0521 05:56:50.087442   32040 watch.go:40] Failed to load config from \"f:\\\\React\\\\Animation\\\\Graduation-Project\\\\dataconnect\": could not find dataconnect.yaml in `f:\\React\\Animation\\Graduation-Project\\dataconnect`\n"}}
[debug] [2026-05-21T02:57:00.087Z] E0521 05:57:00.087186   32040 watch.go:40] Failed to load config from "f:\\React\\Animation\\Graduation-Project\\dataconnect": could not find dataconnect.yaml in `f:\React\Animation\Graduation-Project\dataconnect`
 {"metadata":{"emulator":{"name":"dataconnect"},"message":"E0521 05:57:00.087186   32040 watch.go:40] Failed to load config from \"f:\\\\React\\\\Animation\\\\Graduation-Project\\\\dataconnect\": could not find dataconnect.yaml in `f:\\React\\Animation\\Graduation-Project\\dataconnect`\n"}}
[debug] [2026-05-21T02:57:10.086Z] E0521 05:57:10.087013   32040 watch.go:40] Failed to load config from "f:\\React\\Animation\\Graduation-Project\\dataconnect": could not find dataconnect.yaml in `f:\React\Animation\Graduation-Project\dataconnect`
 {"metadata":{"emulator":{"name":"dataconnect"},"message":"E0521 05:57:10.087013   32040 watch.go:40] Failed to load config from \"f:\\\\React\\\\Animation\\\\Graduation-Project\\\\dataconnect\": could not find dataconnect.yaml in `f:\\React\\Animation\\Graduation-Project\\dataconnect`\n"}}
[debug] [2026-05-21T02:57:20.087Z] E0521 05:57:20.087036   32040 watch.go:40] Failed to load config from "f:\\React\\Animation\\Graduation-Project\\dataconnect": could not find dataconnect.yaml in `f:\React\Animation\Graduation-Project\dataconnect`
 {"metadata":{"emulator":{"name":"dataconnect"},"message":"E0521 05:57:20.087036   32040 watch.go:40] Failed to load config from \"f:\\\\React\\\\Animation\\\\Graduation-Project\\\\dataconnect\": could not find dataconnect.yaml in `f:\\React\\Animation\\Graduation-Project\\dataconnect`\n"}}
[debug] [2026-05-21T02:57:30.087Z] E0521 05:57:30.087049   32040 watch.go:40] Failed to load config from "f:\\React\\Animation\\Graduation-Project\\dataconnect": could not find dataconnect.yaml in `f:\React\Animation\Graduation-Project\dataconnect`
 {"metadata":{"emulator":{"name":"dataconnect"},"message":"E0521 05:57:30.087049   32040 watch.go:40] Failed to load config from \"f:\\\\React\\\\Animation\\\\Graduation-Project\\\\dataconnect\": could not find dataconnect.yaml in `f:\\React\\Animation\\Graduation-Project\\dataconnect`\n"}}
[debug] [2026-05-21T02:57:40.088Z] E0521 05:57:40.087483   32040 watch.go:116] watchAllDir unable to walk dir `f:\React\Animation\Graduation-Project\dataconnect`: GetFileAttributesEx f:\React\Animation\Graduation-Project\dataconnect: The system cannot find the file specified.
E0521 05:57:40.087483   32040 watch.go:40] Failed to load config from "f:\\React\\Animation\\Graduation-Project\\dataconnect": could not find dataconnect.yaml in `f:\React\Animation\Graduation-Project\dataconnect`
 {"metadata":{"emulator":{"name":"dataconnect"},"message":"E0521 05:57:40.087483   32040 watch.go:116] watchAllDir unable to walk dir `f:\\React\\Animation\\Graduation-Project\\dataconnect`: GetFileAttributesEx f:\\React\\Animation\\Graduation-Project\\dataconnect: The system cannot find the file specified.\nE0521 05:57:40.087483   32040 watch.go:40] Failed to load config from \"f:\\\\React\\\\Animation\\\\Graduation-Project\\\\dataconnect\": could not find dataconnect.yaml in `f:\\React\\Animation\\Graduation-Project\\dataconnect`\n"}}
[debug] [2026-05-21T02:57:50.087Z] E0521 05:57:50.087301   32040 watch.go:40] Failed to load config from "f:\\React\\Animation\\Graduation-Project\\dataconnect": could not find dataconnect.yaml in `f:\React\Animation\Graduation-Project\dataconnect`
 {"metadata":{"emulator":{"name":"dataconnect"},"message":"E0521 05:57:50.087301   32040 watch.go:40] Failed to load config from \"f:\\\\React\\\\Animation\\\\Graduation-Project\\\\dataconnect\": could not find dataconnect.yaml in `f:\\React\\Animation\\Graduation-Project\\dataconnect`\n"}}
[debug] [2026-05-21T02:58:00.087Z] E0521 05:58:00.087158   32040 watch.go:40] Failed to load config from "f:\\React\\Animation\\Graduation-Project\\dataconnect": could not find dataconnect.yaml in `f:\React\Animation\Graduation-Project\dataconnect`
 {"metadata":{"emulator":{"name":"dataconnect"},"message":"E0521 05:58:00.087158   32040 watch.go:40] Failed to load config from \"f:\\\\React\\\\Animation\\\\Graduation-Project\\\\dataconnect\": could not find dataconnect.yaml in `f:\\React\\Animation\\Graduation-Project\\dataconnect`\n"}}
[debug] [2026-05-21T02:58:10.087Z] E0521 05:58:10.087398   32040 watch.go:40] Failed to load config from "f:\\React\\Animation\\Graduation-Project\\dataconnect": could not find dataconnect.yaml in `f:\React\Animation\Graduation-Project\dataconnect`
 {"metadata":{"emulator":{"name":"dataconnect"},"message":"E0521 05:58:10.087398   32040 watch.go:40] Failed to load config from \"f:\\\\React\\\\Animation\\\\Graduation-Project\\\\dataconnect\": could not find dataconnect.yaml in `f:\\React\\Animation\\Graduation-Project\\dataconnect`\n"}}
[debug] [2026-05-21T02:58:20.086Z] E0521 05:58:20.086938   32040 watch.go:40] Failed to load config from "f:\\React\\Animation\\Graduation-Project\\dataconnect": could not find dataconnect.yaml in `f:\React\Animation\Graduation-Project\dataconnect`
 {"metadata":{"emulator":{"name":"dataconnect"},"message":"E0521 05:58:20.086938   32040 watch.go:40] Failed to load config from \"f:\\\\React\\\\Animation\\\\Graduation-Project\\\\dataconnect\": could not find dataconnect.yaml in `f:\\React\\Animation\\Graduation-Project\\dataconnect`\n"}}
[debug] [2026-05-21T02:58:30.087Z] E0521 05:58:30.087352   32040 watch.go:40] Failed to load config from "f:\\React\\Animation\\Graduation-Project\\dataconnect": could not find dataconnect.yaml in `f:\React\Animation\Graduation-Project\dataconnect`
 {"metadata":{"emulator":{"name":"dataconnect"},"message":"E0521 05:58:30.087352   32040 watch.go:40] Failed to load config from \"f:\\\\React\\\\Animation\\\\Graduation-Project\\\\dataconnect\": could not find dataconnect.yaml in `f:\\React\\Animation\\Graduation-Project\\dataconnect`\n"}}
[debug] [2026-05-21T02:58:40.087Z] E0521 05:58:40.087088   32040 watch.go:116] watchAllDir unable to walk dir `f:\React\Animation\Graduation-Project\dataconnect`: GetFileAttributesEx f:\React\Animation\Graduation-Project\dataconnect: The system cannot find the file specified.
E0521 05:58:40.087088   32040 watch.go:40] Failed to load config from "f:\\React\\Animation\\Graduation-Project\\dataconnect": could not find dataconnect.yaml in `f:\React\Animation\Graduation-Project\dataconnect`
 {"metadata":{"emulator":{"name":"dataconnect"},"message":"E0521 05:58:40.087088   32040 watch.go:116] watchAllDir unable to walk dir `f:\\React\\Animation\\Graduation-Project\\dataconnect`: GetFileAttributesEx f:\\React\\Animation\\Graduation-Project\\dataconnect: The system cannot find the file specified.\nE0521 05:58:40.087088   32040 watch.go:40] Failed to load config from \"f:\\\\React\\\\Animation\\\\Graduation-Project\\\\dataconnect\": could not find dataconnect.yaml in `f:\\React\\Animation\\Graduation-Project\\dataconnect`\n"}}
[debug] [2026-05-21T02:58:50.087Z] E0521 05:58:50.087072   32040 watch.go:40] Failed to load config from "f:\\React\\Animation\\Graduation-Project\\dataconnect": could not find dataconnect.yaml in `f:\React\Animation\Graduation-Project\dataconnect`
 {"metadata":{"emulator":{"name":"dataconnect"},"message":"E0521 05:58:50.087072   32040 watch.go:40] Failed to load config from \"f:\\\\React\\\\Animation\\\\Graduation-Project\\\\dataconnect\": could not find dataconnect.yaml in `f:\\React\\Animation\\Graduation-Project\\dataconnect`\n"}}
[debug] [2026-05-21T02:59:00.087Z] E0521 05:59:00.087173   32040 watch.go:40] Failed to load config from "f:\\React\\Animation\\Graduation-Project\\dataconnect": could not find dataconnect.yaml in `f:\React\Animation\Graduation-Project\dataconnect`
 {"metadata":{"emulator":{"name":"dataconnect"},"message":"E0521 05:59:00.087173   32040 watch.go:40] Failed to load config from \"f:\\\\React\\\\Animation\\\\Graduation-Project\\\\dataconnect\": could not find dataconnect.yaml in `f:\\React\\Animation\\Graduation-Project\\dataconnect`\n"}}
[debug] [2026-05-21T02:59:10.087Z] E0521 05:59:10.087105   32040 watch.go:40] Failed to load config from "f:\\React\\Animation\\Graduation-Project\\dataconnect": could not find dataconnect.yaml in `f:\React\Animation\Graduation-Project\dataconnect`
 {"metadata":{"emulator":{"name":"dataconnect"},"message":"E0521 05:59:10.087105   32040 watch.go:40] Failed to load config from \"f:\\\\React\\\\Animation\\\\Graduation-Project\\\\dataconnect\": could not find dataconnect.yaml in `f:\\React\\Animation\\Graduation-Project\\dataconnect`\n"}}
[debug] [2026-05-21T02:59:20.087Z] E0521 05:59:20.086929   32040 watch.go:40] Failed to load config from "f:\\React\\Animation\\Graduation-Project\\dataconnect": could not find dataconnect.yaml in `f:\React\Animation\Graduation-Project\dataconnect`
 {"metadata":{"emulator":{"name":"dataconnect"},"message":"E0521 05:59:20.086929   32040 watch.go:40] Failed to load config from \"f:\\\\React\\\\Animation\\\\Graduation-Project\\\\dataconnect\": could not find dataconnect.yaml in `f:\\React\\Animation\\Graduation-Project\\dataconnect`\n"}}
[debug] [2026-05-21T02:59:30.087Z] E0521 05:59:30.087260   32040 watch.go:40] Failed to load config from "f:\\React\\Animation\\Graduation-Project\\dataconnect": could not find dataconnect.yaml in `f:\React\Animation\Graduation-Project\dataconnect`
 {"metadata":{"emulator":{"name":"dataconnect"},"message":"E0521 05:59:30.087260   32040 watch.go:40] Failed to load config from \"f:\\\\React\\\\Animation\\\\Graduation-Project\\\\dataconnect\": could not find dataconnect.yaml in `f:\\React\\Animation\\Graduation-Project\\dataconnect`\n"}}
[debug] [2026-05-21T02:59:40.087Z] E0521 05:59:40.087104   32040 watch.go:40] Failed to load config from "f:\\React\\Animation\\Graduation-Project\\dataconnect": could not find dataconnect.yaml in `f:\React\Animation\Graduation-Project\dataconnect`
E0521 05:59:40.087104   32040 watch.go:116] watchAllDir unable to walk dir `f:\React\Animation\Graduation-Project\dataconnect`: GetFileAttributesEx f:\React\Animation\Graduation-Project\dataconnect: The system cannot find the file specified.
 {"metadata":{"emulator":{"name":"dataconnect"},"message":"E0521 05:59:40.087104   32040 watch.go:40] Failed to load config from \"f:\\\\React\\\\Animation\\\\Graduation-Project\\\\dataconnect\": could not find dataconnect.yaml in `f:\\React\\Animation\\Graduation-Project\\dataconnect`\nE0521 05:59:40.087104   32040 watch.go:116] watchAllDir unable to walk dir `f:\\React\\Animation\\Graduation-Project\\dataconnect`: GetFileAttributesEx f:\\React\\Animation\\Graduation-Project\\dataconnect: The system cannot find the file specified.\n"}}
[debug] [2026-05-21T02:59:50.087Z] E0521 05:59:50.087132   32040 watch.go:40] Failed to load config from "f:\\React\\Animation\\Graduation-Project\\dataconnect": could not find dataconnect.yaml in `f:\React\Animation\Graduation-Project\dataconnect`
 {"metadata":{"emulator":{"name":"dataconnect"},"message":"E0521 05:59:50.087132   32040 watch.go:40] Failed to load config from \"f:\\\\React\\\\Animation\\\\Graduation-Project\\\\dataconnect\": could not find dataconnect.yaml in `f:\\React\\Animation\\Graduation-Project\\dataconnect`\n"}}
[debug] [2026-05-21T03:00:00.087Z] E0521 06:00:00.087149   32040 watch.go:40] Failed to load config from "f:\\React\\Animation\\Graduation-Project\\dataconnect": could not find dataconnect.yaml in `f:\React\Animation\Graduation-Project\dataconnect`
 {"metadata":{"emulator":{"name":"dataconnect"},"message":"E0521 06:00:00.087149   32040 watch.go:40] Failed to load config from \"f:\\\\React\\\\Animation\\\\Graduation-Project\\\\dataconnect\": could not find dataconnect.yaml in `f:\\React\\Animation\\Graduation-Project\\dataconnect`\n"}}
[debug] [2026-05-21T03:00:10.087Z] E0521 06:00:10.087130   32040 watch.go:40] Failed to load config from "f:\\React\\Animation\\Graduation-Project\\dataconnect": could not find dataconnect.yaml in `f:\React\Animation\Graduation-Project\dataconnect`
 {"metadata":{"emulator":{"name":"dataconnect"},"message":"E0521 06:00:10.087130   32040 watch.go:40] Failed to load config from \"f:\\\\React\\\\Animation\\\\Graduation-Project\\\\dataconnect\": could not find dataconnect.yaml in `f:\\React\\Animation\\Graduation-Project\\dataconnect`\n"}}
[debug] [2026-05-21T03:00:20.087Z] E0521 06:00:20.087219   32040 watch.go:40] Failed to load config from "f:\\React\\Animation\\Graduation-Project\\dataconnect": could not find dataconnect.yaml in `f:\React\Animation\Graduation-Project\dataconnect`
 {"metadata":{"emulator":{"name":"dataconnect"},"message":"E0521 06:00:20.087219   32040 watch.go:40] Failed to load config from \"f:\\\\React\\\\Animation\\\\Graduation-Project\\\\dataconnect\": could not find dataconnect.yaml in `f:\\React\\Animation\\Graduation-Project\\dataconnect`\n"}}
[debug] [2026-05-21T03:00:30.087Z] E0521 06:00:30.087226   32040 watch.go:40] Failed to load config from "f:\\React\\Animation\\Graduation-Project\\dataconnect": could not find dataconnect.yaml in `f:\React\Animation\Graduation-Project\dataconnect`
 {"metadata":{"emulator":{"name":"dataconnect"},"message":"E0521 06:00:30.087226   32040 watch.go:40] Failed to load config from \"f:\\\\React\\\\Animation\\\\Graduation-Project\\\\dataconnect\": could not find dataconnect.yaml in `f:\\React\\Animation\\Graduation-Project\\dataconnect`\n"}}
[debug] [2026-05-21T03:00:40.086Z] E0521 06:00:40.086964   32040 watch.go:116] watchAllDir unable to walk dir `f:\React\Animation\Graduation-Project\dataconnect`: GetFileAttributesEx f:\React\Animation\Graduation-Project\dataconnect: The system cannot find the file specified.
E0521 06:00:40.086964   32040 watch.go:40] Failed to load config from "f:\\React\\Animation\\Graduation-Project\\dataconnect": could not find dataconnect.yaml in `f:\React\Animation\Graduation-Project\dataconnect`
 {"metadata":{"emulator":{"name":"dataconnect"},"message":"E0521 06:00:40.086964   32040 watch.go:116] watchAllDir unable to walk dir `f:\\React\\Animation\\Graduation-Project\\dataconnect`: GetFileAttributesEx f:\\React\\Animation\\Graduation-Project\\dataconnect: The system cannot find the file specified.\nE0521 06:00:40.086964   32040 watch.go:40] Failed to load config from \"f:\\\\React\\\\Animation\\\\Graduation-Project\\\\dataconnect\": could not find dataconnect.yaml in `f:\\React\\Animation\\Graduation-Project\\dataconnect`\n"}}
[debug] [2026-05-21T03:00:50.087Z] E0521 06:00:50.087471   32040 watch.go:40] Failed to load config from "f:\\React\\Animation\\Graduation-Project\\dataconnect": could not find dataconnect.yaml in `f:\React\Animation\Graduation-Project\dataconnect`
 {"metadata":{"emulator":{"name":"dataconnect"},"message":"E0521 06:00:50.087471   32040 watch.go:40] Failed to load config from \"f:\\\\React\\\\Animation\\\\Graduation-Project\\\\dataconnect\": could not find dataconnect.yaml in `f:\\React\\Animation\\Graduation-Project\\dataconnect`\n"}}
[debug] [2026-05-21T03:01:00.088Z] E0521 06:01:00.087058   32040 watch.go:40] Failed to load config from "f:\\React\\Animation\\Graduation-Project\\dataconnect": could not find dataconnect.yaml in `f:\React\Animation\Graduation-Project\dataconnect`
 {"metadata":{"emulator":{"name":"dataconnect"},"message":"E0521 06:01:00.087058   32040 watch.go:40] Failed to load config from \"f:\\\\React\\\\Animation\\\\Graduation-Project\\\\dataconnect\": could not find dataconnect.yaml in `f:\\React\\Animation\\Graduation-Project\\dataconnect`\n"}}
[debug] [2026-05-21T03:01:10.087Z] E0521 06:01:10.087172   32040 watch.go:40] Failed to load config from "f:\\React\\Animation\\Graduation-Project\\dataconnect": could not find dataconnect.yaml in `f:\React\Animation\Graduation-Project\dataconnect`
 {"metadata":{"emulator":{"name":"dataconnect"},"message":"E0521 06:01:10.087172   32040 watch.go:40] Failed to load config from \"f:\\\\React\\\\Animation\\\\Graduation-Project\\\\dataconnect\": could not find dataconnect.yaml in `f:\\React\\Animation\\Graduation-Project\\dataconnect`\n"}}
[debug] [2026-05-21T03:01:20.089Z] E0521 06:01:20.087161   32040 watch.go:40] Failed to load config from "f:\\React\\Animation\\Graduation-Project\\dataconnect": could not find dataconnect.yaml in `f:\React\Animation\Graduation-Project\dataconnect`
 {"metadata":{"emulator":{"name":"dataconnect"},"message":"E0521 06:01:20.087161   32040 watch.go:40] Failed to load config from \"f:\\\\React\\\\Animation\\\\Graduation-Project\\\\dataconnect\": could not find dataconnect.yaml in `f:\\React\\Animation\\Graduation-Project\\dataconnect`\n"}}
[debug] [2026-05-21T03:01:30.087Z] E0521 06:01:30.087444   32040 watch.go:40] Failed to load config from "f:\\React\\Animation\\Graduation-Project\\dataconnect": could not find dataconnect.yaml in `f:\React\Animation\Graduation-Project\dataconnect`
 {"metadata":{"emulator":{"name":"dataconnect"},"message":"E0521 06:01:30.087444   32040 watch.go:40] Failed to load config from \"f:\\\\React\\\\Animation\\\\Graduation-Project\\\\dataconnect\": could not find dataconnect.yaml in `f:\\React\\Animation\\Graduation-Project\\dataconnect`\n"}}
[debug] [2026-05-21T03:01:40.087Z] E0521 06:01:40.087231   32040 watch.go:40] Failed to load config from "f:\\React\\Animation\\Graduation-Project\\dataconnect": could not find dataconnect.yaml in `f:\React\Animation\Graduation-Project\dataconnect`
E0521 06:01:40.087231   32040 watch.go:116] watchAllDir unable to walk dir `f:\React\Animation\Graduation-Project\dataconnect`: GetFileAttributesEx f:\React\Animation\Graduation-Project\dataconnect: The system cannot find the file specified.
 {"metadata":{"emulator":{"name":"dataconnect"},"message":"E0521 06:01:40.087231   32040 watch.go:40] Failed to load config from \"f:\\\\React\\\\Animation\\\\Graduation-Project\\\\dataconnect\": could not find dataconnect.yaml in `f:\\React\\Animation\\Graduation-Project\\dataconnect`\nE0521 06:01:40.087231   32040 watch.go:116] watchAllDir unable to walk dir `f:\\React\\Animation\\Graduation-Project\\dataconnect`: GetFileAttributesEx f:\\React\\Animation\\Graduation-Project\\dataconnect: The system cannot find the file specified.\n"}}
[debug] [2026-05-21T03:01:50.087Z] E0521 06:01:50.087375   32040 watch.go:40] Failed to load config from "f:\\React\\Animation\\Graduation-Project\\dataconnect": could not find dataconnect.yaml in `f:\React\Animation\Graduation-Project\dataconnect`
 {"metadata":{"emulator":{"name":"dataconnect"},"message":"E0521 06:01:50.087375   32040 watch.go:40] Failed to load config from \"f:\\\\React\\\\Animation\\\\Graduation-Project\\\\dataconnect\": could not find dataconnect.yaml in `f:\\React\\Animation\\Graduation-Project\\dataconnect`\n"}}
[debug] [2026-05-21T03:02:00.087Z] E0521 06:02:00.087378   32040 watch.go:40] Failed to load config from "f:\\React\\Animation\\Graduation-Project\\dataconnect": could not find dataconnect.yaml in `f:\React\Animation\Graduation-Project\dataconnect`
 {"metadata":{"emulator":{"name":"dataconnect"},"message":"E0521 06:02:00.087378   32040 watch.go:40] Failed to load config from \"f:\\\\React\\\\Animation\\\\Graduation-Project\\\\dataconnect\": could not find dataconnect.yaml in `f:\\React\\Animation\\Graduation-Project\\dataconnect`\n"}}
[debug] [2026-05-21T03:02:10.087Z] E0521 06:02:10.087231   32040 watch.go:40] Failed to load config from "f:\\React\\Animation\\Graduation-Project\\dataconnect": could not find dataconnect.yaml in `f:\React\Animation\Graduation-Project\dataconnect`
 {"metadata":{"emulator":{"name":"dataconnect"},"message":"E0521 06:02:10.087231   32040 watch.go:40] Failed to load config from \"f:\\\\React\\\\Animation\\\\Graduation-Project\\\\dataconnect\": could not find dataconnect.yaml in `f:\\React\\Animation\\Graduation-Project\\dataconnect`\n"}}
[debug] [2026-05-21T03:02:20.087Z] E0521 06:02:20.087330   32040 watch.go:40] Failed to load config from "f:\\React\\Animation\\Graduation-Project\\dataconnect": could not find dataconnect.yaml in `f:\React\Animation\Graduation-Project\dataconnect`
 {"metadata":{"emulator":{"name":"dataconnect"},"message":"E0521 06:02:20.087330   32040 watch.go:40] Failed to load config from \"f:\\\\React\\\\Animation\\\\Graduation-Project\\\\dataconnect\": could not find dataconnect.yaml in `f:\\React\\Animation\\Graduation-Project\\dataconnect`\n"}}
[debug] [2026-05-21T03:02:30.087Z] E0521 06:02:30.087263   32040 watch.go:40] Failed to load config from "f:\\React\\Animation\\Graduation-Project\\dataconnect": could not find dataconnect.yaml in `f:\React\Animation\Graduation-Project\dataconnect`
 {"metadata":{"emulator":{"name":"dataconnect"},"message":"E0521 06:02:30.087263   32040 watch.go:40] Failed to load config from \"f:\\\\React\\\\Animation\\\\Graduation-Project\\\\dataconnect\": could not find dataconnect.yaml in `f:\\React\\Animation\\Graduation-Project\\dataconnect`\n"}}
[debug] [2026-05-21T03:02:40.087Z] E0521 06:02:40.087032   32040 watch.go:116] watchAllDir unable to walk dir `f:\React\Animation\Graduation-Project\dataconnect`: GetFileAttributesEx f:\React\Animation\Graduation-Project\dataconnect: The system cannot find the file specified.
 {"metadata":{"emulator":{"name":"dataconnect"},"message":"E0521 06:02:40.087032   32040 watch.go:116] watchAllDir unable to walk dir `f:\\React\\Animation\\Graduation-Project\\dataconnect`: GetFileAttributesEx f:\\React\\Animation\\Graduation-Project\\dataconnect: The system cannot find the file specified.\n"}}
[debug] [2026-05-21T03:02:40.087Z] E0521 06:02:40.087032   32040 watch.go:40] Failed to load config from "f:\\React\\Animation\\Graduation-Project\\dataconnect": could not find dataconnect.yaml in `f:\React\Animation\Graduation-Project\dataconnect`
 {"metadata":{"emulator":{"name":"dataconnect"},"message":"E0521 06:02:40.087032   32040 watch.go:40] Failed to load config from \"f:\\\\React\\\\Animation\\\\Graduation-Project\\\\dataconnect\": could not find dataconnect.yaml in `f:\\React\\Animation\\Graduation-Project\\dataconnect`\n"}}
[debug] [2026-05-21T03:02:50.087Z] E0521 06:02:50.087428   32040 watch.go:40] Failed to load config from "f:\\React\\Animation\\Graduation-Project\\dataconnect": could not find dataconnect.yaml in `f:\React\Animation\Graduation-Project\dataconnect`
 {"metadata":{"emulator":{"name":"dataconnect"},"message":"E0521 06:02:50.087428   32040 watch.go:40] Failed to load config from \"f:\\\\React\\\\Animation\\\\Graduation-Project\\\\dataconnect\": could not find dataconnect.yaml in `f:\\React\\Animation\\Graduation-Project\\dataconnect`\n"}}
[debug] [2026-05-21T03:03:00.087Z] E0521 06:03:00.087181   32040 watch.go:40] Failed to load config from "f:\\React\\Animation\\Graduation-Project\\dataconnect": could not find dataconnect.yaml in `f:\React\Animation\Graduation-Project\dataconnect`
 {"metadata":{"emulator":{"name":"dataconnect"},"message":"E0521 06:03:00.087181   32040 watch.go:40] Failed to load config from \"f:\\\\React\\\\Animation\\\\Graduation-Project\\\\dataconnect\": could not find dataconnect.yaml in `f:\\React\\Animation\\Graduation-Project\\dataconnect`\n"}}
[debug] [2026-05-21T03:03:10.087Z] E0521 06:03:10.087204   32040 watch.go:40] Failed to load config from "f:\\React\\Animation\\Graduation-Project\\dataconnect": could not find dataconnect.yaml in `f:\React\Animation\Graduation-Project\dataconnect`
 {"metadata":{"emulator":{"name":"dataconnect"},"message":"E0521 06:03:10.087204   32040 watch.go:40] Failed to load config from \"f:\\\\React\\\\Animation\\\\Graduation-Project\\\\dataconnect\": could not find dataconnect.yaml in `f:\\React\\Animation\\Graduation-Project\\dataconnect`\n"}}
[debug] [2026-05-21T03:03:20.087Z] E0521 06:03:20.087040   32040 watch.go:40] Failed to load config from "f:\\React\\Animation\\Graduation-Project\\dataconnect": could not find dataconnect.yaml in `f:\React\Animation\Graduation-Project\dataconnect`
 {"metadata":{"emulator":{"name":"dataconnect"},"message":"E0521 06:03:20.087040   32040 watch.go:40] Failed to load config from \"f:\\\\React\\\\Animation\\\\Graduation-Project\\\\dataconnect\": could not find dataconnect.yaml in `f:\\React\\Animation\\Graduation-Project\\dataconnect`\n"}}
[debug] [2026-05-21T03:03:30.087Z] E0521 06:03:30.087369   32040 watch.go:40] Failed to load config from "f:\\React\\Animation\\Graduation-Project\\dataconnect": could not find dataconnect.yaml in `f:\React\Animation\Graduation-Project\dataconnect`
 {"metadata":{"emulator":{"name":"dataconnect"},"message":"E0521 06:03:30.087369   32040 watch.go:40] Failed to load config from \"f:\\\\React\\\\Animation\\\\Graduation-Project\\\\dataconnect\": could not find dataconnect.yaml in `f:\\React\\Animation\\Graduation-Project\\dataconnect`\n"}}
[debug] [2026-05-21T03:03:40.088Z] E0521 06:03:40.087510   32040 watch.go:116] watchAllDir unable to walk dir `f:\React\Animation\Graduation-Project\dataconnect`: GetFileAttributesEx f:\React\Animation\Graduation-Project\dataconnect: The system cannot find the file specified.
 {"metadata":{"emulator":{"name":"dataconnect"},"message":"E0521 06:03:40.087510   32040 watch.go:116] watchAllDir unable to walk dir `f:\\React\\Animation\\Graduation-Project\\dataconnect`: GetFileAttributesEx f:\\React\\Animation\\Graduation-Project\\dataconnect: The system cannot find the file specified.\n"}}
[debug] [2026-05-21T03:03:40.089Z] E0521 06:03:40.088027   32040 watch.go:40] Failed to load config from "f:\\React\\Animation\\Graduation-Project\\dataconnect": could not find dataconnect.yaml in `f:\React\Animation\Graduation-Project\dataconnect`
 {"metadata":{"emulator":{"name":"dataconnect"},"message":"E0521 06:03:40.088027   32040 watch.go:40] Failed to load config from \"f:\\\\React\\\\Animation\\\\Graduation-Project\\\\dataconnect\": could not find dataconnect.yaml in `f:\\React\\Animation\\Graduation-Project\\dataconnect`\n"}}
[debug] [2026-05-21T03:03:50.087Z] E0521 06:03:50.087364   32040 watch.go:40] Failed to load config from "f:\\React\\Animation\\Graduation-Project\\dataconnect": could not find dataconnect.yaml in `f:\React\Animation\Graduation-Project\dataconnect`
 {"metadata":{"emulator":{"name":"dataconnect"},"message":"E0521 06:03:50.087364   32040 watch.go:40] Failed to load config from \"f:\\\\React\\\\Animation\\\\Graduation-Project\\\\dataconnect\": could not find dataconnect.yaml in `f:\\React\\Animation\\Graduation-Project\\dataconnect`\n"}}
[debug] [2026-05-21T03:04:00.087Z] E0521 06:04:00.086996   32040 watch.go:40] Failed to load config from "f:\\React\\Animation\\Graduation-Project\\dataconnect": could not find dataconnect.yaml in `f:\React\Animation\Graduation-Project\dataconnect`
 {"metadata":{"emulator":{"name":"dataconnect"},"message":"E0521 06:04:00.086996   32040 watch.go:40] Failed to load config from \"f:\\\\React\\\\Animation\\\\Graduation-Project\\\\dataconnect\": could not find dataconnect.yaml in `f:\\React\\Animation\\Graduation-Project\\dataconnect`\n"}}
[debug] [2026-05-21T03:04:10.087Z] E0521 06:04:10.087074   32040 watch.go:40] Failed to load config from "f:\\React\\Animation\\Graduation-Project\\dataconnect": could not find dataconnect.yaml in `f:\React\Animation\Graduation-Project\dataconnect`
 {"metadata":{"emulator":{"name":"dataconnect"},"message":"E0521 06:04:10.087074   32040 watch.go:40] Failed to load config from \"f:\\\\React\\\\Animation\\\\Graduation-Project\\\\dataconnect\": could not find dataconnect.yaml in `f:\\React\\Animation\\Graduation-Project\\dataconnect`\n"}}
[debug] [2026-05-21T03:04:20.087Z] E0521 06:04:20.087353   32040 watch.go:40] Failed to load config from "f:\\React\\Animation\\Graduation-Project\\dataconnect": could not find dataconnect.yaml in `f:\React\Animation\Graduation-Project\dataconnect`
 {"metadata":{"emulator":{"name":"dataconnect"},"message":"E0521 06:04:20.087353   32040 watch.go:40] Failed to load config from \"f:\\\\React\\\\Animation\\\\Graduation-Project\\\\dataconnect\": could not find dataconnect.yaml in `f:\\React\\Animation\\Graduation-Project\\dataconnect`\n"}}
[debug] [2026-05-21T03:04:30.087Z] E0521 06:04:30.087068   32040 watch.go:40] Failed to load config from "f:\\React\\Animation\\Graduation-Project\\dataconnect": could not find dataconnect.yaml in `f:\React\Animation\Graduation-Project\dataconnect`
 {"metadata":{"emulator":{"name":"dataconnect"},"message":"E0521 06:04:30.087068   32040 watch.go:40] Failed to load config from \"f:\\\\React\\\\Animation\\\\Graduation-Project\\\\dataconnect\": could not find dataconnect.yaml in `f:\\React\\Animation\\Graduation-Project\\dataconnect`\n"}}
[debug] [2026-05-21T03:04:40.087Z] E0521 06:04:40.087271   32040 watch.go:116] watchAllDir unable to walk dir `f:\React\Animation\Graduation-Project\dataconnect`: GetFileAttributesEx f:\React\Animation\Graduation-Project\dataconnect: The system cannot find the file specified.
 {"metadata":{"emulator":{"name":"dataconnect"},"message":"E0521 06:04:40.087271   32040 watch.go:116] watchAllDir unable to walk dir `f:\\React\\Animation\\Graduation-Project\\dataconnect`: GetFileAttributesEx f:\\React\\Animation\\Graduation-Project\\dataconnect: The system cannot find the file specified.\n"}}
[debug] [2026-05-21T03:04:40.088Z] E0521 06:04:40.087271   32040 watch.go:40] Failed to load config from "f:\\React\\Animation\\Graduation-Project\\dataconnect": could not find dataconnect.yaml in `f:\React\Animation\Graduation-Project\dataconnect`
 {"metadata":{"emulator":{"name":"dataconnect"},"message":"E0521 06:04:40.087271   32040 watch.go:40] Failed to load config from \"f:\\\\React\\\\Animation\\\\Graduation-Project\\\\dataconnect\": could not find dataconnect.yaml in `f:\\React\\Animation\\Graduation-Project\\dataconnect`\n"}}
[debug] [2026-05-21T03:04:50.087Z] E0521 06:04:50.087056   32040 watch.go:40] Failed to load config from "f:\\React\\Animation\\Graduation-Project\\dataconnect": could not find dataconnect.yaml in `f:\React\Animation\Graduation-Project\dataconnect`
 {"metadata":{"emulator":{"name":"dataconnect"},"message":"E0521 06:04:50.087056   32040 watch.go:40] Failed to load config from \"f:\\\\React\\\\Animation\\\\Graduation-Project\\\\dataconnect\": could not find dataconnect.yaml in `f:\\React\\Animation\\Graduation-Project\\dataconnect`\n"}}
[debug] [2026-05-21T03:05:00.090Z] E0521 06:05:00.087843   32040 watch.go:40] Failed to load config from "f:\\React\\Animation\\Graduation-Project\\dataconnect": could not find dataconnect.yaml in `f:\React\Animation\Graduation-Project\dataconnect`
 {"metadata":{"emulator":{"name":"dataconnect"},"message":"E0521 06:05:00.087843   32040 watch.go:40] Failed to load config from \"f:\\\\React\\\\Animation\\\\Graduation-Project\\\\dataconnect\": could not find dataconnect.yaml in `f:\\React\\Animation\\Graduation-Project\\dataconnect`\n"}}
[debug] [2026-05-21T03:05:10.088Z] E0521 06:05:10.088195   32040 watch.go:40] Failed to load config from "f:\\React\\Animation\\Graduation-Project\\dataconnect": could not find dataconnect.yaml in `f:\React\Animation\Graduation-Project\dataconnect`
 {"metadata":{"emulator":{"name":"dataconnect"},"message":"E0521 06:05:10.088195   32040 watch.go:40] Failed to load config from \"f:\\\\React\\\\Animation\\\\Graduation-Project\\\\dataconnect\": could not find dataconnect.yaml in `f:\\React\\Animation\\Graduation-Project\\dataconnect`\n"}}
[debug] [2026-05-21T03:05:20.087Z] E0521 06:05:20.087354   32040 watch.go:40] Failed to load config from "f:\\React\\Animation\\Graduation-Project\\dataconnect": could not find dataconnect.yaml in `f:\React\Animation\Graduation-Project\dataconnect`
 {"metadata":{"emulator":{"name":"dataconnect"},"message":"E0521 06:05:20.087354   32040 watch.go:40] Failed to load config from \"f:\\\\React\\\\Animation\\\\Graduation-Project\\\\dataconnect\": could not find dataconnect.yaml in `f:\\React\\Animation\\Graduation-Project\\dataconnect`\n"}}
[debug] [2026-05-21T03:05:30.087Z] E0521 06:05:30.087092   32040 watch.go:40] Failed to load config from "f:\\React\\Animation\\Graduation-Project\\dataconnect": could not find dataconnect.yaml in `f:\React\Animation\Graduation-Project\dataconnect`
 {"metadata":{"emulator":{"name":"dataconnect"},"message":"E0521 06:05:30.087092   32040 watch.go:40] Failed to load config from \"f:\\\\React\\\\Animation\\\\Graduation-Project\\\\dataconnect\": could not find dataconnect.yaml in `f:\\React\\Animation\\Graduation-Project\\dataconnect`\n"}}
[debug] [2026-05-21T03:05:40.087Z] E0521 06:05:40.086979   32040 watch.go:116] watchAllDir unable to walk dir `f:\React\Animation\Graduation-Project\dataconnect`: GetFileAttributesEx f:\React\Animation\Graduation-Project\dataconnect: The system cannot find the file specified.
E0521 06:05:40.086979   32040 watch.go:40] Failed to load config from "f:\\React\\Animation\\Graduation-Project\\dataconnect": could not find dataconnect.yaml in `f:\React\Animation\Graduation-Project\dataconnect`
 {"metadata":{"emulator":{"name":"dataconnect"},"message":"E0521 06:05:40.086979   32040 watch.go:116] watchAllDir unable to walk dir `f:\\React\\Animation\\Graduation-Project\\dataconnect`: GetFileAttributesEx f:\\React\\Animation\\Graduation-Project\\dataconnect: The system cannot find the file specified.\nE0521 06:05:40.086979   32040 watch.go:40] Failed to load config from \"f:\\\\React\\\\Animation\\\\Graduation-Project\\\\dataconnect\": could not find dataconnect.yaml in `f:\\React\\Animation\\Graduation-Project\\dataconnect`\n"}}
[debug] [2026-05-21T03:05:50.087Z] E0521 06:05:50.087061   32040 watch.go:40] Failed to load config from "f:\\React\\Animation\\Graduation-Project\\dataconnect": could not find dataconnect.yaml in `f:\React\Animation\Graduation-Project\dataconnect`
 {"metadata":{"emulator":{"name":"dataconnect"},"message":"E0521 06:05:50.087061   32040 watch.go:40] Failed to load config from \"f:\\\\React\\\\Animation\\\\Graduation-Project\\\\dataconnect\": could not find dataconnect.yaml in `f:\\React\\Animation\\Graduation-Project\\dataconnect`\n"}}
[debug] [2026-05-21T03:06:00.087Z] E0521 06:06:00.087023   32040 watch.go:40] Failed to load config from "f:\\React\\Animation\\Graduation-Project\\dataconnect": could not find dataconnect.yaml in `f:\React\Animation\Graduation-Project\dataconnect`
 {"metadata":{"emulator":{"name":"dataconnect"},"message":"E0521 06:06:00.087023   32040 watch.go:40] Failed to load config from \"f:\\\\React\\\\Animation\\\\Graduation-Project\\\\dataconnect\": could not find dataconnect.yaml in `f:\\React\\Animation\\Graduation-Project\\dataconnect`\n"}}
[debug] [2026-05-21T03:06:10.089Z] E0521 06:06:10.087203   32040 watch.go:40] Failed to load config from "f:\\React\\Animation\\Graduation-Project\\dataconnect": could not find dataconnect.yaml in `f:\React\Animation\Graduation-Project\dataconnect`
 {"metadata":{"emulator":{"name":"dataconnect"},"message":"E0521 06:06:10.087203   32040 watch.go:40] Failed to load config from \"f:\\\\React\\\\Animation\\\\Graduation-Project\\\\dataconnect\": could not find dataconnect.yaml in `f:\\React\\Animation\\Graduation-Project\\dataconnect`\n"}}
[debug] [2026-05-21T03:06:20.087Z] E0521 06:06:20.087149   32040 watch.go:40] Failed to load config from "f:\\React\\Animation\\Graduation-Project\\dataconnect": could not find dataconnect.yaml in `f:\React\Animation\Graduation-Project\dataconnect`
 {"metadata":{"emulator":{"name":"dataconnect"},"message":"E0521 06:06:20.087149   32040 watch.go:40] Failed to load config from \"f:\\\\React\\\\Animation\\\\Graduation-Project\\\\dataconnect\": could not find dataconnect.yaml in `f:\\React\\Animation\\Graduation-Project\\dataconnect`\n"}}
[debug] [2026-05-21T03:06:30.087Z] E0521 06:06:30.087196   32040 watch.go:40] Failed to load config from "f:\\React\\Animation\\Graduation-Project\\dataconnect": could not find dataconnect.yaml in `f:\React\Animation\Graduation-Project\dataconnect`
 {"metadata":{"emulator":{"name":"dataconnect"},"message":"E0521 06:06:30.087196   32040 watch.go:40] Failed to load config from \"f:\\\\React\\\\Animation\\\\Graduation-Project\\\\dataconnect\": could not find dataconnect.yaml in `f:\\React\\Animation\\Graduation-Project\\dataconnect`\n"}}
[debug] [2026-05-21T03:06:40.087Z] E0521 06:06:40.087310   32040 watch.go:116] watchAllDir unable to walk dir `f:\React\Animation\Graduation-Project\dataconnect`: GetFileAttributesEx f:\React\Animation\Graduation-Project\dataconnect: The system cannot find the file specified.
E0521 06:06:40.087310   32040 watch.go:40] Failed to load config from "f:\\React\\Animation\\Graduation-Project\\dataconnect": could not find dataconnect.yaml in `f:\React\Animation\Graduation-Project\dataconnect`
 {"metadata":{"emulator":{"name":"dataconnect"},"message":"E0521 06:06:40.087310   32040 watch.go:116] watchAllDir unable to walk dir `f:\\React\\Animation\\Graduation-Project\\dataconnect`: GetFileAttributesEx f:\\React\\Animation\\Graduation-Project\\dataconnect: The system cannot find the file specified.\nE0521 06:06:40.087310   32040 watch.go:40] Failed to load config from \"f:\\\\React\\\\Animation\\\\Graduation-Project\\\\dataconnect\": could not find dataconnect.yaml in `f:\\React\\Animation\\Graduation-Project\\dataconnect`\n"}}
[debug] [2026-05-21T03:06:50.087Z] E0521 06:06:50.087383   32040 watch.go:40] Failed to load config from "f:\\React\\Animation\\Graduation-Project\\dataconnect": could not find dataconnect.yaml in `f:\React\Animation\Graduation-Project\dataconnect`
 {"metadata":{"emulator":{"name":"dataconnect"},"message":"E0521 06:06:50.087383   32040 watch.go:40] Failed to load config from \"f:\\\\React\\\\Animation\\\\Graduation-Project\\\\dataconnect\": could not find dataconnect.yaml in `f:\\React\\Animation\\Graduation-Project\\dataconnect`\n"}}
[debug] [2026-05-21T03:07:00.087Z] E0521 06:07:00.087131   32040 watch.go:40] Failed to load config from "f:\\React\\Animation\\Graduation-Project\\dataconnect": could not find dataconnect.yaml in `f:\React\Animation\Graduation-Project\dataconnect`
 {"metadata":{"emulator":{"name":"dataconnect"},"message":"E0521 06:07:00.087131   32040 watch.go:40] Failed to load config from \"f:\\\\React\\\\Animation\\\\Graduation-Project\\\\dataconnect\": could not find dataconnect.yaml in `f:\\React\\Animation\\Graduation-Project\\dataconnect`\n"}}
[debug] [2026-05-21T03:07:10.087Z] E0521 06:07:10.087255   32040 watch.go:40] Failed to load config from "f:\\React\\Animation\\Graduation-Project\\dataconnect": could not find dataconnect.yaml in `f:\React\Animation\Graduation-Project\dataconnect`
 {"metadata":{"emulator":{"name":"dataconnect"},"message":"E0521 06:07:10.087255   32040 watch.go:40] Failed to load config from \"f:\\\\React\\\\Animation\\\\Graduation-Project\\\\dataconnect\": could not find dataconnect.yaml in `f:\\React\\Animation\\Graduation-Project\\dataconnect`\n"}}
[debug] [2026-05-21T03:07:20.087Z] E0521 06:07:20.087135   32040 watch.go:40] Failed to load config from "f:\\React\\Animation\\Graduation-Project\\dataconnect": could not find dataconnect.yaml in `f:\React\Animation\Graduation-Project\dataconnect`
 {"metadata":{"emulator":{"name":"dataconnect"},"message":"E0521 06:07:20.087135   32040 watch.go:40] Failed to load config from \"f:\\\\React\\\\Animation\\\\Graduation-Project\\\\dataconnect\": could not find dataconnect.yaml in `f:\\React\\Animation\\Graduation-Project\\dataconnect`\n"}}
[debug] [2026-05-21T03:07:30.087Z] E0521 06:07:30.087375   32040 watch.go:40] Failed to load config from "f:\\React\\Animation\\Graduation-Project\\dataconnect": could not find dataconnect.yaml in `f:\React\Animation\Graduation-Project\dataconnect`
 {"metadata":{"emulator":{"name":"dataconnect"},"message":"E0521 06:07:30.087375   32040 watch.go:40] Failed to load config from \"f:\\\\React\\\\Animation\\\\Graduation-Project\\\\dataconnect\": could not find dataconnect.yaml in `f:\\React\\Animation\\Graduation-Project\\dataconnect`\n"}}
[debug] [2026-05-21T03:07:40.087Z] E0521 06:07:40.086939   32040 watch.go:116] watchAllDir unable to walk dir `f:\React\Animation\Graduation-Project\dataconnect`: GetFileAttributesEx f:\React\Animation\Graduation-Project\dataconnect: The system cannot find the file specified.
E0521 06:07:40.086939   32040 watch.go:40] Failed to load config from "f:\\React\\Animation\\Graduation-Project\\dataconnect": could not find dataconnect.yaml in `f:\React\Animation\Graduation-Project\dataconnect`
 {"metadata":{"emulator":{"name":"dataconnect"},"message":"E0521 06:07:40.086939   32040 watch.go:116] watchAllDir unable to walk dir `f:\\React\\Animation\\Graduation-Project\\dataconnect`: GetFileAttributesEx f:\\React\\Animation\\Graduation-Project\\dataconnect: The system cannot find the file specified.\nE0521 06:07:40.086939   32040 watch.go:40] Failed to load config from \"f:\\\\React\\\\Animation\\\\Graduation-Project\\\\dataconnect\": could not find dataconnect.yaml in `f:\\React\\Animation\\Graduation-Project\\dataconnect`\n"}}
[debug] [2026-05-21T03:07:50.087Z] E0521 06:07:50.086970   32040 watch.go:40] Failed to load config from "f:\\React\\Animation\\Graduation-Project\\dataconnect": could not find dataconnect.yaml in `f:\React\Animation\Graduation-Project\dataconnect`
 {"metadata":{"emulator":{"name":"dataconnect"},"message":"E0521 06:07:50.086970   32040 watch.go:40] Failed to load config from \"f:\\\\React\\\\Animation\\\\Graduation-Project\\\\dataconnect\": could not find dataconnect.yaml in `f:\\React\\Animation\\Graduation-Project\\dataconnect`\n"}}
[debug] [2026-05-21T03:08:00.087Z] E0521 06:08:00.087377   32040 watch.go:40] Failed to load config from "f:\\React\\Animation\\Graduation-Project\\dataconnect": could not find dataconnect.yaml in `f:\React\Animation\Graduation-Project\dataconnect`
 {"metadata":{"emulator":{"name":"dataconnect"},"message":"E0521 06:08:00.087377   32040 watch.go:40] Failed to load config from \"f:\\\\React\\\\Animation\\\\Graduation-Project\\\\dataconnect\": could not find dataconnect.yaml in `f:\\React\\Animation\\Graduation-Project\\dataconnect`\n"}}
[debug] [2026-05-21T03:08:10.087Z] E0521 06:08:10.087363   32040 watch.go:40] Failed to load config from "f:\\React\\Animation\\Graduation-Project\\dataconnect": could not find dataconnect.yaml in `f:\React\Animation\Graduation-Project\dataconnect`
 {"metadata":{"emulator":{"name":"dataconnect"},"message":"E0521 06:08:10.087363   32040 watch.go:40] Failed to load config from \"f:\\\\React\\\\Animation\\\\Graduation-Project\\\\dataconnect\": could not find dataconnect.yaml in `f:\\React\\Animation\\Graduation-Project\\dataconnect`\n"}}
[debug] [2026-05-21T03:08:20.087Z] E0521 06:08:20.086896   32040 watch.go:40] Failed to load config from "f:\\React\\Animation\\Graduation-Project\\dataconnect": could not find dataconnect.yaml in `f:\React\Animation\Graduation-Project\dataconnect`
 {"metadata":{"emulator":{"name":"dataconnect"},"message":"E0521 06:08:20.086896   32040 watch.go:40] Failed to load config from \"f:\\\\React\\\\Animation\\\\Graduation-Project\\\\dataconnect\": could not find dataconnect.yaml in `f:\\React\\Animation\\Graduation-Project\\dataconnect`\n"}}
[debug] [2026-05-21T03:08:30.087Z] E0521 06:08:30.087062   32040 watch.go:40] Failed to load config from "f:\\React\\Animation\\Graduation-Project\\dataconnect": could not find dataconnect.yaml in `f:\React\Animation\Graduation-Project\dataconnect`
 {"metadata":{"emulator":{"name":"dataconnect"},"message":"E0521 06:08:30.087062   32040 watch.go:40] Failed to load config from \"f:\\\\React\\\\Animation\\\\Graduation-Project\\\\dataconnect\": could not find dataconnect.yaml in `f:\\React\\Animation\\Graduation-Project\\dataconnect`\n"}}
[debug] [2026-05-21T03:08:40.087Z] E0521 06:08:40.087338   32040 watch.go:116] watchAllDir unable to walk dir `f:\React\Animation\Graduation-Project\dataconnect`: GetFileAttributesEx f:\React\Animation\Graduation-Project\dataconnect: The system cannot find the file specified.
E0521 06:08:40.087338   32040 watch.go:40] Failed to load config from "f:\\React\\Animation\\Graduation-Project\\dataconnect": could not find dataconnect.yaml in `f:\React\Animation\Graduation-Project\dataconnect`
 {"metadata":{"emulator":{"name":"dataconnect"},"message":"E0521 06:08:40.087338   32040 watch.go:116] watchAllDir unable to walk dir `f:\\React\\Animation\\Graduation-Project\\dataconnect`: GetFileAttributesEx f:\\React\\Animation\\Graduation-Project\\dataconnect: The system cannot find the file specified.\nE0521 06:08:40.087338   32040 watch.go:40] Failed to load config from \"f:\\\\React\\\\Animation\\\\Graduation-Project\\\\dataconnect\": could not find dataconnect.yaml in `f:\\React\\Animation\\Graduation-Project\\dataconnect`\n"}}
[debug] [2026-05-21T03:08:50.087Z] E0521 06:08:50.087378   32040 watch.go:40] Failed to load config from "f:\\React\\Animation\\Graduation-Project\\dataconnect": could not find dataconnect.yaml in `f:\React\Animation\Graduation-Project\dataconnect`
 {"metadata":{"emulator":{"name":"dataconnect"},"message":"E0521 06:08:50.087378   32040 watch.go:40] Failed to load config from \"f:\\\\React\\\\Animation\\\\Graduation-Project\\\\dataconnect\": could not find dataconnect.yaml in `f:\\React\\Animation\\Graduation-Project\\dataconnect`\n"}}
[debug] [2026-05-21T03:09:00.087Z] E0521 06:09:00.087358   32040 watch.go:40] Failed to load config from "f:\\React\\Animation\\Graduation-Project\\dataconnect": could not find dataconnect.yaml in `f:\React\Animation\Graduation-Project\dataconnect`
 {"metadata":{"emulator":{"name":"dataconnect"},"message":"E0521 06:09:00.087358   32040 watch.go:40] Failed to load config from \"f:\\\\React\\\\Animation\\\\Graduation-Project\\\\dataconnect\": could not find dataconnect.yaml in `f:\\React\\Animation\\Graduation-Project\\dataconnect`\n"}}
[debug] [2026-05-21T03:09:10.087Z] E0521 06:09:10.087260   32040 watch.go:40] Failed to load config from "f:\\React\\Animation\\Graduation-Project\\dataconnect": could not find dataconnect.yaml in `f:\React\Animation\Graduation-Project\dataconnect`
 {"metadata":{"emulator":{"name":"dataconnect"},"message":"E0521 06:09:10.087260   32040 watch.go:40] Failed to load config from \"f:\\\\React\\\\Animation\\\\Graduation-Project\\\\dataconnect\": could not find dataconnect.yaml in `f:\\React\\Animation\\Graduation-Project\\dataconnect`\n"}}
[debug] [2026-05-21T03:09:20.087Z] E0521 06:09:20.087213   32040 watch.go:40] Failed to load config from "f:\\React\\Animation\\Graduation-Project\\dataconnect": could not find dataconnect.yaml in `f:\React\Animation\Graduation-Project\dataconnect`
 {"metadata":{"emulator":{"name":"dataconnect"},"message":"E0521 06:09:20.087213   32040 watch.go:40] Failed to load config from \"f:\\\\React\\\\Animation\\\\Graduation-Project\\\\dataconnect\": could not find dataconnect.yaml in `f:\\React\\Animation\\Graduation-Project\\dataconnect`\n"}}
[debug] [2026-05-21T03:09:30.087Z] E0521 06:09:30.087001   32040 watch.go:40] Failed to load config from "f:\\React\\Animation\\Graduation-Project\\dataconnect": could not find dataconnect.yaml in `f:\React\Animation\Graduation-Project\dataconnect`
 {"metadata":{"emulator":{"name":"dataconnect"},"message":"E0521 06:09:30.087001   32040 watch.go:40] Failed to load config from \"f:\\\\React\\\\Animation\\\\Graduation-Project\\\\dataconnect\": could not find dataconnect.yaml in `f:\\React\\Animation\\Graduation-Project\\dataconnect`\n"}}
[debug] [2026-05-21T03:09:40.087Z] E0521 06:09:40.087280   32040 watch.go:116] watchAllDir unable to walk dir `f:\React\Animation\Graduation-Project\dataconnect`: GetFileAttributesEx f:\React\Animation\Graduation-Project\dataconnect: The system cannot find the file specified.
E0521 06:09:40.087280   32040 watch.go:40] Failed to load config from "f:\\React\\Animation\\Graduation-Project\\dataconnect": could not find dataconnect.yaml in `f:\React\Animation\Graduation-Project\dataconnect`
 {"metadata":{"emulator":{"name":"dataconnect"},"message":"E0521 06:09:40.087280   32040 watch.go:116] watchAllDir unable to walk dir `f:\\React\\Animation\\Graduation-Project\\dataconnect`: GetFileAttributesEx f:\\React\\Animation\\Graduation-Project\\dataconnect: The system cannot find the file specified.\nE0521 06:09:40.087280   32040 watch.go:40] Failed to load config from \"f:\\\\React\\\\Animation\\\\Graduation-Project\\\\dataconnect\": could not find dataconnect.yaml in `f:\\React\\Animation\\Graduation-Project\\dataconnect`\n"}}
[debug] [2026-05-21T03:09:50.087Z] E0521 06:09:50.087013   32040 watch.go:40] Failed to load config from "f:\\React\\Animation\\Graduation-Project\\dataconnect": could not find dataconnect.yaml in `f:\React\Animation\Graduation-Project\dataconnect`
 {"metadata":{"emulator":{"name":"dataconnect"},"message":"E0521 06:09:50.087013   32040 watch.go:40] Failed to load config from \"f:\\\\React\\\\Animation\\\\Graduation-Project\\\\dataconnect\": could not find dataconnect.yaml in `f:\\React\\Animation\\Graduation-Project\\dataconnect`\n"}}
[debug] [2026-05-21T03:10:00.087Z] E0521 06:10:00.087003   32040 watch.go:40] Failed to load config from "f:\\React\\Animation\\Graduation-Project\\dataconnect": could not find dataconnect.yaml in `f:\React\Animation\Graduation-Project\dataconnect`
 {"metadata":{"emulator":{"name":"dataconnect"},"message":"E0521 06:10:00.087003   32040 watch.go:40] Failed to load config from \"f:\\\\React\\\\Animation\\\\Graduation-Project\\\\dataconnect\": could not find dataconnect.yaml in `f:\\React\\Animation\\Graduation-Project\\dataconnect`\n"}}
[debug] [2026-05-21T03:10:10.087Z] E0521 06:10:10.087325   32040 watch.go:40] Failed to load config from "f:\\React\\Animation\\Graduation-Project\\dataconnect": could not find dataconnect.yaml in `f:\React\Animation\Graduation-Project\dataconnect`
 {"metadata":{"emulator":{"name":"dataconnect"},"message":"E0521 06:10:10.087325   32040 watch.go:40] Failed to load config from \"f:\\\\React\\\\Animation\\\\Graduation-Project\\\\dataconnect\": could not find dataconnect.yaml in `f:\\React\\Animation\\Graduation-Project\\dataconnect`\n"}}
[debug] [2026-05-21T03:10:20.087Z] E0521 06:10:20.087200   32040 watch.go:40] Failed to load config from "f:\\React\\Animation\\Graduation-Project\\dataconnect": could not find dataconnect.yaml in `f:\React\Animation\Graduation-Project\dataconnect`
 {"metadata":{"emulator":{"name":"dataconnect"},"message":"E0521 06:10:20.087200   32040 watch.go:40] Failed to load config from \"f:\\\\React\\\\Animation\\\\Graduation-Project\\\\dataconnect\": could not find dataconnect.yaml in `f:\\React\\Animation\\Graduation-Project\\dataconnect`\n"}}
[debug] [2026-05-21T03:10:30.087Z] E0521 06:10:30.087228   32040 watch.go:40] Failed to load config from "f:\\React\\Animation\\Graduation-Project\\dataconnect": could not find dataconnect.yaml in `f:\React\Animation\Graduation-Project\dataconnect`
 {"metadata":{"emulator":{"name":"dataconnect"},"message":"E0521 06:10:30.087228   32040 watch.go:40] Failed to load config from \"f:\\\\React\\\\Animation\\\\Graduation-Project\\\\dataconnect\": could not find dataconnect.yaml in `f:\\React\\Animation\\Graduation-Project\\dataconnect`\n"}}
[debug] [2026-05-21T03:10:40.087Z] E0521 06:10:40.087242   32040 watch.go:116] watchAllDir unable to walk dir `f:\React\Animation\Graduation-Project\dataconnect`: GetFileAttributesEx f:\React\Animation\Graduation-Project\dataconnect: The system cannot find the file specified.
E0521 06:10:40.087242   32040 watch.go:40] Failed to load config from "f:\\React\\Animation\\Graduation-Project\\dataconnect": could not find dataconnect.yaml in `f:\React\Animation\Graduation-Project\dataconnect`
 {"metadata":{"emulator":{"name":"dataconnect"},"message":"E0521 06:10:40.087242   32040 watch.go:116] watchAllDir unable to walk dir `f:\\React\\Animation\\Graduation-Project\\dataconnect`: GetFileAttributesEx f:\\React\\Animation\\Graduation-Project\\dataconnect: The system cannot find the file specified.\nE0521 06:10:40.087242   32040 watch.go:40] Failed to load config from \"f:\\\\React\\\\Animation\\\\Graduation-Project\\\\dataconnect\": could not find dataconnect.yaml in `f:\\React\\Animation\\Graduation-Project\\dataconnect`\n"}}
[debug] [2026-05-21T03:10:50.087Z] E0521 06:10:50.087065   32040 watch.go:40] Failed to load config from "f:\\React\\Animation\\Graduation-Project\\dataconnect": could not find dataconnect.yaml in `f:\React\Animation\Graduation-Project\dataconnect`
 {"metadata":{"emulator":{"name":"dataconnect"},"message":"E0521 06:10:50.087065   32040 watch.go:40] Failed to load config from \"f:\\\\React\\\\Animation\\\\Graduation-Project\\\\dataconnect\": could not find dataconnect.yaml in `f:\\React\\Animation\\Graduation-Project\\dataconnect`\n"}}
[debug] [2026-05-21T03:11:00.087Z] E0521 06:11:00.087052   32040 watch.go:40] Failed to load config from "f:\\React\\Animation\\Graduation-Project\\dataconnect": could not find dataconnect.yaml in `f:\React\Animation\Graduation-Project\dataconnect`
 {"metadata":{"emulator":{"name":"dataconnect"},"message":"E0521 06:11:00.087052   32040 watch.go:40] Failed to load config from \"f:\\\\React\\\\Animation\\\\Graduation-Project\\\\dataconnect\": could not find dataconnect.yaml in `f:\\React\\Animation\\Graduation-Project\\dataconnect`\n"}}
[debug] [2026-05-21T03:11:10.087Z] E0521 06:11:10.087071   32040 watch.go:40] Failed to load config from "f:\\React\\Animation\\Graduation-Project\\dataconnect": could not find dataconnect.yaml in `f:\React\Animation\Graduation-Project\dataconnect`
 {"metadata":{"emulator":{"name":"dataconnect"},"message":"E0521 06:11:10.087071   32040 watch.go:40] Failed to load config from \"f:\\\\React\\\\Animation\\\\Graduation-Project\\\\dataconnect\": could not find dataconnect.yaml in `f:\\React\\Animation\\Graduation-Project\\dataconnect`\n"}}
[debug] [2026-05-21T03:11:20.087Z] E0521 06:11:20.087331   32040 watch.go:40] Failed to load config from "f:\\React\\Animation\\Graduation-Project\\dataconnect": could not find dataconnect.yaml in `f:\React\Animation\Graduation-Project\dataconnect`
 {"metadata":{"emulator":{"name":"dataconnect"},"message":"E0521 06:11:20.087331   32040 watch.go:40] Failed to load config from \"f:\\\\React\\\\Animation\\\\Graduation-Project\\\\dataconnect\": could not find dataconnect.yaml in `f:\\React\\Animation\\Graduation-Project\\dataconnect`\n"}}
[debug] [2026-05-21T03:11:30.087Z] E0521 06:11:30.086961   32040 watch.go:40] Failed to load config from "f:\\React\\Animation\\Graduation-Project\\dataconnect": could not find dataconnect.yaml in `f:\React\Animation\Graduation-Project\dataconnect`
 {"metadata":{"emulator":{"name":"dataconnect"},"message":"E0521 06:11:30.086961   32040 watch.go:40] Failed to load config from \"f:\\\\React\\\\Animation\\\\Graduation-Project\\\\dataconnect\": could not find dataconnect.yaml in `f:\\React\\Animation\\Graduation-Project\\dataconnect`\n"}}
[debug] [2026-05-21T03:11:40.086Z] E0521 06:11:40.086899   32040 watch.go:116] watchAllDir unable to walk dir `f:\React\Animation\Graduation-Project\dataconnect`: GetFileAttributesEx f:\React\Animation\Graduation-Project\dataconnect: The system cannot find the file specified.
E0521 06:11:40.086899   32040 watch.go:40] Failed to load config from "f:\\React\\Animation\\Graduation-Project\\dataconnect": could not find dataconnect.yaml in `f:\React\Animation\Graduation-Project\dataconnect`
 {"metadata":{"emulator":{"name":"dataconnect"},"message":"E0521 06:11:40.086899   32040 watch.go:116] watchAllDir unable to walk dir `f:\\React\\Animation\\Graduation-Project\\dataconnect`: GetFileAttributesEx f:\\React\\Animation\\Graduation-Project\\dataconnect: The system cannot find the file specified.\nE0521 06:11:40.086899   32040 watch.go:40] Failed to load config from \"f:\\\\React\\\\Animation\\\\Graduation-Project\\\\dataconnect\": could not find dataconnect.yaml in `f:\\React\\Animation\\Graduation-Project\\dataconnect`\n"}}
[debug] [2026-05-21T03:11:50.087Z] E0521 06:11:50.087246   32040 watch.go:40] Failed to load config from "f:\\React\\Animation\\Graduation-Project\\dataconnect": could not find dataconnect.yaml in `f:\React\Animation\Graduation-Project\dataconnect`
 {"metadata":{"emulator":{"name":"dataconnect"},"message":"E0521 06:11:50.087246   32040 watch.go:40] Failed to load config from \"f:\\\\React\\\\Animation\\\\Graduation-Project\\\\dataconnect\": could not find dataconnect.yaml in `f:\\React\\Animation\\Graduation-Project\\dataconnect`\n"}}
[debug] [2026-05-21T03:12:00.087Z] E0521 06:12:00.087093   32040 watch.go:40] Failed to load config from "f:\\React\\Animation\\Graduation-Project\\dataconnect": could not find dataconnect.yaml in `f:\React\Animation\Graduation-Project\dataconnect`
 {"metadata":{"emulator":{"name":"dataconnect"},"message":"E0521 06:12:00.087093   32040 watch.go:40] Failed to load config from \"f:\\\\React\\\\Animation\\\\Graduation-Project\\\\dataconnect\": could not find dataconnect.yaml in `f:\\React\\Animation\\Graduation-Project\\dataconnect`\n"}}
[debug] [2026-05-21T03:12:10.087Z] E0521 06:12:10.087304   32040 watch.go:40] Failed to load config from "f:\\React\\Animation\\Graduation-Project\\dataconnect": could not find dataconnect.yaml in `f:\React\Animation\Graduation-Project\dataconnect`
 {"metadata":{"emulator":{"name":"dataconnect"},"message":"E0521 06:12:10.087304   32040 watch.go:40] Failed to load config from \"f:\\\\React\\\\Animation\\\\Graduation-Project\\\\dataconnect\": could not find dataconnect.yaml in `f:\\React\\Animation\\Graduation-Project\\dataconnect`\n"}}
[debug] [2026-05-21T03:12:20.087Z] E0521 06:12:20.087308   32040 watch.go:40] Failed to load config from "f:\\React\\Animation\\Graduation-Project\\dataconnect": could not find dataconnect.yaml in `f:\React\Animation\Graduation-Project\dataconnect`
 {"metadata":{"emulator":{"name":"dataconnect"},"message":"E0521 06:12:20.087308   32040 watch.go:40] Failed to load config from \"f:\\\\React\\\\Animation\\\\Graduation-Project\\\\dataconnect\": could not find dataconnect.yaml in `f:\\React\\Animation\\Graduation-Project\\dataconnect`\n"}}
[debug] [2026-05-21T03:12:30.086Z] E0521 06:12:30.087176   32040 watch.go:40] Failed to load config from "f:\\React\\Animation\\Graduation-Project\\dataconnect": could not find dataconnect.yaml in `f:\React\Animation\Graduation-Project\dataconnect`
 {"metadata":{"emulator":{"name":"dataconnect"},"message":"E0521 06:12:30.087176   32040 watch.go:40] Failed to load config from \"f:\\\\React\\\\Animation\\\\Graduation-Project\\\\dataconnect\": could not find dataconnect.yaml in `f:\\React\\Animation\\Graduation-Project\\dataconnect`\n"}}
[debug] [2026-05-21T03:12:40.086Z] E0521 06:12:40.086902   32040 watch.go:116] watchAllDir unable to walk dir `f:\React\Animation\Graduation-Project\dataconnect`: GetFileAttributesEx f:\React\Animation\Graduation-Project\dataconnect: The system cannot find the file specified.
 {"metadata":{"emulator":{"name":"dataconnect"},"message":"E0521 06:12:40.086902   32040 watch.go:116] watchAllDir unable to walk dir `f:\\React\\Animation\\Graduation-Project\\dataconnect`: GetFileAttributesEx f:\\React\\Animation\\Graduation-Project\\dataconnect: The system cannot find the file specified.\n"}}
[debug] [2026-05-21T03:12:40.087Z] E0521 06:12:40.086902   32040 watch.go:40] Failed to load config from "f:\\React\\Animation\\Graduation-Project\\dataconnect": could not find dataconnect.yaml in `f:\React\Animation\Graduation-Project\dataconnect`
 {"metadata":{"emulator":{"name":"dataconnect"},"message":"E0521 06:12:40.086902   32040 watch.go:40] Failed to load config from \"f:\\\\React\\\\Animation\\\\Graduation-Project\\\\dataconnect\": could not find dataconnect.yaml in `f:\\React\\Animation\\Graduation-Project\\dataconnect`\n"}}
[debug] [2026-05-21T03:12:50.086Z] E0521 06:12:50.087183   32040 watch.go:40] Failed to load config from "f:\\React\\Animation\\Graduation-Project\\dataconnect": could not find dataconnect.yaml in `f:\React\Animation\Graduation-Project\dataconnect`
 {"metadata":{"emulator":{"name":"dataconnect"},"message":"E0521 06:12:50.087183   32040 watch.go:40] Failed to load config from \"f:\\\\React\\\\Animation\\\\Graduation-Project\\\\dataconnect\": could not find dataconnect.yaml in `f:\\React\\Animation\\Graduation-Project\\dataconnect`\n"}}
[debug] [2026-05-21T03:13:00.086Z] E0521 06:13:00.087104   32040 watch.go:40] Failed to load config from "f:\\React\\Animation\\Graduation-Project\\dataconnect": could not find dataconnect.yaml in `f:\React\Animation\Graduation-Project\dataconnect`
 {"metadata":{"emulator":{"name":"dataconnect"},"message":"E0521 06:13:00.087104   32040 watch.go:40] Failed to load config from \"f:\\\\React\\\\Animation\\\\Graduation-Project\\\\dataconnect\": could not find dataconnect.yaml in `f:\\React\\Animation\\Graduation-Project\\dataconnect`\n"}}
[debug] [2026-05-21T03:13:10.086Z] E0521 06:13:10.087094   32040 watch.go:40] Failed to load config from "f:\\React\\Animation\\Graduation-Project\\dataconnect": could not find dataconnect.yaml in `f:\React\Animation\Graduation-Project\dataconnect`
 {"metadata":{"emulator":{"name":"dataconnect"},"message":"E0521 06:13:10.087094   32040 watch.go:40] Failed to load config from \"f:\\\\React\\\\Animation\\\\Graduation-Project\\\\dataconnect\": could not find dataconnect.yaml in `f:\\React\\Animation\\Graduation-Project\\dataconnect`\n"}}
[debug] [2026-05-21T03:13:20.086Z] E0521 06:13:20.087038   32040 watch.go:40] Failed to load config from "f:\\React\\Animation\\Graduation-Project\\dataconnect": could not find dataconnect.yaml in `f:\React\Animation\Graduation-Project\dataconnect`
 {"metadata":{"emulator":{"name":"dataconnect"},"message":"E0521 06:13:20.087038   32040 watch.go:40] Failed to load config from \"f:\\\\React\\\\Animation\\\\Graduation-Project\\\\dataconnect\": could not find dataconnect.yaml in `f:\\React\\Animation\\Graduation-Project\\dataconnect`\n"}}
[debug] [2026-05-21T03:13:30.087Z] E0521 06:13:30.086948   32040 watch.go:40] Failed to load config from "f:\\React\\Animation\\Graduation-Project\\dataconnect": could not find dataconnect.yaml in `f:\React\Animation\Graduation-Project\dataconnect`
 {"metadata":{"emulator":{"name":"dataconnect"},"message":"E0521 06:13:30.086948   32040 watch.go:40] Failed to load config from \"f:\\\\React\\\\Animation\\\\Graduation-Project\\\\dataconnect\": could not find dataconnect.yaml in `f:\\React\\Animation\\Graduation-Project\\dataconnect`\n"}}
[debug] [2026-05-21T03:13:40.087Z] E0521 06:13:40.087236   32040 watch.go:116] watchAllDir unable to walk dir `f:\React\Animation\Graduation-Project\dataconnect`: GetFileAttributesEx f:\React\Animation\Graduation-Project\dataconnect: The system cannot find the file specified.
 {"metadata":{"emulator":{"name":"dataconnect"},"message":"E0521 06:13:40.087236   32040 watch.go:116] watchAllDir unable to walk dir `f:\\React\\Animation\\Graduation-Project\\dataconnect`: GetFileAttributesEx f:\\React\\Animation\\Graduation-Project\\dataconnect: The system cannot find the file specified.\n"}}
[debug] [2026-05-21T03:13:40.087Z] E0521 06:13:40.087236   32040 watch.go:40] Failed to load config from "f:\\React\\Animation\\Graduation-Project\\dataconnect": could not find dataconnect.yaml in `f:\React\Animation\Graduation-Project\dataconnect`
 {"metadata":{"emulator":{"name":"dataconnect"},"message":"E0521 06:13:40.087236   32040 watch.go:40] Failed to load config from \"f:\\\\React\\\\Animation\\\\Graduation-Project\\\\dataconnect\": could not find dataconnect.yaml in `f:\\React\\Animation\\Graduation-Project\\dataconnect`\n"}}
[debug] [2026-05-21T03:13:50.087Z] E0521 06:13:50.087313   32040 watch.go:40] Failed to load config from "f:\\React\\Animation\\Graduation-Project\\dataconnect": could not find dataconnect.yaml in `f:\React\Animation\Graduation-Project\dataconnect`
 {"metadata":{"emulator":{"name":"dataconnect"},"message":"E0521 06:13:50.087313   32040 watch.go:40] Failed to load config from \"f:\\\\React\\\\Animation\\\\Graduation-Project\\\\dataconnect\": could not find dataconnect.yaml in `f:\\React\\Animation\\Graduation-Project\\dataconnect`\n"}}
[debug] [2026-05-21T03:14:00.087Z] E0521 06:14:00.087283   32040 watch.go:40] Failed to load config from "f:\\React\\Animation\\Graduation-Project\\dataconnect": could not find dataconnect.yaml in `f:\React\Animation\Graduation-Project\dataconnect`
 {"metadata":{"emulator":{"name":"dataconnect"},"message":"E0521 06:14:00.087283   32040 watch.go:40] Failed to load config from \"f:\\\\React\\\\Animation\\\\Graduation-Project\\\\dataconnect\": could not find dataconnect.yaml in `f:\\React\\Animation\\Graduation-Project\\dataconnect`\n"}}
[debug] [2026-05-21T03:14:10.087Z] E0521 06:14:10.086950   32040 watch.go:40] Failed to load config from "f:\\React\\Animation\\Graduation-Project\\dataconnect": could not find dataconnect.yaml in `f:\React\Animation\Graduation-Project\dataconnect`
 {"metadata":{"emulator":{"name":"dataconnect"},"message":"E0521 06:14:10.086950   32040 watch.go:40] Failed to load config from \"f:\\\\React\\\\Animation\\\\Graduation-Project\\\\dataconnect\": could not find dataconnect.yaml in `f:\\React\\Animation\\Graduation-Project\\dataconnect`\n"}}
[debug] [2026-05-21T03:14:20.087Z] E0521 06:14:20.087164   32040 watch.go:40] Failed to load config from "f:\\React\\Animation\\Graduation-Project\\dataconnect": could not find dataconnect.yaml in `f:\React\Animation\Graduation-Project\dataconnect`
 {"metadata":{"emulator":{"name":"dataconnect"},"message":"E0521 06:14:20.087164   32040 watch.go:40] Failed to load config from \"f:\\\\React\\\\Animation\\\\Graduation-Project\\\\dataconnect\": could not find dataconnect.yaml in `f:\\React\\Animation\\Graduation-Project\\dataconnect`\n"}}
[debug] [2026-05-21T03:14:30.087Z] E0521 06:14:30.087058   32040 watch.go:40] Failed to load config from "f:\\React\\Animation\\Graduation-Project\\dataconnect": could not find dataconnect.yaml in `f:\React\Animation\Graduation-Project\dataconnect`
 {"metadata":{"emulator":{"name":"dataconnect"},"message":"E0521 06:14:30.087058   32040 watch.go:40] Failed to load config from \"f:\\\\React\\\\Animation\\\\Graduation-Project\\\\dataconnect\": could not find dataconnect.yaml in `f:\\React\\Animation\\Graduation-Project\\dataconnect`\n"}}
[debug] [2026-05-21T03:14:40.087Z] E0521 06:14:40.087095   32040 watch.go:116] watchAllDir unable to walk dir `f:\React\Animation\Graduation-Project\dataconnect`: GetFileAttributesEx f:\React\Animation\Graduation-Project\dataconnect: The system cannot find the file specified.
E0521 06:14:40.087095   32040 watch.go:40] Failed to load config from "f:\\React\\Animation\\Graduation-Project\\dataconnect": could not find dataconnect.yaml in `f:\React\Animation\Graduation-Project\dataconnect`
 {"metadata":{"emulator":{"name":"dataconnect"},"message":"E0521 06:14:40.087095   32040 watch.go:116] watchAllDir unable to walk dir `f:\\React\\Animation\\Graduation-Project\\dataconnect`: GetFileAttributesEx f:\\React\\Animation\\Graduation-Project\\dataconnect: The system cannot find the file specified.\nE0521 06:14:40.087095   32040 watch.go:40] Failed to load config from \"f:\\\\React\\\\Animation\\\\Graduation-Project\\\\dataconnect\": could not find dataconnect.yaml in `f:\\React\\Animation\\Graduation-Project\\dataconnect`\n"}}
[debug] [2026-05-21T03:14:50.087Z] E0521 06:14:50.087105   32040 watch.go:40] Failed to load config from "f:\\React\\Animation\\Graduation-Project\\dataconnect": could not find dataconnect.yaml in `f:\React\Animation\Graduation-Project\dataconnect`
 {"metadata":{"emulator":{"name":"dataconnect"},"message":"E0521 06:14:50.087105   32040 watch.go:40] Failed to load config from \"f:\\\\React\\\\Animation\\\\Graduation-Project\\\\dataconnect\": could not find dataconnect.yaml in `f:\\React\\Animation\\Graduation-Project\\dataconnect`\n"}}
[debug] [2026-05-21T03:15:00.086Z] E0521 06:15:00.086963   32040 watch.go:40] Failed to load config from "f:\\React\\Animation\\Graduation-Project\\dataconnect": could not find dataconnect.yaml in `f:\React\Animation\Graduation-Project\dataconnect`
 {"metadata":{"emulator":{"name":"dataconnect"},"message":"E0521 06:15:00.086963   32040 watch.go:40] Failed to load config from \"f:\\\\React\\\\Animation\\\\Graduation-Project\\\\dataconnect\": could not find dataconnect.yaml in `f:\\React\\Animation\\Graduation-Project\\dataconnect`\n"}}
[debug] [2026-05-21T03:15:10.087Z] E0521 06:15:10.086960   32040 watch.go:40] Failed to load config from "f:\\React\\Animation\\Graduation-Project\\dataconnect": could not find dataconnect.yaml in `f:\React\Animation\Graduation-Project\dataconnect`
 {"metadata":{"emulator":{"name":"dataconnect"},"message":"E0521 06:15:10.086960   32040 watch.go:40] Failed to load config from \"f:\\\\React\\\\Animation\\\\Graduation-Project\\\\dataconnect\": could not find dataconnect.yaml in `f:\\React\\Animation\\Graduation-Project\\dataconnect`\n"}}
[debug] [2026-05-21T03:15:20.087Z] E0521 06:15:20.087269   32040 watch.go:40] Failed to load config from "f:\\React\\Animation\\Graduation-Project\\dataconnect": could not find dataconnect.yaml in `f:\React\Animation\Graduation-Project\dataconnect`
 {"metadata":{"emulator":{"name":"dataconnect"},"message":"E0521 06:15:20.087269   32040 watch.go:40] Failed to load config from \"f:\\\\React\\\\Animation\\\\Graduation-Project\\\\dataconnect\": could not find dataconnect.yaml in `f:\\React\\Animation\\Graduation-Project\\dataconnect`\n"}}
[debug] [2026-05-21T03:15:30.087Z] E0521 06:15:30.087218   32040 watch.go:40] Failed to load config from "f:\\React\\Animation\\Graduation-Project\\dataconnect": could not find dataconnect.yaml in `f:\React\Animation\Graduation-Project\dataconnect`
 {"metadata":{"emulator":{"name":"dataconnect"},"message":"E0521 06:15:30.087218   32040 watch.go:40] Failed to load config from \"f:\\\\React\\\\Animation\\\\Graduation-Project\\\\dataconnect\": could not find dataconnect.yaml in `f:\\React\\Animation\\Graduation-Project\\dataconnect`\n"}}
[debug] [2026-05-21T03:15:40.087Z] E0521 06:15:40.087025   32040 watch.go:116] watchAllDir unable to walk dir `f:\React\Animation\Graduation-Project\dataconnect`: GetFileAttributesEx f:\React\Animation\Graduation-Project\dataconnect: The system cannot find the file specified.
 {"metadata":{"emulator":{"name":"dataconnect"},"message":"E0521 06:15:40.087025   32040 watch.go:116] watchAllDir unable to walk dir `f:\\React\\Animation\\Graduation-Project\\dataconnect`: GetFileAttributesEx f:\\React\\Animation\\Graduation-Project\\dataconnect: The system cannot find the file specified.\n"}}
[debug] [2026-05-21T03:15:40.087Z] E0521 06:15:40.087025   32040 watch.go:40] Failed to load config from "f:\\React\\Animation\\Graduation-Project\\dataconnect": could not find dataconnect.yaml in `f:\React\Animation\Graduation-Project\dataconnect`
 {"metadata":{"emulator":{"name":"dataconnect"},"message":"E0521 06:15:40.087025   32040 watch.go:40] Failed to load config from \"f:\\\\React\\\\Animation\\\\Graduation-Project\\\\dataconnect\": could not find dataconnect.yaml in `f:\\React\\Animation\\Graduation-Project\\dataconnect`\n"}}
[debug] [2026-05-21T03:15:50.087Z] E0521 06:15:50.087149   32040 watch.go:40] Failed to load config from "f:\\React\\Animation\\Graduation-Project\\dataconnect": could not find dataconnect.yaml in `f:\React\Animation\Graduation-Project\dataconnect`
 {"metadata":{"emulator":{"name":"dataconnect"},"message":"E0521 06:15:50.087149   32040 watch.go:40] Failed to load config from \"f:\\\\React\\\\Animation\\\\Graduation-Project\\\\dataconnect\": could not find dataconnect.yaml in `f:\\React\\Animation\\Graduation-Project\\dataconnect`\n"}}
[debug] [2026-05-21T03:16:00.087Z] E0521 06:16:00.087098   32040 watch.go:40] Failed to load config from "f:\\React\\Animation\\Graduation-Project\\dataconnect": could not find dataconnect.yaml in `f:\React\Animation\Graduation-Project\dataconnect`
 {"metadata":{"emulator":{"name":"dataconnect"},"message":"E0521 06:16:00.087098   32040 watch.go:40] Failed to load config from \"f:\\\\React\\\\Animation\\\\Graduation-Project\\\\dataconnect\": could not find dataconnect.yaml in `f:\\React\\Animation\\Graduation-Project\\dataconnect`\n"}}
[debug] [2026-05-21T03:16:10.087Z] E0521 06:16:10.087183   32040 watch.go:40] Failed to load config from "f:\\React\\Animation\\Graduation-Project\\dataconnect": could not find dataconnect.yaml in `f:\React\Animation\Graduation-Project\dataconnect`
 {"metadata":{"emulator":{"name":"dataconnect"},"message":"E0521 06:16:10.087183   32040 watch.go:40] Failed to load config from \"f:\\\\React\\\\Animation\\\\Graduation-Project\\\\dataconnect\": could not find dataconnect.yaml in `f:\\React\\Animation\\Graduation-Project\\dataconnect`\n"}}
[debug] [2026-05-21T03:16:20.087Z] E0521 06:16:20.087318   32040 watch.go:40] Failed to load config from "f:\\React\\Animation\\Graduation-Project\\dataconnect": could not find dataconnect.yaml in `f:\React\Animation\Graduation-Project\dataconnect`
 {"metadata":{"emulator":{"name":"dataconnect"},"message":"E0521 06:16:20.087318   32040 watch.go:40] Failed to load config from \"f:\\\\React\\\\Animation\\\\Graduation-Project\\\\dataconnect\": could not find dataconnect.yaml in `f:\\React\\Animation\\Graduation-Project\\dataconnect`\n"}}
[debug] [2026-05-21T03:16:30.087Z] E0521 06:16:30.087354   32040 watch.go:40] Failed to load config from "f:\\React\\Animation\\Graduation-Project\\dataconnect": could not find dataconnect.yaml in `f:\React\Animation\Graduation-Project\dataconnect`
 {"metadata":{"emulator":{"name":"dataconnect"},"message":"E0521 06:16:30.087354   32040 watch.go:40] Failed to load config from \"f:\\\\React\\\\Animation\\\\Graduation-Project\\\\dataconnect\": could not find dataconnect.yaml in `f:\\React\\Animation\\Graduation-Project\\dataconnect`\n"}}
[debug] [2026-05-21T03:16:40.087Z] E0521 06:16:40.087004   32040 watch.go:116] watchAllDir unable to walk dir `f:\React\Animation\Graduation-Project\dataconnect`: GetFileAttributesEx f:\React\Animation\Graduation-Project\dataconnect: The system cannot find the file specified.
 {"metadata":{"emulator":{"name":"dataconnect"},"message":"E0521 06:16:40.087004   32040 watch.go:116] watchAllDir unable to walk dir `f:\\React\\Animation\\Graduation-Project\\dataconnect`: GetFileAttributesEx f:\\React\\Animation\\Graduation-Project\\dataconnect: The system cannot find the file specified.\n"}}
[debug] [2026-05-21T03:16:40.087Z] E0521 06:16:40.087004   32040 watch.go:40] Failed to load config from "f:\\React\\Animation\\Graduation-Project\\dataconnect": could not find dataconnect.yaml in `f:\React\Animation\Graduation-Project\dataconnect`
 {"metadata":{"emulator":{"name":"dataconnect"},"message":"E0521 06:16:40.087004   32040 watch.go:40] Failed to load config from \"f:\\\\React\\\\Animation\\\\Graduation-Project\\\\dataconnect\": could not find dataconnect.yaml in `f:\\React\\Animation\\Graduation-Project\\dataconnect`\n"}}
[debug] [2026-05-21T03:16:50.087Z] E0521 06:16:50.087059   32040 watch.go:40] Failed to load config from "f:\\React\\Animation\\Graduation-Project\\dataconnect": could not find dataconnect.yaml in `f:\React\Animation\Graduation-Project\dataconnect`
 {"metadata":{"emulator":{"name":"dataconnect"},"message":"E0521 06:16:50.087059   32040 watch.go:40] Failed to load config from \"f:\\\\React\\\\Animation\\\\Graduation-Project\\\\dataconnect\": could not find dataconnect.yaml in `f:\\React\\Animation\\Graduation-Project\\dataconnect`\n"}}
[debug] [2026-05-21T03:17:00.087Z] E0521 06:17:00.087247   32040 watch.go:40] Failed to load config from "f:\\React\\Animation\\Graduation-Project\\dataconnect": could not find dataconnect.yaml in `f:\React\Animation\Graduation-Project\dataconnect`
 {"metadata":{"emulator":{"name":"dataconnect"},"message":"E0521 06:17:00.087247   32040 watch.go:40] Failed to load config from \"f:\\\\React\\\\Animation\\\\Graduation-Project\\\\dataconnect\": could not find dataconnect.yaml in `f:\\React\\Animation\\Graduation-Project\\dataconnect`\n"}}
[debug] [2026-05-21T03:17:10.087Z] E0521 06:17:10.087314   32040 watch.go:40] Failed to load config from "f:\\React\\Animation\\Graduation-Project\\dataconnect": could not find dataconnect.yaml in `f:\React\Animation\Graduation-Project\dataconnect`
 {"metadata":{"emulator":{"name":"dataconnect"},"message":"E0521 06:17:10.087314   32040 watch.go:40] Failed to load config from \"f:\\\\React\\\\Animation\\\\Graduation-Project\\\\dataconnect\": could not find dataconnect.yaml in `f:\\React\\Animation\\Graduation-Project\\dataconnect`\n"}}
[debug] [2026-05-21T03:17:20.087Z] E0521 06:17:20.087333   32040 watch.go:40] Failed to load config from "f:\\React\\Animation\\Graduation-Project\\dataconnect": could not find dataconnect.yaml in `f:\React\Animation\Graduation-Project\dataconnect`
 {"metadata":{"emulator":{"name":"dataconnect"},"message":"E0521 06:17:20.087333   32040 watch.go:40] Failed to load config from \"f:\\\\React\\\\Animation\\\\Graduation-Project\\\\dataconnect\": could not find dataconnect.yaml in `f:\\React\\Animation\\Graduation-Project\\dataconnect`\n"}}
[debug] [2026-05-21T03:17:30.087Z] E0521 06:17:30.086954   32040 watch.go:40] Failed to load config from "f:\\React\\Animation\\Graduation-Project\\dataconnect": could not find dataconnect.yaml in `f:\React\Animation\Graduation-Project\dataconnect`
 {"metadata":{"emulator":{"name":"dataconnect"},"message":"E0521 06:17:30.086954   32040 watch.go:40] Failed to load config from \"f:\\\\React\\\\Animation\\\\Graduation-Project\\\\dataconnect\": could not find dataconnect.yaml in `f:\\React\\Animation\\Graduation-Project\\dataconnect`\n"}}
[debug] [2026-05-21T03:17:40.087Z] E0521 06:17:40.087339   32040 watch.go:116] watchAllDir unable to walk dir `f:\React\Animation\Graduation-Project\dataconnect`: GetFileAttributesEx f:\React\Animation\Graduation-Project\dataconnect: The system cannot find the file specified.
E0521 06:17:40.087339   32040 watch.go:40] Failed to load config from "f:\\React\\Animation\\Graduation-Project\\dataconnect": could not find dataconnect.yaml in `f:\React\Animation\Graduation-Project\dataconnect`
 {"metadata":{"emulator":{"name":"dataconnect"},"message":"E0521 06:17:40.087339   32040 watch.go:116] watchAllDir unable to walk dir `f:\\React\\Animation\\Graduation-Project\\dataconnect`: GetFileAttributesEx f:\\React\\Animation\\Graduation-Project\\dataconnect: The system cannot find the file specified.\nE0521 06:17:40.087339   32040 watch.go:40] Failed to load config from \"f:\\\\React\\\\Animation\\\\Graduation-Project\\\\dataconnect\": could not find dataconnect.yaml in `f:\\React\\Animation\\Graduation-Project\\dataconnect`\n"}}
[debug] [2026-05-21T03:17:50.087Z] E0521 06:17:50.087203   32040 watch.go:40] Failed to load config from "f:\\React\\Animation\\Graduation-Project\\dataconnect": could not find dataconnect.yaml in `f:\React\Animation\Graduation-Project\dataconnect`
 {"metadata":{"emulator":{"name":"dataconnect"},"message":"E0521 06:17:50.087203   32040 watch.go:40] Failed to load config from \"f:\\\\React\\\\Animation\\\\Graduation-Project\\\\dataconnect\": could not find dataconnect.yaml in `f:\\React\\Animation\\Graduation-Project\\dataconnect`\n"}}
[debug] [2026-05-21T03:18:00.087Z] E0521 06:18:00.087311   32040 watch.go:40] Failed to load config from "f:\\React\\Animation\\Graduation-Project\\dataconnect": could not find dataconnect.yaml in `f:\React\Animation\Graduation-Project\dataconnect`
 {"metadata":{"emulator":{"name":"dataconnect"},"message":"E0521 06:18:00.087311   32040 watch.go:40] Failed to load config from \"f:\\\\React\\\\Animation\\\\Graduation-Project\\\\dataconnect\": could not find dataconnect.yaml in `f:\\React\\Animation\\Graduation-Project\\dataconnect`\n"}}
[debug] [2026-05-21T03:18:10.087Z] E0521 06:18:10.087265   32040 watch.go:40] Failed to load config from "f:\\React\\Animation\\Graduation-Project\\dataconnect": could not find dataconnect.yaml in `f:\React\Animation\Graduation-Project\dataconnect`
 {"metadata":{"emulator":{"name":"dataconnect"},"message":"E0521 06:18:10.087265   32040 watch.go:40] Failed to load config from \"f:\\\\React\\\\Animation\\\\Graduation-Project\\\\dataconnect\": could not find dataconnect.yaml in `f:\\React\\Animation\\Graduation-Project\\dataconnect`\n"}}
[debug] [2026-05-21T03:18:20.087Z] E0521 06:18:20.087225   32040 watch.go:40] Failed to load config from "f:\\React\\Animation\\Graduation-Project\\dataconnect": could not find dataconnect.yaml in `f:\React\Animation\Graduation-Project\dataconnect`
 {"metadata":{"emulator":{"name":"dataconnect"},"message":"E0521 06:18:20.087225   32040 watch.go:40] Failed to load config from \"f:\\\\React\\\\Animation\\\\Graduation-Project\\\\dataconnect\": could not find dataconnect.yaml in `f:\\React\\Animation\\Graduation-Project\\dataconnect`\n"}}
[debug] [2026-05-21T03:18:30.087Z] E0521 06:18:30.087006   32040 watch.go:40] Failed to load config from "f:\\React\\Animation\\Graduation-Project\\dataconnect": could not find dataconnect.yaml in `f:\React\Animation\Graduation-Project\dataconnect`
 {"metadata":{"emulator":{"name":"dataconnect"},"message":"E0521 06:18:30.087006   32040 watch.go:40] Failed to load config from \"f:\\\\React\\\\Animation\\\\Graduation-Project\\\\dataconnect\": could not find dataconnect.yaml in `f:\\React\\Animation\\Graduation-Project\\dataconnect`\n"}}
[debug] [2026-05-21T03:18:40.096Z] E0521 06:18:40.087334   32040 watch.go:116] watchAllDir unable to walk dir `f:\React\Animation\Graduation-Project\dataconnect`: GetFileAttributesEx f:\React\Animation\Graduation-Project\dataconnect: The system cannot find the file specified.
E0521 06:18:40.087334   32040 watch.go:40] Failed to load config from "f:\\React\\Animation\\Graduation-Project\\dataconnect": could not find dataconnect.yaml in `f:\React\Animation\Graduation-Project\dataconnect`
 {"metadata":{"emulator":{"name":"dataconnect"},"message":"E0521 06:18:40.087334   32040 watch.go:116] watchAllDir unable to walk dir `f:\\React\\Animation\\Graduation-Project\\dataconnect`: GetFileAttributesEx f:\\React\\Animation\\Graduation-Project\\dataconnect: The system cannot find the file specified.\nE0521 06:18:40.087334   32040 watch.go:40] Failed to load config from \"f:\\\\React\\\\Animation\\\\Graduation-Project\\\\dataconnect\": could not find dataconnect.yaml in `f:\\React\\Animation\\Graduation-Project\\dataconnect`\n"}}
[debug] [2026-05-21T03:18:50.087Z] E0521 06:18:50.086933   32040 watch.go:40] Failed to load config from "f:\\React\\Animation\\Graduation-Project\\dataconnect": could not find dataconnect.yaml in `f:\React\Animation\Graduation-Project\dataconnect`
 {"metadata":{"emulator":{"name":"dataconnect"},"message":"E0521 06:18:50.086933   32040 watch.go:40] Failed to load config from \"f:\\\\React\\\\Animation\\\\Graduation-Project\\\\dataconnect\": could not find dataconnect.yaml in `f:\\React\\Animation\\Graduation-Project\\dataconnect`\n"}}
[debug] [2026-05-21T03:19:00.087Z] E0521 06:19:00.087321   32040 watch.go:40] Failed to load config from "f:\\React\\Animation\\Graduation-Project\\dataconnect": could not find dataconnect.yaml in `f:\React\Animation\Graduation-Project\dataconnect`
 {"metadata":{"emulator":{"name":"dataconnect"},"message":"E0521 06:19:00.087321   32040 watch.go:40] Failed to load config from \"f:\\\\React\\\\Animation\\\\Graduation-Project\\\\dataconnect\": could not find dataconnect.yaml in `f:\\React\\Animation\\Graduation-Project\\dataconnect`\n"}}
[debug] [2026-05-21T03:19:10.087Z] E0521 06:19:10.087294   32040 watch.go:40] Failed to load config from "f:\\React\\Animation\\Graduation-Project\\dataconnect": could not find dataconnect.yaml in `f:\React\Animation\Graduation-Project\dataconnect`
 {"metadata":{"emulator":{"name":"dataconnect"},"message":"E0521 06:19:10.087294   32040 watch.go:40] Failed to load config from \"f:\\\\React\\\\Animation\\\\Graduation-Project\\\\dataconnect\": could not find dataconnect.yaml in `f:\\React\\Animation\\Graduation-Project\\dataconnect`\n"}}
[debug] [2026-05-21T03:19:20.086Z] E0521 06:19:20.086954   32040 watch.go:40] Failed to load config from "f:\\React\\Animation\\Graduation-Project\\dataconnect": could not find dataconnect.yaml in `f:\React\Animation\Graduation-Project\dataconnect`
 {"metadata":{"emulator":{"name":"dataconnect"},"message":"E0521 06:19:20.086954   32040 watch.go:40] Failed to load config from \"f:\\\\React\\\\Animation\\\\Graduation-Project\\\\dataconnect\": could not find dataconnect.yaml in `f:\\React\\Animation\\Graduation-Project\\dataconnect`\n"}}
[debug] [2026-05-21T03:19:30.086Z] E0521 06:19:30.086883   32040 watch.go:40] Failed to load config from "f:\\React\\Animation\\Graduation-Project\\dataconnect": could not find dataconnect.yaml in `f:\React\Animation\Graduation-Project\dataconnect`
 {"metadata":{"emulator":{"name":"dataconnect"},"message":"E0521 06:19:30.086883   32040 watch.go:40] Failed to load config from \"f:\\\\React\\\\Animation\\\\Graduation-Project\\\\dataconnect\": could not find dataconnect.yaml in `f:\\React\\Animation\\Graduation-Project\\dataconnect`\n"}}
[debug] [2026-05-21T03:19:40.087Z] E0521 06:19:40.087267   32040 watch.go:116] watchAllDir unable to walk dir `f:\React\Animation\Graduation-Project\dataconnect`: GetFileAttributesEx f:\React\Animation\Graduation-Project\dataconnect: The system cannot find the file specified.
E0521 06:19:40.087267   32040 watch.go:40] Failed to load config from "f:\\React\\Animation\\Graduation-Project\\dataconnect": could not find dataconnect.yaml in `f:\React\Animation\Graduation-Project\dataconnect`
 {"metadata":{"emulator":{"name":"dataconnect"},"message":"E0521 06:19:40.087267   32040 watch.go:116] watchAllDir unable to walk dir `f:\\React\\Animation\\Graduation-Project\\dataconnect`: GetFileAttributesEx f:\\React\\Animation\\Graduation-Project\\dataconnect: The system cannot find the file specified.\nE0521 06:19:40.087267   32040 watch.go:40] Failed to load config from \"f:\\\\React\\\\Animation\\\\Graduation-Project\\\\dataconnect\": could not find dataconnect.yaml in `f:\\React\\Animation\\Graduation-Project\\dataconnect`\n"}}
[debug] [2026-05-21T03:19:50.087Z] E0521 06:19:50.087381   32040 watch.go:40] Failed to load config from "f:\\React\\Animation\\Graduation-Project\\dataconnect": could not find dataconnect.yaml in `f:\React\Animation\Graduation-Project\dataconnect`
 {"metadata":{"emulator":{"name":"dataconnect"},"message":"E0521 06:19:50.087381   32040 watch.go:40] Failed to load config from \"f:\\\\React\\\\Animation\\\\Graduation-Project\\\\dataconnect\": could not find dataconnect.yaml in `f:\\React\\Animation\\Graduation-Project\\dataconnect`\n"}}
[debug] [2026-05-21T03:20:00.087Z] E0521 06:20:00.087113   32040 watch.go:40] Failed to load config from "f:\\React\\Animation\\Graduation-Project\\dataconnect": could not find dataconnect.yaml in `f:\React\Animation\Graduation-Project\dataconnect`
 {"metadata":{"emulator":{"name":"dataconnect"},"message":"E0521 06:20:00.087113   32040 watch.go:40] Failed to load config from \"f:\\\\React\\\\Animation\\\\Graduation-Project\\\\dataconnect\": could not find dataconnect.yaml in `f:\\React\\Animation\\Graduation-Project\\dataconnect`\n"}}
[debug] [2026-05-21T03:20:10.087Z] E0521 06:20:10.087181   32040 watch.go:40] Failed to load config from "f:\\React\\Animation\\Graduation-Project\\dataconnect": could not find dataconnect.yaml in `f:\React\Animation\Graduation-Project\dataconnect`
 {"metadata":{"emulator":{"name":"dataconnect"},"message":"E0521 06:20:10.087181   32040 watch.go:40] Failed to load config from \"f:\\\\React\\\\Animation\\\\Graduation-Project\\\\dataconnect\": could not find dataconnect.yaml in `f:\\React\\Animation\\Graduation-Project\\dataconnect`\n"}}
[debug] [2026-05-21T03:20:20.087Z] E0521 06:20:20.087232   32040 watch.go:40] Failed to load config from "f:\\React\\Animation\\Graduation-Project\\dataconnect": could not find dataconnect.yaml in `f:\React\Animation\Graduation-Project\dataconnect`
 {"metadata":{"emulator":{"name":"dataconnect"},"message":"E0521 06:20:20.087232   32040 watch.go:40] Failed to load config from \"f:\\\\React\\\\Animation\\\\Graduation-Project\\\\dataconnect\": could not find dataconnect.yaml in `f:\\React\\Animation\\Graduation-Project\\dataconnect`\n"}}
[debug] [2026-05-21T03:20:30.087Z] E0521 06:20:30.086973   32040 watch.go:40] Failed to load config from "f:\\React\\Animation\\Graduation-Project\\dataconnect": could not find dataconnect.yaml in `f:\React\Animation\Graduation-Project\dataconnect`
 {"metadata":{"emulator":{"name":"dataconnect"},"message":"E0521 06:20:30.086973   32040 watch.go:40] Failed to load config from \"f:\\\\React\\\\Animation\\\\Graduation-Project\\\\dataconnect\": could not find dataconnect.yaml in `f:\\React\\Animation\\Graduation-Project\\dataconnect`\n"}}
[debug] [2026-05-21T03:20:40.087Z] E0521 06:20:40.087358   32040 watch.go:116] watchAllDir unable to walk dir `f:\React\Animation\Graduation-Project\dataconnect`: GetFileAttributesEx f:\React\Animation\Graduation-Project\dataconnect: The system cannot find the file specified.
E0521 06:20:40.087358   32040 watch.go:40] Failed to load config from "f:\\React\\Animation\\Graduation-Project\\dataconnect": could not find dataconnect.yaml in `f:\React\Animation\Graduation-Project\dataconnect`
 {"metadata":{"emulator":{"name":"dataconnect"},"message":"E0521 06:20:40.087358   32040 watch.go:116] watchAllDir unable to walk dir `f:\\React\\Animation\\Graduation-Project\\dataconnect`: GetFileAttributesEx f:\\React\\Animation\\Graduation-Project\\dataconnect: The system cannot find the file specified.\nE0521 06:20:40.087358   32040 watch.go:40] Failed to load config from \"f:\\\\React\\\\Animation\\\\Graduation-Project\\\\dataconnect\": could not find dataconnect.yaml in `f:\\React\\Animation\\Graduation-Project\\dataconnect`\n"}}
[debug] [2026-05-21T03:20:50.087Z] E0521 06:20:50.087013   32040 watch.go:40] Failed to load config from "f:\\React\\Animation\\Graduation-Project\\dataconnect": could not find dataconnect.yaml in `f:\React\Animation\Graduation-Project\dataconnect`
 {"metadata":{"emulator":{"name":"dataconnect"},"message":"E0521 06:20:50.087013   32040 watch.go:40] Failed to load config from \"f:\\\\React\\\\Animation\\\\Graduation-Project\\\\dataconnect\": could not find dataconnect.yaml in `f:\\React\\Animation\\Graduation-Project\\dataconnect`\n"}}
[debug] [2026-05-21T03:21:00.087Z] E0521 06:21:00.087244   32040 watch.go:40] Failed to load config from "f:\\React\\Animation\\Graduation-Project\\dataconnect": could not find dataconnect.yaml in `f:\React\Animation\Graduation-Project\dataconnect`
 {"metadata":{"emulator":{"name":"dataconnect"},"message":"E0521 06:21:00.087244   32040 watch.go:40] Failed to load config from \"f:\\\\React\\\\Animation\\\\Graduation-Project\\\\dataconnect\": could not find dataconnect.yaml in `f:\\React\\Animation\\Graduation-Project\\dataconnect`\n"}}
[debug] [2026-05-21T03:21:10.087Z] E0521 06:21:10.086988   32040 watch.go:40] Failed to load config from "f:\\React\\Animation\\Graduation-Project\\dataconnect": could not find dataconnect.yaml in `f:\React\Animation\Graduation-Project\dataconnect`
 {"metadata":{"emulator":{"name":"dataconnect"},"message":"E0521 06:21:10.086988   32040 watch.go:40] Failed to load config from \"f:\\\\React\\\\Animation\\\\Graduation-Project\\\\dataconnect\": could not find dataconnect.yaml in `f:\\React\\Animation\\Graduation-Project\\dataconnect`\n"}}
[debug] [2026-05-21T03:21:20.087Z] E0521 06:21:20.086996   32040 watch.go:40] Failed to load config from "f:\\React\\Animation\\Graduation-Project\\dataconnect": could not find dataconnect.yaml in `f:\React\Animation\Graduation-Project\dataconnect`
 {"metadata":{"emulator":{"name":"dataconnect"},"message":"E0521 06:21:20.086996   32040 watch.go:40] Failed to load config from \"f:\\\\React\\\\Animation\\\\Graduation-Project\\\\dataconnect\": could not find dataconnect.yaml in `f:\\React\\Animation\\Graduation-Project\\dataconnect`\n"}}
[debug] [2026-05-21T03:21:30.087Z] E0521 06:21:30.087100   32040 watch.go:40] Failed to load config from "f:\\React\\Animation\\Graduation-Project\\dataconnect": could not find dataconnect.yaml in `f:\React\Animation\Graduation-Project\dataconnect`
 {"metadata":{"emulator":{"name":"dataconnect"},"message":"E0521 06:21:30.087100   32040 watch.go:40] Failed to load config from \"f:\\\\React\\\\Animation\\\\Graduation-Project\\\\dataconnect\": could not find dataconnect.yaml in `f:\\React\\Animation\\Graduation-Project\\dataconnect`\n"}}
[debug] [2026-05-21T03:21:40.087Z] E0521 06:21:40.087377   32040 watch.go:116] watchAllDir unable to walk dir `f:\React\Animation\Graduation-Project\dataconnect`: GetFileAttributesEx f:\React\Animation\Graduation-Project\dataconnect: The system cannot find the file specified.
 {"metadata":{"emulator":{"name":"dataconnect"},"message":"E0521 06:21:40.087377   32040 watch.go:116] watchAllDir unable to walk dir `f:\\React\\Animation\\Graduation-Project\\dataconnect`: GetFileAttributesEx f:\\React\\Animation\\Graduation-Project\\dataconnect: The system cannot find the file specified.\n"}}
[debug] [2026-05-21T03:21:40.087Z] E0521 06:21:40.087377   32040 watch.go:40] Failed to load config from "f:\\React\\Animation\\Graduation-Project\\dataconnect": could not find dataconnect.yaml in `f:\React\Animation\Graduation-Project\dataconnect`
 {"metadata":{"emulator":{"name":"dataconnect"},"message":"E0521 06:21:40.087377   32040 watch.go:40] Failed to load config from \"f:\\\\React\\\\Animation\\\\Graduation-Project\\\\dataconnect\": could not find dataconnect.yaml in `f:\\React\\Animation\\Graduation-Project\\dataconnect`\n"}}
[debug] [2026-05-21T03:21:50.087Z] E0521 06:21:50.086970   32040 watch.go:40] Failed to load config from "f:\\React\\Animation\\Graduation-Project\\dataconnect": could not find dataconnect.yaml in `f:\React\Animation\Graduation-Project\dataconnect`
 {"metadata":{"emulator":{"name":"dataconnect"},"message":"E0521 06:21:50.086970   32040 watch.go:40] Failed to load config from \"f:\\\\React\\\\Animation\\\\Graduation-Project\\\\dataconnect\": could not find dataconnect.yaml in `f:\\React\\Animation\\Graduation-Project\\dataconnect`\n"}}
[debug] [2026-05-21T03:22:00.087Z] E0521 06:22:00.087227   32040 watch.go:40] Failed to load config from "f:\\React\\Animation\\Graduation-Project\\dataconnect": could not find dataconnect.yaml in `f:\React\Animation\Graduation-Project\dataconnect`
 {"metadata":{"emulator":{"name":"dataconnect"},"message":"E0521 06:22:00.087227   32040 watch.go:40] Failed to load config from \"f:\\\\React\\\\Animation\\\\Graduation-Project\\\\dataconnect\": could not find dataconnect.yaml in `f:\\React\\Animation\\Graduation-Project\\dataconnect`\n"}}
[debug] [2026-05-21T03:22:10.091Z] E0521 06:22:10.091199   32040 watch.go:40] Failed to load config from "f:\\React\\Animation\\Graduation-Project\\dataconnect": could not find dataconnect.yaml in `f:\React\Animation\Graduation-Project\dataconnect`
 {"metadata":{"emulator":{"name":"dataconnect"},"message":"E0521 06:22:10.091199   32040 watch.go:40] Failed to load config from \"f:\\\\React\\\\Animation\\\\Graduation-Project\\\\dataconnect\": could not find dataconnect.yaml in `f:\\React\\Animation\\Graduation-Project\\dataconnect`\n"}}
[debug] [2026-05-21T03:22:20.087Z] E0521 06:22:20.087555   32040 watch.go:40] Failed to load config from "f:\\React\\Animation\\Graduation-Project\\dataconnect": could not find dataconnect.yaml in `f:\React\Animation\Graduation-Project\dataconnect`
 {"metadata":{"emulator":{"name":"dataconnect"},"message":"E0521 06:22:20.087555   32040 watch.go:40] Failed to load config from \"f:\\\\React\\\\Animation\\\\Graduation-Project\\\\dataconnect\": could not find dataconnect.yaml in `f:\\React\\Animation\\Graduation-Project\\dataconnect`\n"}}
[debug] [2026-05-21T03:22:30.087Z] E0521 06:22:30.087303   32040 watch.go:40] Failed to load config from "f:\\React\\Animation\\Graduation-Project\\dataconnect": could not find dataconnect.yaml in `f:\React\Animation\Graduation-Project\dataconnect`
 {"metadata":{"emulator":{"name":"dataconnect"},"message":"E0521 06:22:30.087303   32040 watch.go:40] Failed to load config from \"f:\\\\React\\\\Animation\\\\Graduation-Project\\\\dataconnect\": could not find dataconnect.yaml in `f:\\React\\Animation\\Graduation-Project\\dataconnect`\n"}}
[debug] [2026-05-21T03:22:40.087Z] E0521 06:22:40.087221   32040 watch.go:116] watchAllDir unable to walk dir `f:\React\Animation\Graduation-Project\dataconnect`: GetFileAttributesEx f:\React\Animation\Graduation-Project\dataconnect: The system cannot find the file specified.
E0521 06:22:40.087221   32040 watch.go:40] Failed to load config from "f:\\React\\Animation\\Graduation-Project\\dataconnect": could not find dataconnect.yaml in `f:\React\Animation\Graduation-Project\dataconnect`
 {"metadata":{"emulator":{"name":"dataconnect"},"message":"E0521 06:22:40.087221   32040 watch.go:116] watchAllDir unable to walk dir `f:\\React\\Animation\\Graduation-Project\\dataconnect`: GetFileAttributesEx f:\\React\\Animation\\Graduation-Project\\dataconnect: The system cannot find the file specified.\nE0521 06:22:40.087221   32040 watch.go:40] Failed to load config from \"f:\\\\React\\\\Animation\\\\Graduation-Project\\\\dataconnect\": could not find dataconnect.yaml in `f:\\React\\Animation\\Graduation-Project\\dataconnect`\n"}}
[debug] [2026-05-21T03:22:50.087Z] E0521 06:22:50.087239   32040 watch.go:40] Failed to load config from "f:\\React\\Animation\\Graduation-Project\\dataconnect": could not find dataconnect.yaml in `f:\React\Animation\Graduation-Project\dataconnect`
 {"metadata":{"emulator":{"name":"dataconnect"},"message":"E0521 06:22:50.087239   32040 watch.go:40] Failed to load config from \"f:\\\\React\\\\Animation\\\\Graduation-Project\\\\dataconnect\": could not find dataconnect.yaml in `f:\\React\\Animation\\Graduation-Project\\dataconnect`\n"}}
[debug] [2026-05-21T03:23:00.087Z] E0521 06:23:00.087237   32040 watch.go:40] Failed to load config from "f:\\React\\Animation\\Graduation-Project\\dataconnect": could not find dataconnect.yaml in `f:\React\Animation\Graduation-Project\dataconnect`
 {"metadata":{"emulator":{"name":"dataconnect"},"message":"E0521 06:23:00.087237   32040 watch.go:40] Failed to load config from \"f:\\\\React\\\\Animation\\\\Graduation-Project\\\\dataconnect\": could not find dataconnect.yaml in `f:\\React\\Animation\\Graduation-Project\\dataconnect`\n"}}
[debug] [2026-05-21T03:23:10.087Z] E0521 06:23:10.087167   32040 watch.go:40] Failed to load config from "f:\\React\\Animation\\Graduation-Project\\dataconnect": could not find dataconnect.yaml in `f:\React\Animation\Graduation-Project\dataconnect`
 {"metadata":{"emulator":{"name":"dataconnect"},"message":"E0521 06:23:10.087167   32040 watch.go:40] Failed to load config from \"f:\\\\React\\\\Animation\\\\Graduation-Project\\\\dataconnect\": could not find dataconnect.yaml in `f:\\React\\Animation\\Graduation-Project\\dataconnect`\n"}}
[debug] [2026-05-21T03:23:20.087Z] E0521 06:23:20.087056   32040 watch.go:40] Failed to load config from "f:\\React\\Animation\\Graduation-Project\\dataconnect": could not find dataconnect.yaml in `f:\React\Animation\Graduation-Project\dataconnect`
 {"metadata":{"emulator":{"name":"dataconnect"},"message":"E0521 06:23:20.087056   32040 watch.go:40] Failed to load config from \"f:\\\\React\\\\Animation\\\\Graduation-Project\\\\dataconnect\": could not find dataconnect.yaml in `f:\\React\\Animation\\Graduation-Project\\dataconnect`\n"}}
[debug] [2026-05-21T03:23:30.087Z] E0521 06:23:30.087248   32040 watch.go:40] Failed to load config from "f:\\React\\Animation\\Graduation-Project\\dataconnect": could not find dataconnect.yaml in `f:\React\Animation\Graduation-Project\dataconnect`
 {"metadata":{"emulator":{"name":"dataconnect"},"message":"E0521 06:23:30.087248   32040 watch.go:40] Failed to load config from \"f:\\\\React\\\\Animation\\\\Graduation-Project\\\\dataconnect\": could not find dataconnect.yaml in `f:\\React\\Animation\\Graduation-Project\\dataconnect`\n"}}
[debug] [2026-05-21T03:23:40.086Z] E0521 06:23:40.087024   32040 watch.go:116] watchAllDir unable to walk dir `f:\React\Animation\Graduation-Project\dataconnect`: GetFileAttributesEx f:\React\Animation\Graduation-Project\dataconnect: The system cannot find the file specified.
E0521 06:23:40.087024   32040 watch.go:40] Failed to load config from "f:\\React\\Animation\\Graduation-Project\\dataconnect": could not find dataconnect.yaml in `f:\React\Animation\Graduation-Project\dataconnect`
 {"metadata":{"emulator":{"name":"dataconnect"},"message":"E0521 06:23:40.087024   32040 watch.go:116] watchAllDir unable to walk dir `f:\\React\\Animation\\Graduation-Project\\dataconnect`: GetFileAttributesEx f:\\React\\Animation\\Graduation-Project\\dataconnect: The system cannot find the file specified.\nE0521 06:23:40.087024   32040 watch.go:40] Failed to load config from \"f:\\\\React\\\\Animation\\\\Graduation-Project\\\\dataconnect\": could not find dataconnect.yaml in `f:\\React\\Animation\\Graduation-Project\\dataconnect`\n"}}
[debug] [2026-05-21T03:23:50.087Z] E0521 06:23:50.087027   32040 watch.go:40] Failed to load config from "f:\\React\\Animation\\Graduation-Project\\dataconnect": could not find dataconnect.yaml in `f:\React\Animation\Graduation-Project\dataconnect`
 {"metadata":{"emulator":{"name":"dataconnect"},"message":"E0521 06:23:50.087027   32040 watch.go:40] Failed to load config from \"f:\\\\React\\\\Animation\\\\Graduation-Project\\\\dataconnect\": could not find dataconnect.yaml in `f:\\React\\Animation\\Graduation-Project\\dataconnect`\n"}}
[debug] [2026-05-21T03:24:00.087Z] E0521 06:24:00.087204   32040 watch.go:40] Failed to load config from "f:\\React\\Animation\\Graduation-Project\\dataconnect": could not find dataconnect.yaml in `f:\React\Animation\Graduation-Project\dataconnect`
 {"metadata":{"emulator":{"name":"dataconnect"},"message":"E0521 06:24:00.087204   32040 watch.go:40] Failed to load config from \"f:\\\\React\\\\Animation\\\\Graduation-Project\\\\dataconnect\": could not find dataconnect.yaml in `f:\\React\\Animation\\Graduation-Project\\dataconnect`\n"}}
[debug] [2026-05-21T03:24:10.087Z] E0521 06:24:10.087136   32040 watch.go:40] Failed to load config from "f:\\React\\Animation\\Graduation-Project\\dataconnect": could not find dataconnect.yaml in `f:\React\Animation\Graduation-Project\dataconnect`
 {"metadata":{"emulator":{"name":"dataconnect"},"message":"E0521 06:24:10.087136   32040 watch.go:40] Failed to load config from \"f:\\\\React\\\\Animation\\\\Graduation-Project\\\\dataconnect\": could not find dataconnect.yaml in `f:\\React\\Animation\\Graduation-Project\\dataconnect`\n"}}
[debug] [2026-05-21T03:24:20.087Z] E0521 06:24:20.087122   32040 watch.go:40] Failed to load config from "f:\\React\\Animation\\Graduation-Project\\dataconnect": could not find dataconnect.yaml in `f:\React\Animation\Graduation-Project\dataconnect`
 {"metadata":{"emulator":{"name":"dataconnect"},"message":"E0521 06:24:20.087122   32040 watch.go:40] Failed to load config from \"f:\\\\React\\\\Animation\\\\Graduation-Project\\\\dataconnect\": could not find dataconnect.yaml in `f:\\React\\Animation\\Graduation-Project\\dataconnect`\n"}}
[debug] [2026-05-21T03:24:30.087Z] E0521 06:24:30.087173   32040 watch.go:40] Failed to load config from "f:\\React\\Animation\\Graduation-Project\\dataconnect": could not find dataconnect.yaml in `f:\React\Animation\Graduation-Project\dataconnect`
 {"metadata":{"emulator":{"name":"dataconnect"},"message":"E0521 06:24:30.087173   32040 watch.go:40] Failed to load config from \"f:\\\\React\\\\Animation\\\\Graduation-Project\\\\dataconnect\": could not find dataconnect.yaml in `f:\\React\\Animation\\Graduation-Project\\dataconnect`\n"}}
[debug] [2026-05-21T03:24:40.087Z] E0521 06:24:40.087040   32040 watch.go:116] watchAllDir unable to walk dir `f:\React\Animation\Graduation-Project\dataconnect`: GetFileAttributesEx f:\React\Animation\Graduation-Project\dataconnect: The system cannot find the file specified.
E0521 06:24:40.087040   32040 watch.go:40] Failed to load config from "f:\\React\\Animation\\Graduation-Project\\dataconnect": could not find dataconnect.yaml in `f:\React\Animation\Graduation-Project\dataconnect`
 {"metadata":{"emulator":{"name":"dataconnect"},"message":"E0521 06:24:40.087040   32040 watch.go:116] watchAllDir unable to walk dir `f:\\React\\Animation\\Graduation-Project\\dataconnect`: GetFileAttributesEx f:\\React\\Animation\\Graduation-Project\\dataconnect: The system cannot find the file specified.\nE0521 06:24:40.087040   32040 watch.go:40] Failed to load config from \"f:\\\\React\\\\Animation\\\\Graduation-Project\\\\dataconnect\": could not find dataconnect.yaml in `f:\\React\\Animation\\Graduation-Project\\dataconnect`\n"}}
[debug] [2026-05-21T03:24:50.087Z] E0521 06:24:50.087565   32040 watch.go:40] Failed to load config from "f:\\React\\Animation\\Graduation-Project\\dataconnect": could not find dataconnect.yaml in `f:\React\Animation\Graduation-Project\dataconnect`
 {"metadata":{"emulator":{"name":"dataconnect"},"message":"E0521 06:24:50.087565   32040 watch.go:40] Failed to load config from \"f:\\\\React\\\\Animation\\\\Graduation-Project\\\\dataconnect\": could not find dataconnect.yaml in `f:\\React\\Animation\\Graduation-Project\\dataconnect`\n"}}
[debug] [2026-05-21T03:25:00.087Z] E0521 06:25:00.086955   32040 watch.go:40] Failed to load config from "f:\\React\\Animation\\Graduation-Project\\dataconnect": could not find dataconnect.yaml in `f:\React\Animation\Graduation-Project\dataconnect`
 {"metadata":{"emulator":{"name":"dataconnect"},"message":"E0521 06:25:00.086955   32040 watch.go:40] Failed to load config from \"f:\\\\React\\\\Animation\\\\Graduation-Project\\\\dataconnect\": could not find dataconnect.yaml in `f:\\React\\Animation\\Graduation-Project\\dataconnect`\n"}}
[debug] [2026-05-21T03:25:10.087Z] E0521 06:25:10.087334   32040 watch.go:40] Failed to load config from "f:\\React\\Animation\\Graduation-Project\\dataconnect": could not find dataconnect.yaml in `f:\React\Animation\Graduation-Project\dataconnect`
 {"metadata":{"emulator":{"name":"dataconnect"},"message":"E0521 06:25:10.087334   32040 watch.go:40] Failed to load config from \"f:\\\\React\\\\Animation\\\\Graduation-Project\\\\dataconnect\": could not find dataconnect.yaml in `f:\\React\\Animation\\Graduation-Project\\dataconnect`\n"}}
[debug] [2026-05-21T03:25:20.087Z] E0521 06:25:20.087280   32040 watch.go:40] Failed to load config from "f:\\React\\Animation\\Graduation-Project\\dataconnect": could not find dataconnect.yaml in `f:\React\Animation\Graduation-Project\dataconnect`
 {"metadata":{"emulator":{"name":"dataconnect"},"message":"E0521 06:25:20.087280   32040 watch.go:40] Failed to load config from \"f:\\\\React\\\\Animation\\\\Graduation-Project\\\\dataconnect\": could not find dataconnect.yaml in `f:\\React\\Animation\\Graduation-Project\\dataconnect`\n"}}
[debug] [2026-05-21T03:25:30.089Z] E0521 06:25:30.086997   32040 watch.go:40] Failed to load config from "f:\\React\\Animation\\Graduation-Project\\dataconnect": could not find dataconnect.yaml in `f:\React\Animation\Graduation-Project\dataconnect`
 {"metadata":{"emulator":{"name":"dataconnect"},"message":"E0521 06:25:30.086997   32040 watch.go:40] Failed to load config from \"f:\\\\React\\\\Animation\\\\Graduation-Project\\\\dataconnect\": could not find dataconnect.yaml in `f:\\React\\Animation\\Graduation-Project\\dataconnect`\n"}}
[debug] [2026-05-21T03:25:40.087Z] E0521 06:25:40.086938   32040 watch.go:116] watchAllDir unable to walk dir `f:\React\Animation\Graduation-Project\dataconnect`: GetFileAttributesEx f:\React\Animation\Graduation-Project\dataconnect: The system cannot find the file specified.
E0521 06:25:40.086938   32040 watch.go:40] Failed to load config from "f:\\React\\Animation\\Graduation-Project\\dataconnect": could not find dataconnect.yaml in `f:\React\Animation\Graduation-Project\dataconnect`
 {"metadata":{"emulator":{"name":"dataconnect"},"message":"E0521 06:25:40.086938   32040 watch.go:116] watchAllDir unable to walk dir `f:\\React\\Animation\\Graduation-Project\\dataconnect`: GetFileAttributesEx f:\\React\\Animation\\Graduation-Project\\dataconnect: The system cannot find the file specified.\nE0521 06:25:40.086938   32040 watch.go:40] Failed to load config from \"f:\\\\React\\\\Animation\\\\Graduation-Project\\\\dataconnect\": could not find dataconnect.yaml in `f:\\React\\Animation\\Graduation-Project\\dataconnect`\n"}}
[debug] [2026-05-21T03:25:50.087Z] E0521 06:25:50.087163   32040 watch.go:40] Failed to load config from "f:\\React\\Animation\\Graduation-Project\\dataconnect": could not find dataconnect.yaml in `f:\React\Animation\Graduation-Project\dataconnect`
 {"metadata":{"emulator":{"name":"dataconnect"},"message":"E0521 06:25:50.087163   32040 watch.go:40] Failed to load config from \"f:\\\\React\\\\Animation\\\\Graduation-Project\\\\dataconnect\": could not find dataconnect.yaml in `f:\\React\\Animation\\Graduation-Project\\dataconnect`\n"}}
[debug] [2026-05-21T03:26:00.088Z] E0521 06:26:00.087101   32040 watch.go:40] Failed to load config from "f:\\React\\Animation\\Graduation-Project\\dataconnect": could not find dataconnect.yaml in `f:\React\Animation\Graduation-Project\dataconnect`
 {"metadata":{"emulator":{"name":"dataconnect"},"message":"E0521 06:26:00.087101   32040 watch.go:40] Failed to load config from \"f:\\\\React\\\\Animation\\\\Graduation-Project\\\\dataconnect\": could not find dataconnect.yaml in `f:\\React\\Animation\\Graduation-Project\\dataconnect`\n"}}
[debug] [2026-05-21T03:26:10.087Z] E0521 06:26:10.086905   32040 watch.go:40] Failed to load config from "f:\\React\\Animation\\Graduation-Project\\dataconnect": could not find dataconnect.yaml in `f:\React\Animation\Graduation-Project\dataconnect`
 {"metadata":{"emulator":{"name":"dataconnect"},"message":"E0521 06:26:10.086905   32040 watch.go:40] Failed to load config from \"f:\\\\React\\\\Animation\\\\Graduation-Project\\\\dataconnect\": could not find dataconnect.yaml in `f:\\React\\Animation\\Graduation-Project\\dataconnect`\n"}}
[debug] [2026-05-21T03:26:20.087Z] E0521 06:26:20.087075   32040 watch.go:40] Failed to load config from "f:\\React\\Animation\\Graduation-Project\\dataconnect": could not find dataconnect.yaml in `f:\React\Animation\Graduation-Project\dataconnect`
 {"metadata":{"emulator":{"name":"dataconnect"},"message":"E0521 06:26:20.087075   32040 watch.go:40] Failed to load config from \"f:\\\\React\\\\Animation\\\\Graduation-Project\\\\dataconnect\": could not find dataconnect.yaml in `f:\\React\\Animation\\Graduation-Project\\dataconnect`\n"}}
[debug] [2026-05-21T03:26:30.088Z] E0521 06:26:30.087771   32040 watch.go:40] Failed to load config from "f:\\React\\Animation\\Graduation-Project\\dataconnect": could not find dataconnect.yaml in `f:\React\Animation\Graduation-Project\dataconnect`
 {"metadata":{"emulator":{"name":"dataconnect"},"message":"E0521 06:26:30.087771   32040 watch.go:40] Failed to load config from \"f:\\\\React\\\\Animation\\\\Graduation-Project\\\\dataconnect\": could not find dataconnect.yaml in `f:\\React\\Animation\\Graduation-Project\\dataconnect`\n"}}
[debug] [2026-05-21T03:26:40.087Z] E0521 06:26:40.087041   32040 watch.go:116] watchAllDir unable to walk dir `f:\React\Animation\Graduation-Project\dataconnect`: GetFileAttributesEx f:\React\Animation\Graduation-Project\dataconnect: The system cannot find the file specified.
E0521 06:26:40.087041   32040 watch.go:40] Failed to load config from "f:\\React\\Animation\\Graduation-Project\\dataconnect": could not find dataconnect.yaml in `f:\React\Animation\Graduation-Project\dataconnect`
 {"metadata":{"emulator":{"name":"dataconnect"},"message":"E0521 06:26:40.087041   32040 watch.go:116] watchAllDir unable to walk dir `f:\\React\\Animation\\Graduation-Project\\dataconnect`: GetFileAttributesEx f:\\React\\Animation\\Graduation-Project\\dataconnect: The system cannot find the file specified.\nE0521 06:26:40.087041   32040 watch.go:40] Failed to load config from \"f:\\\\React\\\\Animation\\\\Graduation-Project\\\\dataconnect\": could not find dataconnect.yaml in `f:\\React\\Animation\\Graduation-Project\\dataconnect`\n"}}
[debug] [2026-05-21T03:26:50.087Z] E0521 06:26:50.087396   32040 watch.go:40] Failed to load config from "f:\\React\\Animation\\Graduation-Project\\dataconnect": could not find dataconnect.yaml in `f:\React\Animation\Graduation-Project\dataconnect`
 {"metadata":{"emulator":{"name":"dataconnect"},"message":"E0521 06:26:50.087396   32040 watch.go:40] Failed to load config from \"f:\\\\React\\\\Animation\\\\Graduation-Project\\\\dataconnect\": could not find dataconnect.yaml in `f:\\React\\Animation\\Graduation-Project\\dataconnect`\n"}}
[debug] [2026-05-21T03:27:00.087Z] E0521 06:27:00.086944   32040 watch.go:40] Failed to load config from "f:\\React\\Animation\\Graduation-Project\\dataconnect": could not find dataconnect.yaml in `f:\React\Animation\Graduation-Project\dataconnect`
 {"metadata":{"emulator":{"name":"dataconnect"},"message":"E0521 06:27:00.086944   32040 watch.go:40] Failed to load config from \"f:\\\\React\\\\Animation\\\\Graduation-Project\\\\dataconnect\": could not find dataconnect.yaml in `f:\\React\\Animation\\Graduation-Project\\dataconnect`\n"}}
[debug] [2026-05-21T03:27:10.087Z] E0521 06:27:10.087350   32040 watch.go:40] Failed to load config from "f:\\React\\Animation\\Graduation-Project\\dataconnect": could not find dataconnect.yaml in `f:\React\Animation\Graduation-Project\dataconnect`
 {"metadata":{"emulator":{"name":"dataconnect"},"message":"E0521 06:27:10.087350   32040 watch.go:40] Failed to load config from \"f:\\\\React\\\\Animation\\\\Graduation-Project\\\\dataconnect\": could not find dataconnect.yaml in `f:\\React\\Animation\\Graduation-Project\\dataconnect`\n"}}
[debug] [2026-05-21T03:27:20.087Z] E0521 06:27:20.087000   32040 watch.go:40] Failed to load config from "f:\\React\\Animation\\Graduation-Project\\dataconnect": could not find dataconnect.yaml in `f:\React\Animation\Graduation-Project\dataconnect`
 {"metadata":{"emulator":{"name":"dataconnect"},"message":"E0521 06:27:20.087000   32040 watch.go:40] Failed to load config from \"f:\\\\React\\\\Animation\\\\Graduation-Project\\\\dataconnect\": could not find dataconnect.yaml in `f:\\React\\Animation\\Graduation-Project\\dataconnect`\n"}}
[debug] [2026-05-21T03:27:30.087Z] E0521 06:27:30.087176   32040 watch.go:40] Failed to load config from "f:\\React\\Animation\\Graduation-Project\\dataconnect": could not find dataconnect.yaml in `f:\React\Animation\Graduation-Project\dataconnect`
 {"metadata":{"emulator":{"name":"dataconnect"},"message":"E0521 06:27:30.087176   32040 watch.go:40] Failed to load config from \"f:\\\\React\\\\Animation\\\\Graduation-Project\\\\dataconnect\": could not find dataconnect.yaml in `f:\\React\\Animation\\Graduation-Project\\dataconnect`\n"}}
[debug] [2026-05-21T03:27:40.087Z] E0521 06:27:40.087298   32040 watch.go:116] watchAllDir unable to walk dir `f:\React\Animation\Graduation-Project\dataconnect`: GetFileAttributesEx f:\React\Animation\Graduation-Project\dataconnect: The system cannot find the file specified.
E0521 06:27:40.087298   32040 watch.go:40] Failed to load config from "f:\\React\\Animation\\Graduation-Project\\dataconnect": could not find dataconnect.yaml in `f:\React\Animation\Graduation-Project\dataconnect`
 {"metadata":{"emulator":{"name":"dataconnect"},"message":"E0521 06:27:40.087298   32040 watch.go:116] watchAllDir unable to walk dir `f:\\React\\Animation\\Graduation-Project\\dataconnect`: GetFileAttributesEx f:\\React\\Animation\\Graduation-Project\\dataconnect: The system cannot find the file specified.\nE0521 06:27:40.087298   32040 watch.go:40] Failed to load config from \"f:\\\\React\\\\Animation\\\\Graduation-Project\\\\dataconnect\": could not find dataconnect.yaml in `f:\\React\\Animation\\Graduation-Project\\dataconnect`\n"}}
[debug] [2026-05-21T03:27:50.088Z] E0521 06:27:50.087152   32040 watch.go:40] Failed to load config from "f:\\React\\Animation\\Graduation-Project\\dataconnect": could not find dataconnect.yaml in `f:\React\Animation\Graduation-Project\dataconnect`
 {"metadata":{"emulator":{"name":"dataconnect"},"message":"E0521 06:27:50.087152   32040 watch.go:40] Failed to load config from \"f:\\\\React\\\\Animation\\\\Graduation-Project\\\\dataconnect\": could not find dataconnect.yaml in `f:\\React\\Animation\\Graduation-Project\\dataconnect`\n"}}
[debug] [2026-05-21T03:28:00.087Z] E0521 06:28:00.087093   32040 watch.go:40] Failed to load config from "f:\\React\\Animation\\Graduation-Project\\dataconnect": could not find dataconnect.yaml in `f:\React\Animation\Graduation-Project\dataconnect`
 {"metadata":{"emulator":{"name":"dataconnect"},"message":"E0521 06:28:00.087093   32040 watch.go:40] Failed to load config from \"f:\\\\React\\\\Animation\\\\Graduation-Project\\\\dataconnect\": could not find dataconnect.yaml in `f:\\React\\Animation\\Graduation-Project\\dataconnect`\n"}}
[debug] [2026-05-21T03:28:10.087Z] E0521 06:28:10.087073   32040 watch.go:40] Failed to load config from "f:\\React\\Animation\\Graduation-Project\\dataconnect": could not find dataconnect.yaml in `f:\React\Animation\Graduation-Project\dataconnect`
 {"metadata":{"emulator":{"name":"dataconnect"},"message":"E0521 06:28:10.087073   32040 watch.go:40] Failed to load config from \"f:\\\\React\\\\Animation\\\\Graduation-Project\\\\dataconnect\": could not find dataconnect.yaml in `f:\\React\\Animation\\Graduation-Project\\dataconnect`\n"}}
[debug] [2026-05-21T03:28:20.087Z] E0521 06:28:20.087151   32040 watch.go:40] Failed to load config from "f:\\React\\Animation\\Graduation-Project\\dataconnect": could not find dataconnect.yaml in `f:\React\Animation\Graduation-Project\dataconnect`
 {"metadata":{"emulator":{"name":"dataconnect"},"message":"E0521 06:28:20.087151   32040 watch.go:40] Failed to load config from \"f:\\\\React\\\\Animation\\\\Graduation-Project\\\\dataconnect\": could not find dataconnect.yaml in `f:\\React\\Animation\\Graduation-Project\\dataconnect`\n"}}
[debug] [2026-05-21T03:28:30.087Z] E0521 06:28:30.087158   32040 watch.go:40] Failed to load config from "f:\\React\\Animation\\Graduation-Project\\dataconnect": could not find dataconnect.yaml in `f:\React\Animation\Graduation-Project\dataconnect`
 {"metadata":{"emulator":{"name":"dataconnect"},"message":"E0521 06:28:30.087158   32040 watch.go:40] Failed to load config from \"f:\\\\React\\\\Animation\\\\Graduation-Project\\\\dataconnect\": could not find dataconnect.yaml in `f:\\React\\Animation\\Graduation-Project\\dataconnect`\n"}}
[debug] [2026-05-21T03:28:40.087Z] E0521 06:28:40.086989   32040 watch.go:116] watchAllDir unable to walk dir `f:\React\Animation\Graduation-Project\dataconnect`: GetFileAttributesEx f:\React\Animation\Graduation-Project\dataconnect: The system cannot find the file specified.
 {"metadata":{"emulator":{"name":"dataconnect"},"message":"E0521 06:28:40.086989   32040 watch.go:116] watchAllDir unable to walk dir `f:\\React\\Animation\\Graduation-Project\\dataconnect`: GetFileAttributesEx f:\\React\\Animation\\Graduation-Project\\dataconnect: The system cannot find the file specified.\n"}}
[debug] [2026-05-21T03:28:40.089Z] E0521 06:28:40.087300   32040 watch.go:40] Failed to load config from "f:\\React\\Animation\\Graduation-Project\\dataconnect": could not find dataconnect.yaml in `f:\React\Animation\Graduation-Project\dataconnect`
 {"metadata":{"emulator":{"name":"dataconnect"},"message":"E0521 06:28:40.087300   32040 watch.go:40] Failed to load config from \"f:\\\\React\\\\Animation\\\\Graduation-Project\\\\dataconnect\": could not find dataconnect.yaml in `f:\\React\\Animation\\Graduation-Project\\dataconnect`\n"}}
[debug] [2026-05-21T03:28:50.087Z] E0521 06:28:50.087220   32040 watch.go:40] Failed to load config from "f:\\React\\Animation\\Graduation-Project\\dataconnect": could not find dataconnect.yaml in `f:\React\Animation\Graduation-Project\dataconnect`
 {"metadata":{"emulator":{"name":"dataconnect"},"message":"E0521 06:28:50.087220   32040 watch.go:40] Failed to load config from \"f:\\\\React\\\\Animation\\\\Graduation-Project\\\\dataconnect\": could not find dataconnect.yaml in `f:\\React\\Animation\\Graduation-Project\\dataconnect`\n"}}
[debug] [2026-05-21T03:29:00.087Z] E0521 06:29:00.086982   32040 watch.go:40] Failed to load config from "f:\\React\\Animation\\Graduation-Project\\dataconnect": could not find dataconnect.yaml in `f:\React\Animation\Graduation-Project\dataconnect`
 {"metadata":{"emulator":{"name":"dataconnect"},"message":"E0521 06:29:00.086982   32040 watch.go:40] Failed to load config from \"f:\\\\React\\\\Animation\\\\Graduation-Project\\\\dataconnect\": could not find dataconnect.yaml in `f:\\React\\Animation\\Graduation-Project\\dataconnect`\n"}}
[debug] [2026-05-21T03:29:10.087Z] E0521 06:29:10.087059   32040 watch.go:40] Failed to load config from "f:\\React\\Animation\\Graduation-Project\\dataconnect": could not find dataconnect.yaml in `f:\React\Animation\Graduation-Project\dataconnect`
 {"metadata":{"emulator":{"name":"dataconnect"},"message":"E0521 06:29:10.087059   32040 watch.go:40] Failed to load config from \"f:\\\\React\\\\Animation\\\\Graduation-Project\\\\dataconnect\": could not find dataconnect.yaml in `f:\\React\\Animation\\Graduation-Project\\dataconnect`\n"}}
[debug] [2026-05-21T03:29:20.087Z] E0521 06:29:20.087041   32040 watch.go:40] Failed to load config from "f:\\React\\Animation\\Graduation-Project\\dataconnect": could not find dataconnect.yaml in `f:\React\Animation\Graduation-Project\dataconnect`
 {"metadata":{"emulator":{"name":"dataconnect"},"message":"E0521 06:29:20.087041   32040 watch.go:40] Failed to load config from \"f:\\\\React\\\\Animation\\\\Graduation-Project\\\\dataconnect\": could not find dataconnect.yaml in `f:\\React\\Animation\\Graduation-Project\\dataconnect`\n"}}
[debug] [2026-05-21T03:29:30.087Z] E0521 06:29:30.086919   32040 watch.go:40] Failed to load config from "f:\\React\\Animation\\Graduation-Project\\dataconnect": could not find dataconnect.yaml in `f:\React\Animation\Graduation-Project\dataconnect`
 {"metadata":{"emulator":{"name":"dataconnect"},"message":"E0521 06:29:30.086919   32040 watch.go:40] Failed to load config from \"f:\\\\React\\\\Animation\\\\Graduation-Project\\\\dataconnect\": could not find dataconnect.yaml in `f:\\React\\Animation\\Graduation-Project\\dataconnect`\n"}}
[debug] [2026-05-21T03:29:40.087Z] E0521 06:29:40.087208   32040 watch.go:116] watchAllDir unable to walk dir `f:\React\Animation\Graduation-Project\dataconnect`: GetFileAttributesEx f:\React\Animation\Graduation-Project\dataconnect: The system cannot find the file specified.
E0521 06:29:40.087208   32040 watch.go:40] Failed to load config from "f:\\React\\Animation\\Graduation-Project\\dataconnect": could not find dataconnect.yaml in `f:\React\Animation\Graduation-Project\dataconnect`
 {"metadata":{"emulator":{"name":"dataconnect"},"message":"E0521 06:29:40.087208   32040 watch.go:116] watchAllDir unable to walk dir `f:\\React\\Animation\\Graduation-Project\\dataconnect`: GetFileAttributesEx f:\\React\\Animation\\Graduation-Project\\dataconnect: The system cannot find the file specified.\nE0521 06:29:40.087208   32040 watch.go:40] Failed to load config from \"f:\\\\React\\\\Animation\\\\Graduation-Project\\\\dataconnect\": could not find dataconnect.yaml in `f:\\React\\Animation\\Graduation-Project\\dataconnect`\n"}}
[debug] [2026-05-21T03:29:50.087Z] E0521 06:29:50.086953   32040 watch.go:40] Failed to load config from "f:\\React\\Animation\\Graduation-Project\\dataconnect": could not find dataconnect.yaml in `f:\React\Animation\Graduation-Project\dataconnect`
 {"metadata":{"emulator":{"name":"dataconnect"},"message":"E0521 06:29:50.086953   32040 watch.go:40] Failed to load config from \"f:\\\\React\\\\Animation\\\\Graduation-Project\\\\dataconnect\": could not find dataconnect.yaml in `f:\\React\\Animation\\Graduation-Project\\dataconnect`\n"}}
[debug] [2026-05-21T03:30:00.087Z] E0521 06:30:00.087273   32040 watch.go:40] Failed to load config from "f:\\React\\Animation\\Graduation-Project\\dataconnect": could not find dataconnect.yaml in `f:\React\Animation\Graduation-Project\dataconnect`
 {"metadata":{"emulator":{"name":"dataconnect"},"message":"E0521 06:30:00.087273   32040 watch.go:40] Failed to load config from \"f:\\\\React\\\\Animation\\\\Graduation-Project\\\\dataconnect\": could not find dataconnect.yaml in `f:\\React\\Animation\\Graduation-Project\\dataconnect`\n"}}
[debug] [2026-05-21T03:30:10.087Z] E0521 06:30:10.087202   32040 watch.go:40] Failed to load config from "f:\\React\\Animation\\Graduation-Project\\dataconnect": could not find dataconnect.yaml in `f:\React\Animation\Graduation-Project\dataconnect`
 {"metadata":{"emulator":{"name":"dataconnect"},"message":"E0521 06:30:10.087202   32040 watch.go:40] Failed to load config from \"f:\\\\React\\\\Animation\\\\Graduation-Project\\\\dataconnect\": could not find dataconnect.yaml in `f:\\React\\Animation\\Graduation-Project\\dataconnect`\n"}}
[debug] [2026-05-21T03:30:20.087Z] E0521 06:30:20.087058   32040 watch.go:40] Failed to load config from "f:\\React\\Animation\\Graduation-Project\\dataconnect": could not find dataconnect.yaml in `f:\React\Animation\Graduation-Project\dataconnect`
 {"metadata":{"emulator":{"name":"dataconnect"},"message":"E0521 06:30:20.087058   32040 watch.go:40] Failed to load config from \"f:\\\\React\\\\Animation\\\\Graduation-Project\\\\dataconnect\": could not find dataconnect.yaml in `f:\\React\\Animation\\Graduation-Project\\dataconnect`\n"}}
[debug] [2026-05-21T03:30:30.087Z] E0521 06:30:30.087194   32040 watch.go:40] Failed to load config from "f:\\React\\Animation\\Graduation-Project\\dataconnect": could not find dataconnect.yaml in `f:\React\Animation\Graduation-Project\dataconnect`
 {"metadata":{"emulator":{"name":"dataconnect"},"message":"E0521 06:30:30.087194   32040 watch.go:40] Failed to load config from \"f:\\\\React\\\\Animation\\\\Graduation-Project\\\\dataconnect\": could not find dataconnect.yaml in `f:\\React\\Animation\\Graduation-Project\\dataconnect`\n"}}
[debug] [2026-05-21T03:30:40.087Z] E0521 06:30:40.086965   32040 watch.go:116] watchAllDir unable to walk dir `f:\React\Animation\Graduation-Project\dataconnect`: GetFileAttributesEx f:\React\Animation\Graduation-Project\dataconnect: The system cannot find the file specified.
E0521 06:30:40.086965   32040 watch.go:40] Failed to load config from "f:\\React\\Animation\\Graduation-Project\\dataconnect": could not find dataconnect.yaml in `f:\React\Animation\Graduation-Project\dataconnect`
 {"metadata":{"emulator":{"name":"dataconnect"},"message":"E0521 06:30:40.086965   32040 watch.go:116] watchAllDir unable to walk dir `f:\\React\\Animation\\Graduation-Project\\dataconnect`: GetFileAttributesEx f:\\React\\Animation\\Graduation-Project\\dataconnect: The system cannot find the file specified.\nE0521 06:30:40.086965   32040 watch.go:40] Failed to load config from \"f:\\\\React\\\\Animation\\\\Graduation-Project\\\\dataconnect\": could not find dataconnect.yaml in `f:\\React\\Animation\\Graduation-Project\\dataconnect`\n"}}
[debug] [2026-05-21T03:30:50.087Z] E0521 06:30:50.087297   32040 watch.go:40] Failed to load config from "f:\\React\\Animation\\Graduation-Project\\dataconnect": could not find dataconnect.yaml in `f:\React\Animation\Graduation-Project\dataconnect`
 {"metadata":{"emulator":{"name":"dataconnect"},"message":"E0521 06:30:50.087297   32040 watch.go:40] Failed to load config from \"f:\\\\React\\\\Animation\\\\Graduation-Project\\\\dataconnect\": could not find dataconnect.yaml in `f:\\React\\Animation\\Graduation-Project\\dataconnect`\n"}}
[debug] [2026-05-21T03:31:00.087Z] E0521 06:31:00.087048   32040 watch.go:40] Failed to load config from "f:\\React\\Animation\\Graduation-Project\\dataconnect": could not find dataconnect.yaml in `f:\React\Animation\Graduation-Project\dataconnect`
 {"metadata":{"emulator":{"name":"dataconnect"},"message":"E0521 06:31:00.087048   32040 watch.go:40] Failed to load config from \"f:\\\\React\\\\Animation\\\\Graduation-Project\\\\dataconnect\": could not find dataconnect.yaml in `f:\\React\\Animation\\Graduation-Project\\dataconnect`\n"}}
[debug] [2026-05-21T03:31:10.087Z] E0521 06:31:10.087123   32040 watch.go:40] Failed to load config from "f:\\React\\Animation\\Graduation-Project\\dataconnect": could not find dataconnect.yaml in `f:\React\Animation\Graduation-Project\dataconnect`
 {"metadata":{"emulator":{"name":"dataconnect"},"message":"E0521 06:31:10.087123   32040 watch.go:40] Failed to load config from \"f:\\\\React\\\\Animation\\\\Graduation-Project\\\\dataconnect\": could not find dataconnect.yaml in `f:\\React\\Animation\\Graduation-Project\\dataconnect`\n"}}
[debug] [2026-05-21T03:31:20.086Z] E0521 06:31:20.086967   32040 watch.go:40] Failed to load config from "f:\\React\\Animation\\Graduation-Project\\dataconnect": could not find dataconnect.yaml in `f:\React\Animation\Graduation-Project\dataconnect`
 {"metadata":{"emulator":{"name":"dataconnect"},"message":"E0521 06:31:20.086967   32040 watch.go:40] Failed to load config from \"f:\\\\React\\\\Animation\\\\Graduation-Project\\\\dataconnect\": could not find dataconnect.yaml in `f:\\React\\Animation\\Graduation-Project\\dataconnect`\n"}}
[debug] [2026-05-21T03:31:30.323Z] E0521 06:31:30.087350   32040 watch.go:40] Failed to load config from "f:\\React\\Animation\\Graduation-Project\\dataconnect": could not find dataconnect.yaml in `f:\React\Animation\Graduation-Project\dataconnect`
 {"metadata":{"emulator":{"name":"dataconnect"},"message":"E0521 06:31:30.087350   32040 watch.go:40] Failed to load config from \"f:\\\\React\\\\Animation\\\\Graduation-Project\\\\dataconnect\": could not find dataconnect.yaml in `f:\\React\\Animation\\Graduation-Project\\dataconnect`\n"}}
[debug] [2026-05-21T03:31:40.086Z] E0521 06:31:40.086932   32040 watch.go:116] watchAllDir unable to walk dir `f:\React\Animation\Graduation-Project\dataconnect`: GetFileAttributesEx f:\React\Animation\Graduation-Project\dataconnect: The system cannot find the file specified.
E0521 06:31:40.086932   32040 watch.go:40] Failed to load config from "f:\\React\\Animation\\Graduation-Project\\dataconnect": could not find dataconnect.yaml in `f:\React\Animation\Graduation-Project\dataconnect`
 {"metadata":{"emulator":{"name":"dataconnect"},"message":"E0521 06:31:40.086932   32040 watch.go:116] watchAllDir unable to walk dir `f:\\React\\Animation\\Graduation-Project\\dataconnect`: GetFileAttributesEx f:\\React\\Animation\\Graduation-Project\\dataconnect: The system cannot find the file specified.\nE0521 06:31:40.086932   32040 watch.go:40] Failed to load config from \"f:\\\\React\\\\Animation\\\\Graduation-Project\\\\dataconnect\": could not find dataconnect.yaml in `f:\\React\\Animation\\Graduation-Project\\dataconnect`\n"}}
[debug] [2026-05-21T03:31:50.087Z] E0521 06:31:50.087089   32040 watch.go:40] Failed to load config from "f:\\React\\Animation\\Graduation-Project\\dataconnect": could not find dataconnect.yaml in `f:\React\Animation\Graduation-Project\dataconnect`
 {"metadata":{"emulator":{"name":"dataconnect"},"message":"E0521 06:31:50.087089   32040 watch.go:40] Failed to load config from \"f:\\\\React\\\\Animation\\\\Graduation-Project\\\\dataconnect\": could not find dataconnect.yaml in `f:\\React\\Animation\\Graduation-Project\\dataconnect`\n"}}
[debug] [2026-05-21T03:32:00.087Z] E0521 06:32:00.087249   32040 watch.go:40] Failed to load config from "f:\\React\\Animation\\Graduation-Project\\dataconnect": could not find dataconnect.yaml in `f:\React\Animation\Graduation-Project\dataconnect`
 {"metadata":{"emulator":{"name":"dataconnect"},"message":"E0521 06:32:00.087249   32040 watch.go:40] Failed to load config from \"f:\\\\React\\\\Animation\\\\Graduation-Project\\\\dataconnect\": could not find dataconnect.yaml in `f:\\React\\Animation\\Graduation-Project\\dataconnect`\n"}}
[debug] [2026-05-21T03:32:10.087Z] E0521 06:32:10.086997   32040 watch.go:40] Failed to load config from "f:\\React\\Animation\\Graduation-Project\\dataconnect": could not find dataconnect.yaml in `f:\React\Animation\Graduation-Project\dataconnect`
 {"metadata":{"emulator":{"name":"dataconnect"},"message":"E0521 06:32:10.086997   32040 watch.go:40] Failed to load config from \"f:\\\\React\\\\Animation\\\\Graduation-Project\\\\dataconnect\": could not find dataconnect.yaml in `f:\\React\\Animation\\Graduation-Project\\dataconnect`\n"}}
[debug] [2026-05-21T03:32:20.087Z] E0521 06:32:20.087085   32040 watch.go:40] Failed to load config from "f:\\React\\Animation\\Graduation-Project\\dataconnect": could not find dataconnect.yaml in `f:\React\Animation\Graduation-Project\dataconnect`
 {"metadata":{"emulator":{"name":"dataconnect"},"message":"E0521 06:32:20.087085   32040 watch.go:40] Failed to load config from \"f:\\\\React\\\\Animation\\\\Graduation-Project\\\\dataconnect\": could not find dataconnect.yaml in `f:\\React\\Animation\\Graduation-Project\\dataconnect`\n"}}
[debug] [2026-05-21T03:32:30.087Z] E0521 06:32:30.087072   32040 watch.go:40] Failed to load config from "f:\\React\\Animation\\Graduation-Project\\dataconnect": could not find dataconnect.yaml in `f:\React\Animation\Graduation-Project\dataconnect`
 {"metadata":{"emulator":{"name":"dataconnect"},"message":"E0521 06:32:30.087072   32040 watch.go:40] Failed to load config from \"f:\\\\React\\\\Animation\\\\Graduation-Project\\\\dataconnect\": could not find dataconnect.yaml in `f:\\React\\Animation\\Graduation-Project\\dataconnect`\n"}}
[debug] [2026-05-21T03:32:40.087Z] E0521 06:32:40.087048   32040 watch.go:116] watchAllDir unable to walk dir `f:\React\Animation\Graduation-Project\dataconnect`: GetFileAttributesEx f:\React\Animation\Graduation-Project\dataconnect: The system cannot find the file specified.
 {"metadata":{"emulator":{"name":"dataconnect"},"message":"E0521 06:32:40.087048   32040 watch.go:116] watchAllDir unable to walk dir `f:\\React\\Animation\\Graduation-Project\\dataconnect`: GetFileAttributesEx f:\\React\\Animation\\Graduation-Project\\dataconnect: The system cannot find the file specified.\n"}}
[debug] [2026-05-21T03:32:40.088Z] E0521 06:32:40.087048   32040 watch.go:40] Failed to load config from "f:\\React\\Animation\\Graduation-Project\\dataconnect": could not find dataconnect.yaml in `f:\React\Animation\Graduation-Project\dataconnect`
 {"metadata":{"emulator":{"name":"dataconnect"},"message":"E0521 06:32:40.087048   32040 watch.go:40] Failed to load config from \"f:\\\\React\\\\Animation\\\\Graduation-Project\\\\dataconnect\": could not find dataconnect.yaml in `f:\\React\\Animation\\Graduation-Project\\dataconnect`\n"}}
[debug] [2026-05-21T03:32:50.087Z] E0521 06:32:50.087136   32040 watch.go:40] Failed to load config from "f:\\React\\Animation\\Graduation-Project\\dataconnect": could not find dataconnect.yaml in `f:\React\Animation\Graduation-Project\dataconnect`
 {"metadata":{"emulator":{"name":"dataconnect"},"message":"E0521 06:32:50.087136   32040 watch.go:40] Failed to load config from \"f:\\\\React\\\\Animation\\\\Graduation-Project\\\\dataconnect\": could not find dataconnect.yaml in `f:\\React\\Animation\\Graduation-Project\\dataconnect`\n"}}
[debug] [2026-05-21T03:33:00.087Z] E0521 06:33:00.087338   32040 watch.go:40] Failed to load config from "f:\\React\\Animation\\Graduation-Project\\dataconnect": could not find dataconnect.yaml in `f:\React\Animation\Graduation-Project\dataconnect`
 {"metadata":{"emulator":{"name":"dataconnect"},"message":"E0521 06:33:00.087338   32040 watch.go:40] Failed to load config from \"f:\\\\React\\\\Animation\\\\Graduation-Project\\\\dataconnect\": could not find dataconnect.yaml in `f:\\React\\Animation\\Graduation-Project\\dataconnect`\n"}}
[debug] [2026-05-21T03:33:10.087Z] E0521 06:33:10.087345   32040 watch.go:40] Failed to load config from "f:\\React\\Animation\\Graduation-Project\\dataconnect": could not find dataconnect.yaml in `f:\React\Animation\Graduation-Project\dataconnect`
 {"metadata":{"emulator":{"name":"dataconnect"},"message":"E0521 06:33:10.087345   32040 watch.go:40] Failed to load config from \"f:\\\\React\\\\Animation\\\\Graduation-Project\\\\dataconnect\": could not find dataconnect.yaml in `f:\\React\\Animation\\Graduation-Project\\dataconnect`\n"}}
[debug] [2026-05-21T03:33:20.086Z] E0521 06:33:20.086900   32040 watch.go:40] Failed to load config from "f:\\React\\Animation\\Graduation-Project\\dataconnect": could not find dataconnect.yaml in `f:\React\Animation\Graduation-Project\dataconnect`
 {"metadata":{"emulator":{"name":"dataconnect"},"message":"E0521 06:33:20.086900   32040 watch.go:40] Failed to load config from \"f:\\\\React\\\\Animation\\\\Graduation-Project\\\\dataconnect\": could not find dataconnect.yaml in `f:\\React\\Animation\\Graduation-Project\\dataconnect`\n"}}
[debug] [2026-05-21T03:33:30.087Z] E0521 06:33:30.087097   32040 watch.go:40] Failed to load config from "f:\\React\\Animation\\Graduation-Project\\dataconnect": could not find dataconnect.yaml in `f:\React\Animation\Graduation-Project\dataconnect`
 {"metadata":{"emulator":{"name":"dataconnect"},"message":"E0521 06:33:30.087097   32040 watch.go:40] Failed to load config from \"f:\\\\React\\\\Animation\\\\Graduation-Project\\\\dataconnect\": could not find dataconnect.yaml in `f:\\React\\Animation\\Graduation-Project\\dataconnect`\n"}}
[debug] [2026-05-21T03:33:40.087Z] E0521 06:33:40.087053   32040 watch.go:116] watchAllDir unable to walk dir `f:\React\Animation\Graduation-Project\dataconnect`: GetFileAttributesEx f:\React\Animation\Graduation-Project\dataconnect: The system cannot find the file specified.
E0521 06:33:40.087053   32040 watch.go:40] Failed to load config from "f:\\React\\Animation\\Graduation-Project\\dataconnect": could not find dataconnect.yaml in `f:\React\Animation\Graduation-Project\dataconnect`
 {"metadata":{"emulator":{"name":"dataconnect"},"message":"E0521 06:33:40.087053   32040 watch.go:116] watchAllDir unable to walk dir `f:\\React\\Animation\\Graduation-Project\\dataconnect`: GetFileAttributesEx f:\\React\\Animation\\Graduation-Project\\dataconnect: The system cannot find the file specified.\nE0521 06:33:40.087053   32040 watch.go:40] Failed to load config from \"f:\\\\React\\\\Animation\\\\Graduation-Project\\\\dataconnect\": could not find dataconnect.yaml in `f:\\React\\Animation\\Graduation-Project\\dataconnect`\n"}}
[debug] [2026-05-21T03:33:50.087Z] E0521 06:33:50.087112   32040 watch.go:40] Failed to load config from "f:\\React\\Animation\\Graduation-Project\\dataconnect": could not find dataconnect.yaml in `f:\React\Animation\Graduation-Project\dataconnect`
 {"metadata":{"emulator":{"name":"dataconnect"},"message":"E0521 06:33:50.087112   32040 watch.go:40] Failed to load config from \"f:\\\\React\\\\Animation\\\\Graduation-Project\\\\dataconnect\": could not find dataconnect.yaml in `f:\\React\\Animation\\Graduation-Project\\dataconnect`\n"}}
[debug] [2026-05-21T03:34:00.087Z] E0521 06:34:00.086953   32040 watch.go:40] Failed to load config from "f:\\React\\Animation\\Graduation-Project\\dataconnect": could not find dataconnect.yaml in `f:\React\Animation\Graduation-Project\dataconnect`
 {"metadata":{"emulator":{"name":"dataconnect"},"message":"E0521 06:34:00.086953   32040 watch.go:40] Failed to load config from \"f:\\\\React\\\\Animation\\\\Graduation-Project\\\\dataconnect\": could not find dataconnect.yaml in `f:\\React\\Animation\\Graduation-Project\\dataconnect`\n"}}
[debug] [2026-05-21T03:34:10.087Z] E0521 06:34:10.087367   32040 watch.go:40] Failed to load config from "f:\\React\\Animation\\Graduation-Project\\dataconnect": could not find dataconnect.yaml in `f:\React\Animation\Graduation-Project\dataconnect`
 {"metadata":{"emulator":{"name":"dataconnect"},"message":"E0521 06:34:10.087367   32040 watch.go:40] Failed to load config from \"f:\\\\React\\\\Animation\\\\Graduation-Project\\\\dataconnect\": could not find dataconnect.yaml in `f:\\React\\Animation\\Graduation-Project\\dataconnect`\n"}}
[debug] [2026-05-21T03:34:20.087Z] E0521 06:34:20.087179   32040 watch.go:40] Failed to load config from "f:\\React\\Animation\\Graduation-Project\\dataconnect": could not find dataconnect.yaml in `f:\React\Animation\Graduation-Project\dataconnect`
 {"metadata":{"emulator":{"name":"dataconnect"},"message":"E0521 06:34:20.087179   32040 watch.go:40] Failed to load config from \"f:\\\\React\\\\Animation\\\\Graduation-Project\\\\dataconnect\": could not find dataconnect.yaml in `f:\\React\\Animation\\Graduation-Project\\dataconnect`\n"}}
[debug] [2026-05-21T03:34:30.087Z] E0521 06:34:30.087141   32040 watch.go:40] Failed to load config from "f:\\React\\Animation\\Graduation-Project\\dataconnect": could not find dataconnect.yaml in `f:\React\Animation\Graduation-Project\dataconnect`
 {"metadata":{"emulator":{"name":"dataconnect"},"message":"E0521 06:34:30.087141   32040 watch.go:40] Failed to load config from \"f:\\\\React\\\\Animation\\\\Graduation-Project\\\\dataconnect\": could not find dataconnect.yaml in `f:\\React\\Animation\\Graduation-Project\\dataconnect`\n"}}
[debug] [2026-05-21T03:34:40.087Z] E0521 06:34:40.087180   32040 watch.go:116] watchAllDir unable to walk dir `f:\React\Animation\Graduation-Project\dataconnect`: GetFileAttributesEx f:\React\Animation\Graduation-Project\dataconnect: The system cannot find the file specified.
E0521 06:34:40.087180   32040 watch.go:40] Failed to load config from "f:\\React\\Animation\\Graduation-Project\\dataconnect": could not find dataconnect.yaml in `f:\React\Animation\Graduation-Project\dataconnect`
 {"metadata":{"emulator":{"name":"dataconnect"},"message":"E0521 06:34:40.087180   32040 watch.go:116] watchAllDir unable to walk dir `f:\\React\\Animation\\Graduation-Project\\dataconnect`: GetFileAttributesEx f:\\React\\Animation\\Graduation-Project\\dataconnect: The system cannot find the file specified.\nE0521 06:34:40.087180   32040 watch.go:40] Failed to load config from \"f:\\\\React\\\\Animation\\\\Graduation-Project\\\\dataconnect\": could not find dataconnect.yaml in `f:\\React\\Animation\\Graduation-Project\\dataconnect`\n"}}
[debug] [2026-05-21T03:34:50.091Z] E0521 06:34:50.090986   32040 watch.go:40] Failed to load config from "f:\\React\\Animation\\Graduation-Project\\dataconnect": could not find dataconnect.yaml in `f:\React\Animation\Graduation-Project\dataconnect`
 {"metadata":{"emulator":{"name":"dataconnect"},"message":"E0521 06:34:50.090986   32040 watch.go:40] Failed to load config from \"f:\\\\React\\\\Animation\\\\Graduation-Project\\\\dataconnect\": could not find dataconnect.yaml in `f:\\React\\Animation\\Graduation-Project\\dataconnect`\n"}}
[debug] [2026-05-21T03:35:00.087Z] E0521 06:35:00.087216   32040 watch.go:40] Failed to load config from "f:\\React\\Animation\\Graduation-Project\\dataconnect": could not find dataconnect.yaml in `f:\React\Animation\Graduation-Project\dataconnect`
 {"metadata":{"emulator":{"name":"dataconnect"},"message":"E0521 06:35:00.087216   32040 watch.go:40] Failed to load config from \"f:\\\\React\\\\Animation\\\\Graduation-Project\\\\dataconnect\": could not find dataconnect.yaml in `f:\\React\\Animation\\Graduation-Project\\dataconnect`\n"}}
[debug] [2026-05-21T03:35:10.087Z] E0521 06:35:10.087374   32040 watch.go:40] Failed to load config from "f:\\React\\Animation\\Graduation-Project\\dataconnect": could not find dataconnect.yaml in `f:\React\Animation\Graduation-Project\dataconnect`
 {"metadata":{"emulator":{"name":"dataconnect"},"message":"E0521 06:35:10.087374   32040 watch.go:40] Failed to load config from \"f:\\\\React\\\\Animation\\\\Graduation-Project\\\\dataconnect\": could not find dataconnect.yaml in `f:\\React\\Animation\\Graduation-Project\\dataconnect`\n"}}
[debug] [2026-05-21T03:35:20.089Z] E0521 06:35:20.087232   32040 watch.go:40] Failed to load config from "f:\\React\\Animation\\Graduation-Project\\dataconnect": could not find dataconnect.yaml in `f:\React\Animation\Graduation-Project\dataconnect`
 {"metadata":{"emulator":{"name":"dataconnect"},"message":"E0521 06:35:20.087232   32040 watch.go:40] Failed to load config from \"f:\\\\React\\\\Animation\\\\Graduation-Project\\\\dataconnect\": could not find dataconnect.yaml in `f:\\React\\Animation\\Graduation-Project\\dataconnect`\n"}}
[debug] [2026-05-21T03:35:30.087Z] E0521 06:35:30.087527   32040 watch.go:40] Failed to load config from "f:\\React\\Animation\\Graduation-Project\\dataconnect": could not find dataconnect.yaml in `f:\React\Animation\Graduation-Project\dataconnect`
 {"metadata":{"emulator":{"name":"dataconnect"},"message":"E0521 06:35:30.087527   32040 watch.go:40] Failed to load config from \"f:\\\\React\\\\Animation\\\\Graduation-Project\\\\dataconnect\": could not find dataconnect.yaml in `f:\\React\\Animation\\Graduation-Project\\dataconnect`\n"}}
[debug] [2026-05-21T03:35:40.086Z] E0521 06:35:40.087244   32040 watch.go:116] watchAllDir unable to walk dir `f:\React\Animation\Graduation-Project\dataconnect`: GetFileAttributesEx f:\React\Animation\Graduation-Project\dataconnect: The system cannot find the file specified.
E0521 06:35:40.087244   32040 watch.go:40] Failed to load config from "f:\\React\\Animation\\Graduation-Project\\dataconnect": could not find dataconnect.yaml in `f:\React\Animation\Graduation-Project\dataconnect`
 {"metadata":{"emulator":{"name":"dataconnect"},"message":"E0521 06:35:40.087244   32040 watch.go:116] watchAllDir unable to walk dir `f:\\React\\Animation\\Graduation-Project\\dataconnect`: GetFileAttributesEx f:\\React\\Animation\\Graduation-Project\\dataconnect: The system cannot find the file specified.\nE0521 06:35:40.087244   32040 watch.go:40] Failed to load config from \"f:\\\\React\\\\Animation\\\\Graduation-Project\\\\dataconnect\": could not find dataconnect.yaml in `f:\\React\\Animation\\Graduation-Project\\dataconnect`\n"}}
[debug] [2026-05-21T03:35:50.086Z] E0521 06:35:50.087189   32040 watch.go:40] Failed to load config from "f:\\React\\Animation\\Graduation-Project\\dataconnect": could not find dataconnect.yaml in `f:\React\Animation\Graduation-Project\dataconnect`
 {"metadata":{"emulator":{"name":"dataconnect"},"message":"E0521 06:35:50.087189   32040 watch.go:40] Failed to load config from \"f:\\\\React\\\\Animation\\\\Graduation-Project\\\\dataconnect\": could not find dataconnect.yaml in `f:\\React\\Animation\\Graduation-Project\\dataconnect`\n"}}
[debug] [2026-05-21T03:36:00.086Z] E0521 06:36:00.087046   32040 watch.go:40] Failed to load config from "f:\\React\\Animation\\Graduation-Project\\dataconnect": could not find dataconnect.yaml in `f:\React\Animation\Graduation-Project\dataconnect`
 {"metadata":{"emulator":{"name":"dataconnect"},"message":"E0521 06:36:00.087046   32040 watch.go:40] Failed to load config from \"f:\\\\React\\\\Animation\\\\Graduation-Project\\\\dataconnect\": could not find dataconnect.yaml in `f:\\React\\Animation\\Graduation-Project\\dataconnect`\n"}}
[debug] [2026-05-21T03:36:10.099Z] E0521 06:36:10.087364   32040 watch.go:40] Failed to load config from "f:\\React\\Animation\\Graduation-Project\\dataconnect": could not find dataconnect.yaml in `f:\React\Animation\Graduation-Project\dataconnect`
 {"metadata":{"emulator":{"name":"dataconnect"},"message":"E0521 06:36:10.087364   32040 watch.go:40] Failed to load config from \"f:\\\\React\\\\Animation\\\\Graduation-Project\\\\dataconnect\": could not find dataconnect.yaml in `f:\\React\\Animation\\Graduation-Project\\dataconnect`\n"}}
[debug] [2026-05-21T03:36:20.086Z] E0521 06:36:20.086944   32040 watch.go:40] Failed to load config from "f:\\React\\Animation\\Graduation-Project\\dataconnect": could not find dataconnect.yaml in `f:\React\Animation\Graduation-Project\dataconnect`
 {"metadata":{"emulator":{"name":"dataconnect"},"message":"E0521 06:36:20.086944   32040 watch.go:40] Failed to load config from \"f:\\\\React\\\\Animation\\\\Graduation-Project\\\\dataconnect\": could not find dataconnect.yaml in `f:\\React\\Animation\\Graduation-Project\\dataconnect`\n"}}
[debug] [2026-05-21T03:36:30.087Z] E0521 06:36:30.086985   32040 watch.go:40] Failed to load config from "f:\\React\\Animation\\Graduation-Project\\dataconnect": could not find dataconnect.yaml in `f:\React\Animation\Graduation-Project\dataconnect`
 {"metadata":{"emulator":{"name":"dataconnect"},"message":"E0521 06:36:30.086985   32040 watch.go:40] Failed to load config from \"f:\\\\React\\\\Animation\\\\Graduation-Project\\\\dataconnect\": could not find dataconnect.yaml in `f:\\React\\Animation\\Graduation-Project\\dataconnect`\n"}}
[debug] [2026-05-21T03:36:40.087Z] E0521 06:36:40.087313   32040 watch.go:40] Failed to load config from "f:\\React\\Animation\\Graduation-Project\\dataconnect": could not find dataconnect.yaml in `f:\React\Animation\Graduation-Project\dataconnect`
 {"metadata":{"emulator":{"name":"dataconnect"},"message":"E0521 06:36:40.087313   32040 watch.go:40] Failed to load config from \"f:\\\\React\\\\Animation\\\\Graduation-Project\\\\dataconnect\": could not find dataconnect.yaml in `f:\\React\\Animation\\Graduation-Project\\dataconnect`\n"}}
[debug] [2026-05-21T03:36:40.091Z] E0521 06:36:40.087313   32040 watch.go:116] watchAllDir unable to walk dir `f:\React\Animation\Graduation-Project\dataconnect`: GetFileAttributesEx f:\React\Animation\Graduation-Project\dataconnect: The system cannot find the file specified.
 {"metadata":{"emulator":{"name":"dataconnect"},"message":"E0521 06:36:40.087313   32040 watch.go:116] watchAllDir unable to walk dir `f:\\React\\Animation\\Graduation-Project\\dataconnect`: GetFileAttributesEx f:\\React\\Animation\\Graduation-Project\\dataconnect: The system cannot find the file specified.\n"}}
[debug] [2026-05-21T03:36:50.088Z] E0521 06:36:50.087864   32040 watch.go:40] Failed to load config from "f:\\React\\Animation\\Graduation-Project\\dataconnect": could not find dataconnect.yaml in `f:\React\Animation\Graduation-Project\dataconnect`
 {"metadata":{"emulator":{"name":"dataconnect"},"message":"E0521 06:36:50.087864   32040 watch.go:40] Failed to load config from \"f:\\\\React\\\\Animation\\\\Graduation-Project\\\\dataconnect\": could not find dataconnect.yaml in `f:\\React\\Animation\\Graduation-Project\\dataconnect`\n"}}
[debug] [2026-05-21T03:37:00.087Z] E0521 06:37:00.086967   32040 watch.go:40] Failed to load config from "f:\\React\\Animation\\Graduation-Project\\dataconnect": could not find dataconnect.yaml in `f:\React\Animation\Graduation-Project\dataconnect`
 {"metadata":{"emulator":{"name":"dataconnect"},"message":"E0521 06:37:00.086967   32040 watch.go:40] Failed to load config from \"f:\\\\React\\\\Animation\\\\Graduation-Project\\\\dataconnect\": could not find dataconnect.yaml in `f:\\React\\Animation\\Graduation-Project\\dataconnect`\n"}}
[debug] [2026-05-21T03:37:10.087Z] E0521 06:37:10.087373   32040 watch.go:40] Failed to load config from "f:\\React\\Animation\\Graduation-Project\\dataconnect": could not find dataconnect.yaml in `f:\React\Animation\Graduation-Project\dataconnect`
 {"metadata":{"emulator":{"name":"dataconnect"},"message":"E0521 06:37:10.087373   32040 watch.go:40] Failed to load config from \"f:\\\\React\\\\Animation\\\\Graduation-Project\\\\dataconnect\": could not find dataconnect.yaml in `f:\\React\\Animation\\Graduation-Project\\dataconnect`\n"}}
[debug] [2026-05-21T03:37:20.087Z] E0521 06:37:20.087373   32040 watch.go:40] Failed to load config from "f:\\React\\Animation\\Graduation-Project\\dataconnect": could not find dataconnect.yaml in `f:\React\Animation\Graduation-Project\dataconnect`
 {"metadata":{"emulator":{"name":"dataconnect"},"message":"E0521 06:37:20.087373   32040 watch.go:40] Failed to load config from \"f:\\\\React\\\\Animation\\\\Graduation-Project\\\\dataconnect\": could not find dataconnect.yaml in `f:\\React\\Animation\\Graduation-Project\\dataconnect`\n"}}
[debug] [2026-05-21T03:37:30.087Z] E0521 06:37:30.087329   32040 watch.go:40] Failed to load config from "f:\\React\\Animation\\Graduation-Project\\dataconnect": could not find dataconnect.yaml in `f:\React\Animation\Graduation-Project\dataconnect`
 {"metadata":{"emulator":{"name":"dataconnect"},"message":"E0521 06:37:30.087329   32040 watch.go:40] Failed to load config from \"f:\\\\React\\\\Animation\\\\Graduation-Project\\\\dataconnect\": could not find dataconnect.yaml in `f:\\React\\Animation\\Graduation-Project\\dataconnect`\n"}}
[debug] [2026-05-21T03:37:40.087Z] E0521 06:37:40.087070   32040 watch.go:116] watchAllDir unable to walk dir `f:\React\Animation\Graduation-Project\dataconnect`: GetFileAttributesEx f:\React\Animation\Graduation-Project\dataconnect: The system cannot find the file specified.
E0521 06:37:40.087070   32040 watch.go:40] Failed to load config from "f:\\React\\Animation\\Graduation-Project\\dataconnect": could not find dataconnect.yaml in `f:\React\Animation\Graduation-Project\dataconnect`
 {"metadata":{"emulator":{"name":"dataconnect"},"message":"E0521 06:37:40.087070   32040 watch.go:116] watchAllDir unable to walk dir `f:\\React\\Animation\\Graduation-Project\\dataconnect`: GetFileAttributesEx f:\\React\\Animation\\Graduation-Project\\dataconnect: The system cannot find the file specified.\nE0521 06:37:40.087070   32040 watch.go:40] Failed to load config from \"f:\\\\React\\\\Animation\\\\Graduation-Project\\\\dataconnect\": could not find dataconnect.yaml in `f:\\React\\Animation\\Graduation-Project\\dataconnect`\n"}}
[debug] [2026-05-21T03:37:50.087Z] E0521 06:37:50.087133   32040 watch.go:40] Failed to load config from "f:\\React\\Animation\\Graduation-Project\\dataconnect": could not find dataconnect.yaml in `f:\React\Animation\Graduation-Project\dataconnect`
 {"metadata":{"emulator":{"name":"dataconnect"},"message":"E0521 06:37:50.087133   32040 watch.go:40] Failed to load config from \"f:\\\\React\\\\Animation\\\\Graduation-Project\\\\dataconnect\": could not find dataconnect.yaml in `f:\\React\\Animation\\Graduation-Project\\dataconnect`\n"}}
[debug] [2026-05-21T03:38:00.087Z] E0521 06:38:00.087215   32040 watch.go:40] Failed to load config from "f:\\React\\Animation\\Graduation-Project\\dataconnect": could not find dataconnect.yaml in `f:\React\Animation\Graduation-Project\dataconnect`
 {"metadata":{"emulator":{"name":"dataconnect"},"message":"E0521 06:38:00.087215   32040 watch.go:40] Failed to load config from \"f:\\\\React\\\\Animation\\\\Graduation-Project\\\\dataconnect\": could not find dataconnect.yaml in `f:\\React\\Animation\\Graduation-Project\\dataconnect`\n"}}
[debug] [2026-05-21T03:38:10.087Z] E0521 06:38:10.087264   32040 watch.go:40] Failed to load config from "f:\\React\\Animation\\Graduation-Project\\dataconnect": could not find dataconnect.yaml in `f:\React\Animation\Graduation-Project\dataconnect`
 {"metadata":{"emulator":{"name":"dataconnect"},"message":"E0521 06:38:10.087264   32040 watch.go:40] Failed to load config from \"f:\\\\React\\\\Animation\\\\Graduation-Project\\\\dataconnect\": could not find dataconnect.yaml in `f:\\React\\Animation\\Graduation-Project\\dataconnect`\n"}}
[debug] [2026-05-21T03:38:20.087Z] E0521 06:38:20.087134   32040 watch.go:40] Failed to load config from "f:\\React\\Animation\\Graduation-Project\\dataconnect": could not find dataconnect.yaml in `f:\React\Animation\Graduation-Project\dataconnect`
 {"metadata":{"emulator":{"name":"dataconnect"},"message":"E0521 06:38:20.087134   32040 watch.go:40] Failed to load config from \"f:\\\\React\\\\Animation\\\\Graduation-Project\\\\dataconnect\": could not find dataconnect.yaml in `f:\\React\\Animation\\Graduation-Project\\dataconnect`\n"}}
[debug] [2026-05-21T03:38:30.087Z] E0521 06:38:30.087215   32040 watch.go:40] Failed to load config from "f:\\React\\Animation\\Graduation-Project\\dataconnect": could not find dataconnect.yaml in `f:\React\Animation\Graduation-Project\dataconnect`
 {"metadata":{"emulator":{"name":"dataconnect"},"message":"E0521 06:38:30.087215   32040 watch.go:40] Failed to load config from \"f:\\\\React\\\\Animation\\\\Graduation-Project\\\\dataconnect\": could not find dataconnect.yaml in `f:\\React\\Animation\\Graduation-Project\\dataconnect`\n"}}
[debug] [2026-05-21T03:38:40.086Z] E0521 06:38:40.086963   32040 watch.go:116] watchAllDir unable to walk dir `f:\React\Animation\Graduation-Project\dataconnect`: GetFileAttributesEx f:\React\Animation\Graduation-Project\dataconnect: The system cannot find the file specified.
E0521 06:38:40.086963   32040 watch.go:40] Failed to load config from "f:\\React\\Animation\\Graduation-Project\\dataconnect": could not find dataconnect.yaml in `f:\React\Animation\Graduation-Project\dataconnect`
 {"metadata":{"emulator":{"name":"dataconnect"},"message":"E0521 06:38:40.086963   32040 watch.go:116] watchAllDir unable to walk dir `f:\\React\\Animation\\Graduation-Project\\dataconnect`: GetFileAttributesEx f:\\React\\Animation\\Graduation-Project\\dataconnect: The system cannot find the file specified.\nE0521 06:38:40.086963   32040 watch.go:40] Failed to load config from \"f:\\\\React\\\\Animation\\\\Graduation-Project\\\\dataconnect\": could not find dataconnect.yaml in `f:\\React\\Animation\\Graduation-Project\\dataconnect`\n"}}
[debug] [2026-05-21T03:38:50.087Z] E0521 06:38:50.087049   32040 watch.go:40] Failed to load config from "f:\\React\\Animation\\Graduation-Project\\dataconnect": could not find dataconnect.yaml in `f:\React\Animation\Graduation-Project\dataconnect`
 {"metadata":{"emulator":{"name":"dataconnect"},"message":"E0521 06:38:50.087049   32040 watch.go:40] Failed to load config from \"f:\\\\React\\\\Animation\\\\Graduation-Project\\\\dataconnect\": could not find dataconnect.yaml in `f:\\React\\Animation\\Graduation-Project\\dataconnect`\n"}}
[debug] [2026-05-21T03:39:00.087Z] E0521 06:39:00.087086   32040 watch.go:40] Failed to load config from "f:\\React\\Animation\\Graduation-Project\\dataconnect": could not find dataconnect.yaml in `f:\React\Animation\Graduation-Project\dataconnect`
 {"metadata":{"emulator":{"name":"dataconnect"},"message":"E0521 06:39:00.087086   32040 watch.go:40] Failed to load config from \"f:\\\\React\\\\Animation\\\\Graduation-Project\\\\dataconnect\": could not find dataconnect.yaml in `f:\\React\\Animation\\Graduation-Project\\dataconnect`\n"}}
[debug] [2026-05-21T03:39:10.087Z] E0521 06:39:10.087170   32040 watch.go:40] Failed to load config from "f:\\React\\Animation\\Graduation-Project\\dataconnect": could not find dataconnect.yaml in `f:\React\Animation\Graduation-Project\dataconnect`
 {"metadata":{"emulator":{"name":"dataconnect"},"message":"E0521 06:39:10.087170   32040 watch.go:40] Failed to load config from \"f:\\\\React\\\\Animation\\\\Graduation-Project\\\\dataconnect\": could not find dataconnect.yaml in `f:\\React\\Animation\\Graduation-Project\\dataconnect`\n"}}
[debug] [2026-05-21T03:39:20.087Z] E0521 06:39:20.087178   32040 watch.go:40] Failed to load config from "f:\\React\\Animation\\Graduation-Project\\dataconnect": could not find dataconnect.yaml in `f:\React\Animation\Graduation-Project\dataconnect`
 {"metadata":{"emulator":{"name":"dataconnect"},"message":"E0521 06:39:20.087178   32040 watch.go:40] Failed to load config from \"f:\\\\React\\\\Animation\\\\Graduation-Project\\\\dataconnect\": could not find dataconnect.yaml in `f:\\React\\Animation\\Graduation-Project\\dataconnect`\n"}}
[debug] [2026-05-21T03:39:30.087Z] E0521 06:39:30.087248   32040 watch.go:40] Failed to load config from "f:\\React\\Animation\\Graduation-Project\\dataconnect": could not find dataconnect.yaml in `f:\React\Animation\Graduation-Project\dataconnect`
 {"metadata":{"emulator":{"name":"dataconnect"},"message":"E0521 06:39:30.087248   32040 watch.go:40] Failed to load config from \"f:\\\\React\\\\Animation\\\\Graduation-Project\\\\dataconnect\": could not find dataconnect.yaml in `f:\\React\\Animation\\Graduation-Project\\dataconnect`\n"}}
[debug] [2026-05-21T03:39:40.087Z] E0521 06:39:40.087124   32040 watch.go:116] watchAllDir unable to walk dir `f:\React\Animation\Graduation-Project\dataconnect`: GetFileAttributesEx f:\React\Animation\Graduation-Project\dataconnect: The system cannot find the file specified.
E0521 06:39:40.087124   32040 watch.go:40] Failed to load config from "f:\\React\\Animation\\Graduation-Project\\dataconnect": could not find dataconnect.yaml in `f:\React\Animation\Graduation-Project\dataconnect`
 {"metadata":{"emulator":{"name":"dataconnect"},"message":"E0521 06:39:40.087124   32040 watch.go:116] watchAllDir unable to walk dir `f:\\React\\Animation\\Graduation-Project\\dataconnect`: GetFileAttributesEx f:\\React\\Animation\\Graduation-Project\\dataconnect: The system cannot find the file specified.\nE0521 06:39:40.087124   32040 watch.go:40] Failed to load config from \"f:\\\\React\\\\Animation\\\\Graduation-Project\\\\dataconnect\": could not find dataconnect.yaml in `f:\\React\\Animation\\Graduation-Project\\dataconnect`\n"}}
[debug] [2026-05-21T03:39:50.087Z] E0521 06:39:50.087259   32040 watch.go:40] Failed to load config from "f:\\React\\Animation\\Graduation-Project\\dataconnect": could not find dataconnect.yaml in `f:\React\Animation\Graduation-Project\dataconnect`
 {"metadata":{"emulator":{"name":"dataconnect"},"message":"E0521 06:39:50.087259   32040 watch.go:40] Failed to load config from \"f:\\\\React\\\\Animation\\\\Graduation-Project\\\\dataconnect\": could not find dataconnect.yaml in `f:\\React\\Animation\\Graduation-Project\\dataconnect`\n"}}
[debug] [2026-05-21T03:40:00.087Z] E0521 06:40:00.086955   32040 watch.go:40] Failed to load config from "f:\\React\\Animation\\Graduation-Project\\dataconnect": could not find dataconnect.yaml in `f:\React\Animation\Graduation-Project\dataconnect`
 {"metadata":{"emulator":{"name":"dataconnect"},"message":"E0521 06:40:00.086955   32040 watch.go:40] Failed to load config from \"f:\\\\React\\\\Animation\\\\Graduation-Project\\\\dataconnect\": could not find dataconnect.yaml in `f:\\React\\Animation\\Graduation-Project\\dataconnect`\n"}}
[debug] [2026-05-21T03:40:10.087Z] E0521 06:40:10.087012   32040 watch.go:40] Failed to load config from "f:\\React\\Animation\\Graduation-Project\\dataconnect": could not find dataconnect.yaml in `f:\React\Animation\Graduation-Project\dataconnect`
 {"metadata":{"emulator":{"name":"dataconnect"},"message":"E0521 06:40:10.087012   32040 watch.go:40] Failed to load config from \"f:\\\\React\\\\Animation\\\\Graduation-Project\\\\dataconnect\": could not find dataconnect.yaml in `f:\\React\\Animation\\Graduation-Project\\dataconnect`\n"}}
[debug] [2026-05-21T03:40:20.087Z] E0521 06:40:20.087158   32040 watch.go:40] Failed to load config from "f:\\React\\Animation\\Graduation-Project\\dataconnect": could not find dataconnect.yaml in `f:\React\Animation\Graduation-Project\dataconnect`
 {"metadata":{"emulator":{"name":"dataconnect"},"message":"E0521 06:40:20.087158   32040 watch.go:40] Failed to load config from \"f:\\\\React\\\\Animation\\\\Graduation-Project\\\\dataconnect\": could not find dataconnect.yaml in `f:\\React\\Animation\\Graduation-Project\\dataconnect`\n"}}
[debug] [2026-05-21T03:40:30.087Z] E0521 06:40:30.087308   32040 watch.go:40] Failed to load config from "f:\\React\\Animation\\Graduation-Project\\dataconnect": could not find dataconnect.yaml in `f:\React\Animation\Graduation-Project\dataconnect`
 {"metadata":{"emulator":{"name":"dataconnect"},"message":"E0521 06:40:30.087308   32040 watch.go:40] Failed to load config from \"f:\\\\React\\\\Animation\\\\Graduation-Project\\\\dataconnect\": could not find dataconnect.yaml in `f:\\React\\Animation\\Graduation-Project\\dataconnect`\n"}}
[debug] [2026-05-21T03:40:40.087Z] E0521 06:40:40.087119   32040 watch.go:40] Failed to load config from "f:\\React\\Animation\\Graduation-Project\\dataconnect": could not find dataconnect.yaml in `f:\React\Animation\Graduation-Project\dataconnect`
E0521 06:40:40.087119   32040 watch.go:116] watchAllDir unable to walk dir `f:\React\Animation\Graduation-Project\dataconnect`: GetFileAttributesEx f:\React\Animation\Graduation-Project\dataconnect: The system cannot find the file specified.
 {"metadata":{"emulator":{"name":"dataconnect"},"message":"E0521 06:40:40.087119   32040 watch.go:40] Failed to load config from \"f:\\\\React\\\\Animation\\\\Graduation-Project\\\\dataconnect\": could not find dataconnect.yaml in `f:\\React\\Animation\\Graduation-Project\\dataconnect`\nE0521 06:40:40.087119   32040 watch.go:116] watchAllDir unable to walk dir `f:\\React\\Animation\\Graduation-Project\\dataconnect`: GetFileAttributesEx f:\\React\\Animation\\Graduation-Project\\dataconnect: The system cannot find the file specified.\n"}}
[debug] [2026-05-21T03:40:50.087Z] E0521 06:40:50.087045   32040 watch.go:40] Failed to load config from "f:\\React\\Animation\\Graduation-Project\\dataconnect": could not find dataconnect.yaml in `f:\React\Animation\Graduation-Project\dataconnect`
 {"metadata":{"emulator":{"name":"dataconnect"},"message":"E0521 06:40:50.087045   32040 watch.go:40] Failed to load config from \"f:\\\\React\\\\Animation\\\\Graduation-Project\\\\dataconnect\": could not find dataconnect.yaml in `f:\\React\\Animation\\Graduation-Project\\dataconnect`\n"}}
[debug] [2026-05-21T03:41:00.087Z] E0521 06:41:00.087370   32040 watch.go:40] Failed to load config from "f:\\React\\Animation\\Graduation-Project\\dataconnect": could not find dataconnect.yaml in `f:\React\Animation\Graduation-Project\dataconnect`
 {"metadata":{"emulator":{"name":"dataconnect"},"message":"E0521 06:41:00.087370   32040 watch.go:40] Failed to load config from \"f:\\\\React\\\\Animation\\\\Graduation-Project\\\\dataconnect\": could not find dataconnect.yaml in `f:\\React\\Animation\\Graduation-Project\\dataconnect`\n"}}
[debug] [2026-05-21T03:41:10.086Z] E0521 06:41:10.086954   32040 watch.go:40] Failed to load config from "f:\\React\\Animation\\Graduation-Project\\dataconnect": could not find dataconnect.yaml in `f:\React\Animation\Graduation-Project\dataconnect`
 {"metadata":{"emulator":{"name":"dataconnect"},"message":"E0521 06:41:10.086954   32040 watch.go:40] Failed to load config from \"f:\\\\React\\\\Animation\\\\Graduation-Project\\\\dataconnect\": could not find dataconnect.yaml in `f:\\React\\Animation\\Graduation-Project\\dataconnect`\n"}}
[debug] [2026-05-21T03:41:20.087Z] E0521 06:41:20.087117   32040 watch.go:40] Failed to load config from "f:\\React\\Animation\\Graduation-Project\\dataconnect": could not find dataconnect.yaml in `f:\React\Animation\Graduation-Project\dataconnect`
 {"metadata":{"emulator":{"name":"dataconnect"},"message":"E0521 06:41:20.087117   32040 watch.go:40] Failed to load config from \"f:\\\\React\\\\Animation\\\\Graduation-Project\\\\dataconnect\": could not find dataconnect.yaml in `f:\\React\\Animation\\Graduation-Project\\dataconnect`\n"}}
[debug] [2026-05-21T03:41:30.086Z] E0521 06:41:30.086935   32040 watch.go:40] Failed to load config from "f:\\React\\Animation\\Graduation-Project\\dataconnect": could not find dataconnect.yaml in `f:\React\Animation\Graduation-Project\dataconnect`
 {"metadata":{"emulator":{"name":"dataconnect"},"message":"E0521 06:41:30.086935   32040 watch.go:40] Failed to load config from \"f:\\\\React\\\\Animation\\\\Graduation-Project\\\\dataconnect\": could not find dataconnect.yaml in `f:\\React\\Animation\\Graduation-Project\\dataconnect`\n"}}
[debug] [2026-05-21T03:41:40.086Z] E0521 06:41:40.086924   32040 watch.go:116] watchAllDir unable to walk dir `f:\React\Animation\Graduation-Project\dataconnect`: GetFileAttributesEx f:\React\Animation\Graduation-Project\dataconnect: The system cannot find the file specified.
 {"metadata":{"emulator":{"name":"dataconnect"},"message":"E0521 06:41:40.086924   32040 watch.go:116] watchAllDir unable to walk dir `f:\\React\\Animation\\Graduation-Project\\dataconnect`: GetFileAttributesEx f:\\React\\Animation\\Graduation-Project\\dataconnect: The system cannot find the file specified.\n"}}
[debug] [2026-05-21T03:41:40.087Z] E0521 06:41:40.086924   32040 watch.go:40] Failed to load config from "f:\\React\\Animation\\Graduation-Project\\dataconnect": could not find dataconnect.yaml in `f:\React\Animation\Graduation-Project\dataconnect`
 {"metadata":{"emulator":{"name":"dataconnect"},"message":"E0521 06:41:40.086924   32040 watch.go:40] Failed to load config from \"f:\\\\React\\\\Animation\\\\Graduation-Project\\\\dataconnect\": could not find dataconnect.yaml in `f:\\React\\Animation\\Graduation-Project\\dataconnect`\n"}}
[debug] [2026-05-21T03:41:50.087Z] E0521 06:41:50.087046   32040 watch.go:40] Failed to load config from "f:\\React\\Animation\\Graduation-Project\\dataconnect": could not find dataconnect.yaml in `f:\React\Animation\Graduation-Project\dataconnect`
 {"metadata":{"emulator":{"name":"dataconnect"},"message":"E0521 06:41:50.087046   32040 watch.go:40] Failed to load config from \"f:\\\\React\\\\Animation\\\\Graduation-Project\\\\dataconnect\": could not find dataconnect.yaml in `f:\\React\\Animation\\Graduation-Project\\dataconnect`\n"}}
[debug] [2026-05-21T03:42:00.087Z] E0521 06:42:00.087238   32040 watch.go:40] Failed to load config from "f:\\React\\Animation\\Graduation-Project\\dataconnect": could not find dataconnect.yaml in `f:\React\Animation\Graduation-Project\dataconnect`
 {"metadata":{"emulator":{"name":"dataconnect"},"message":"E0521 06:42:00.087238   32040 watch.go:40] Failed to load config from \"f:\\\\React\\\\Animation\\\\Graduation-Project\\\\dataconnect\": could not find dataconnect.yaml in `f:\\React\\Animation\\Graduation-Project\\dataconnect`\n"}}
[debug] [2026-05-21T03:42:10.090Z] E0521 06:42:10.087393   32040 watch.go:40] Failed to load config from "f:\\React\\Animation\\Graduation-Project\\dataconnect": could not find dataconnect.yaml in `f:\React\Animation\Graduation-Project\dataconnect`
 {"metadata":{"emulator":{"name":"dataconnect"},"message":"E0521 06:42:10.087393   32040 watch.go:40] Failed to load config from \"f:\\\\React\\\\Animation\\\\Graduation-Project\\\\dataconnect\": could not find dataconnect.yaml in `f:\\React\\Animation\\Graduation-Project\\dataconnect`\n"}}
[debug] [2026-05-21T03:42:20.087Z] E0521 06:42:20.087258   32040 watch.go:40] Failed to load config from "f:\\React\\Animation\\Graduation-Project\\dataconnect": could not find dataconnect.yaml in `f:\React\Animation\Graduation-Project\dataconnect`
 {"metadata":{"emulator":{"name":"dataconnect"},"message":"E0521 06:42:20.087258   32040 watch.go:40] Failed to load config from \"f:\\\\React\\\\Animation\\\\Graduation-Project\\\\dataconnect\": could not find dataconnect.yaml in `f:\\React\\Animation\\Graduation-Project\\dataconnect`\n"}}
[debug] [2026-05-21T03:42:30.087Z] E0521 06:42:30.087315   32040 watch.go:40] Failed to load config from "f:\\React\\Animation\\Graduation-Project\\dataconnect": could not find dataconnect.yaml in `f:\React\Animation\Graduation-Project\dataconnect`
 {"metadata":{"emulator":{"name":"dataconnect"},"message":"E0521 06:42:30.087315   32040 watch.go:40] Failed to load config from \"f:\\\\React\\\\Animation\\\\Graduation-Project\\\\dataconnect\": could not find dataconnect.yaml in `f:\\React\\Animation\\Graduation-Project\\dataconnect`\n"}}
[debug] [2026-05-21T03:42:40.087Z] E0521 06:42:40.087079   32040 watch.go:116] watchAllDir unable to walk dir `f:\React\Animation\Graduation-Project\dataconnect`: GetFileAttributesEx f:\React\Animation\Graduation-Project\dataconnect: The system cannot find the file specified.
E0521 06:42:40.087079   32040 watch.go:40] Failed to load config from "f:\\React\\Animation\\Graduation-Project\\dataconnect": could not find dataconnect.yaml in `f:\React\Animation\Graduation-Project\dataconnect`
 {"metadata":{"emulator":{"name":"dataconnect"},"message":"E0521 06:42:40.087079   32040 watch.go:116] watchAllDir unable to walk dir `f:\\React\\Animation\\Graduation-Project\\dataconnect`: GetFileAttributesEx f:\\React\\Animation\\Graduation-Project\\dataconnect: The system cannot find the file specified.\nE0521 06:42:40.087079   32040 watch.go:40] Failed to load config from \"f:\\\\React\\\\Animation\\\\Graduation-Project\\\\dataconnect\": could not find dataconnect.yaml in `f:\\React\\Animation\\Graduation-Project\\dataconnect`\n"}}
[debug] [2026-05-21T03:42:50.087Z] E0521 06:42:50.087360   32040 watch.go:40] Failed to load config from "f:\\React\\Animation\\Graduation-Project\\dataconnect": could not find dataconnect.yaml in `f:\React\Animation\Graduation-Project\dataconnect`
 {"metadata":{"emulator":{"name":"dataconnect"},"message":"E0521 06:42:50.087360   32040 watch.go:40] Failed to load config from \"f:\\\\React\\\\Animation\\\\Graduation-Project\\\\dataconnect\": could not find dataconnect.yaml in `f:\\React\\Animation\\Graduation-Project\\dataconnect`\n"}}
[debug] [2026-05-21T03:43:00.087Z] E0521 06:43:00.087193   32040 watch.go:40] Failed to load config from "f:\\React\\Animation\\Graduation-Project\\dataconnect": could not find dataconnect.yaml in `f:\React\Animation\Graduation-Project\dataconnect`
 {"metadata":{"emulator":{"name":"dataconnect"},"message":"E0521 06:43:00.087193   32040 watch.go:40] Failed to load config from \"f:\\\\React\\\\Animation\\\\Graduation-Project\\\\dataconnect\": could not find dataconnect.yaml in `f:\\React\\Animation\\Graduation-Project\\dataconnect`\n"}}
[debug] [2026-05-21T03:43:10.087Z] E0521 06:43:10.087006   32040 watch.go:40] Failed to load config from "f:\\React\\Animation\\Graduation-Project\\dataconnect": could not find dataconnect.yaml in `f:\React\Animation\Graduation-Project\dataconnect`
 {"metadata":{"emulator":{"name":"dataconnect"},"message":"E0521 06:43:10.087006   32040 watch.go:40] Failed to load config from \"f:\\\\React\\\\Animation\\\\Graduation-Project\\\\dataconnect\": could not find dataconnect.yaml in `f:\\React\\Animation\\Graduation-Project\\dataconnect`\n"}}
[debug] [2026-05-21T03:43:20.087Z] E0521 06:43:20.087083   32040 watch.go:40] Failed to load config from "f:\\React\\Animation\\Graduation-Project\\dataconnect": could not find dataconnect.yaml in `f:\React\Animation\Graduation-Project\dataconnect`
 {"metadata":{"emulator":{"name":"dataconnect"},"message":"E0521 06:43:20.087083   32040 watch.go:40] Failed to load config from \"f:\\\\React\\\\Animation\\\\Graduation-Project\\\\dataconnect\": could not find dataconnect.yaml in `f:\\React\\Animation\\Graduation-Project\\dataconnect`\n"}}
[debug] [2026-05-21T03:43:30.087Z] E0521 06:43:30.087298   32040 watch.go:40] Failed to load config from "f:\\React\\Animation\\Graduation-Project\\dataconnect": could not find dataconnect.yaml in `f:\React\Animation\Graduation-Project\dataconnect`
 {"metadata":{"emulator":{"name":"dataconnect"},"message":"E0521 06:43:30.087298   32040 watch.go:40] Failed to load config from \"f:\\\\React\\\\Animation\\\\Graduation-Project\\\\dataconnect\": could not find dataconnect.yaml in `f:\\React\\Animation\\Graduation-Project\\dataconnect`\n"}}
[debug] [2026-05-21T03:43:40.086Z] E0521 06:43:40.087059   32040 watch.go:116] watchAllDir unable to walk dir `f:\React\Animation\Graduation-Project\dataconnect`: GetFileAttributesEx f:\React\Animation\Graduation-Project\dataconnect: The system cannot find the file specified.
E0521 06:43:40.087059   32040 watch.go:40] Failed to load config from "f:\\React\\Animation\\Graduation-Project\\dataconnect": could not find dataconnect.yaml in `f:\React\Animation\Graduation-Project\dataconnect`
 {"metadata":{"emulator":{"name":"dataconnect"},"message":"E0521 06:43:40.087059   32040 watch.go:116] watchAllDir unable to walk dir `f:\\React\\Animation\\Graduation-Project\\dataconnect`: GetFileAttributesEx f:\\React\\Animation\\Graduation-Project\\dataconnect: The system cannot find the file specified.\nE0521 06:43:40.087059   32040 watch.go:40] Failed to load config from \"f:\\\\React\\\\Animation\\\\Graduation-Project\\\\dataconnect\": could not find dataconnect.yaml in `f:\\React\\Animation\\Graduation-Project\\dataconnect`\n"}}
[debug] [2026-05-21T03:43:50.086Z] E0521 06:43:50.087054   32040 watch.go:40] Failed to load config from "f:\\React\\Animation\\Graduation-Project\\dataconnect": could not find dataconnect.yaml in `f:\React\Animation\Graduation-Project\dataconnect`
 {"metadata":{"emulator":{"name":"dataconnect"},"message":"E0521 06:43:50.087054   32040 watch.go:40] Failed to load config from \"f:\\\\React\\\\Animation\\\\Graduation-Project\\\\dataconnect\": could not find dataconnect.yaml in `f:\\React\\Animation\\Graduation-Project\\dataconnect`\n"}}
[debug] [2026-05-21T03:44:00.086Z] E0521 06:44:00.087037   32040 watch.go:40] Failed to load config from "f:\\React\\Animation\\Graduation-Project\\dataconnect": could not find dataconnect.yaml in `f:\React\Animation\Graduation-Project\dataconnect`
 {"metadata":{"emulator":{"name":"dataconnect"},"message":"E0521 06:44:00.087037   32040 watch.go:40] Failed to load config from \"f:\\\\React\\\\Animation\\\\Graduation-Project\\\\dataconnect\": could not find dataconnect.yaml in `f:\\React\\Animation\\Graduation-Project\\dataconnect`\n"}}
[debug] [2026-05-21T03:44:10.087Z] E0521 06:44:10.087302   32040 watch.go:40] Failed to load config from "f:\\React\\Animation\\Graduation-Project\\dataconnect": could not find dataconnect.yaml in `f:\React\Animation\Graduation-Project\dataconnect`
 {"metadata":{"emulator":{"name":"dataconnect"},"message":"E0521 06:44:10.087302   32040 watch.go:40] Failed to load config from \"f:\\\\React\\\\Animation\\\\Graduation-Project\\\\dataconnect\": could not find dataconnect.yaml in `f:\\React\\Animation\\Graduation-Project\\dataconnect`\n"}}
[debug] [2026-05-21T03:44:20.086Z] E0521 06:44:20.087116   32040 watch.go:40] Failed to load config from "f:\\React\\Animation\\Graduation-Project\\dataconnect": could not find dataconnect.yaml in `f:\React\Animation\Graduation-Project\dataconnect`
 {"metadata":{"emulator":{"name":"dataconnect"},"message":"E0521 06:44:20.087116   32040 watch.go:40] Failed to load config from \"f:\\\\React\\\\Animation\\\\Graduation-Project\\\\dataconnect\": could not find dataconnect.yaml in `f:\\React\\Animation\\Graduation-Project\\dataconnect`\n"}}
[debug] [2026-05-21T03:44:30.087Z] E0521 06:44:30.087138   32040 watch.go:40] Failed to load config from "f:\\React\\Animation\\Graduation-Project\\dataconnect": could not find dataconnect.yaml in `f:\React\Animation\Graduation-Project\dataconnect`
 {"metadata":{"emulator":{"name":"dataconnect"},"message":"E0521 06:44:30.087138   32040 watch.go:40] Failed to load config from \"f:\\\\React\\\\Animation\\\\Graduation-Project\\\\dataconnect\": could not find dataconnect.yaml in `f:\\React\\Animation\\Graduation-Project\\dataconnect`\n"}}
[debug] [2026-05-21T03:44:40.087Z] E0521 06:44:40.087397   32040 watch.go:116] watchAllDir unable to walk dir `f:\React\Animation\Graduation-Project\dataconnect`: GetFileAttributesEx f:\React\Animation\Graduation-Project\dataconnect: The system cannot find the file specified.
E0521 06:44:40.087397   32040 watch.go:40] Failed to load config from "f:\\React\\Animation\\Graduation-Project\\dataconnect": could not find dataconnect.yaml in `f:\React\Animation\Graduation-Project\dataconnect`
 {"metadata":{"emulator":{"name":"dataconnect"},"message":"E0521 06:44:40.087397   32040 watch.go:116] watchAllDir unable to walk dir `f:\\React\\Animation\\Graduation-Project\\dataconnect`: GetFileAttributesEx f:\\React\\Animation\\Graduation-Project\\dataconnect: The system cannot find the file specified.\nE0521 06:44:40.087397   32040 watch.go:40] Failed to load config from \"f:\\\\React\\\\Animation\\\\Graduation-Project\\\\dataconnect\": could not find dataconnect.yaml in `f:\\React\\Animation\\Graduation-Project\\dataconnect`\n"}}
[debug] [2026-05-21T03:44:50.087Z] E0521 06:44:50.087221   32040 watch.go:40] Failed to load config from "f:\\React\\Animation\\Graduation-Project\\dataconnect": could not find dataconnect.yaml in `f:\React\Animation\Graduation-Project\dataconnect`
 {"metadata":{"emulator":{"name":"dataconnect"},"message":"E0521 06:44:50.087221   32040 watch.go:40] Failed to load config from \"f:\\\\React\\\\Animation\\\\Graduation-Project\\\\dataconnect\": could not find dataconnect.yaml in `f:\\React\\Animation\\Graduation-Project\\dataconnect`\n"}}
[debug] [2026-05-21T03:45:00.087Z] E0521 06:45:00.087169   32040 watch.go:40] Failed to load config from "f:\\React\\Animation\\Graduation-Project\\dataconnect": could not find dataconnect.yaml in `f:\React\Animation\Graduation-Project\dataconnect`
 {"metadata":{"emulator":{"name":"dataconnect"},"message":"E0521 06:45:00.087169   32040 watch.go:40] Failed to load config from \"f:\\\\React\\\\Animation\\\\Graduation-Project\\\\dataconnect\": could not find dataconnect.yaml in `f:\\React\\Animation\\Graduation-Project\\dataconnect`\n"}}
[debug] [2026-05-21T03:45:10.087Z] E0521 06:45:10.086994   32040 watch.go:40] Failed to load config from "f:\\React\\Animation\\Graduation-Project\\dataconnect": could not find dataconnect.yaml in `f:\React\Animation\Graduation-Project\dataconnect`
 {"metadata":{"emulator":{"name":"dataconnect"},"message":"E0521 06:45:10.086994   32040 watch.go:40] Failed to load config from \"f:\\\\React\\\\Animation\\\\Graduation-Project\\\\dataconnect\": could not find dataconnect.yaml in `f:\\React\\Animation\\Graduation-Project\\dataconnect`\n"}}
[debug] [2026-05-21T03:45:20.087Z] E0521 06:45:20.087373   32040 watch.go:40] Failed to load config from "f:\\React\\Animation\\Graduation-Project\\dataconnect": could not find dataconnect.yaml in `f:\React\Animation\Graduation-Project\dataconnect`
 {"metadata":{"emulator":{"name":"dataconnect"},"message":"E0521 06:45:20.087373   32040 watch.go:40] Failed to load config from \"f:\\\\React\\\\Animation\\\\Graduation-Project\\\\dataconnect\": could not find dataconnect.yaml in `f:\\React\\Animation\\Graduation-Project\\dataconnect`\n"}}
[debug] [2026-05-21T03:45:30.087Z] E0521 06:45:30.086993   32040 watch.go:40] Failed to load config from "f:\\React\\Animation\\Graduation-Project\\dataconnect": could not find dataconnect.yaml in `f:\React\Animation\Graduation-Project\dataconnect`
 {"metadata":{"emulator":{"name":"dataconnect"},"message":"E0521 06:45:30.086993   32040 watch.go:40] Failed to load config from \"f:\\\\React\\\\Animation\\\\Graduation-Project\\\\dataconnect\": could not find dataconnect.yaml in `f:\\React\\Animation\\Graduation-Project\\dataconnect`\n"}}
[debug] [2026-05-21T03:45:40.087Z] E0521 06:45:40.086926   32040 watch.go:116] watchAllDir unable to walk dir `f:\React\Animation\Graduation-Project\dataconnect`: GetFileAttributesEx f:\React\Animation\Graduation-Project\dataconnect: The system cannot find the file specified.
E0521 06:45:40.086926   32040 watch.go:40] Failed to load config from "f:\\React\\Animation\\Graduation-Project\\dataconnect": could not find dataconnect.yaml in `f:\React\Animation\Graduation-Project\dataconnect`
 {"metadata":{"emulator":{"name":"dataconnect"},"message":"E0521 06:45:40.086926   32040 watch.go:116] watchAllDir unable to walk dir `f:\\React\\Animation\\Graduation-Project\\dataconnect`: GetFileAttributesEx f:\\React\\Animation\\Graduation-Project\\dataconnect: The system cannot find the file specified.\nE0521 06:45:40.086926   32040 watch.go:40] Failed to load config from \"f:\\\\React\\\\Animation\\\\Graduation-Project\\\\dataconnect\": could not find dataconnect.yaml in `f:\\React\\Animation\\Graduation-Project\\dataconnect`\n"}}
[debug] [2026-05-21T03:45:50.087Z] E0521 06:45:50.087110   32040 watch.go:40] Failed to load config from "f:\\React\\Animation\\Graduation-Project\\dataconnect": could not find dataconnect.yaml in `f:\React\Animation\Graduation-Project\dataconnect`
 {"metadata":{"emulator":{"name":"dataconnect"},"message":"E0521 06:45:50.087110   32040 watch.go:40] Failed to load config from \"f:\\\\React\\\\Animation\\\\Graduation-Project\\\\dataconnect\": could not find dataconnect.yaml in `f:\\React\\Animation\\Graduation-Project\\dataconnect`\n"}}
[debug] [2026-05-21T03:46:00.087Z] E0521 06:46:00.087072   32040 watch.go:40] Failed to load config from "f:\\React\\Animation\\Graduation-Project\\dataconnect": could not find dataconnect.yaml in `f:\React\Animation\Graduation-Project\dataconnect`
 {"metadata":{"emulator":{"name":"dataconnect"},"message":"E0521 06:46:00.087072   32040 watch.go:40] Failed to load config from \"f:\\\\React\\\\Animation\\\\Graduation-Project\\\\dataconnect\": could not find dataconnect.yaml in `f:\\React\\Animation\\Graduation-Project\\dataconnect`\n"}}
[debug] [2026-05-21T03:46:10.087Z] E0521 06:46:10.087124   32040 watch.go:40] Failed to load config from "f:\\React\\Animation\\Graduation-Project\\dataconnect": could not find dataconnect.yaml in `f:\React\Animation\Graduation-Project\dataconnect`
 {"metadata":{"emulator":{"name":"dataconnect"},"message":"E0521 06:46:10.087124   32040 watch.go:40] Failed to load config from \"f:\\\\React\\\\Animation\\\\Graduation-Project\\\\dataconnect\": could not find dataconnect.yaml in `f:\\React\\Animation\\Graduation-Project\\dataconnect`\n"}}
[debug] [2026-05-21T03:46:20.087Z] E0521 06:46:20.087356   32040 watch.go:40] Failed to load config from "f:\\React\\Animation\\Graduation-Project\\dataconnect": could not find dataconnect.yaml in `f:\React\Animation\Graduation-Project\dataconnect`
 {"metadata":{"emulator":{"name":"dataconnect"},"message":"E0521 06:46:20.087356   32040 watch.go:40] Failed to load config from \"f:\\\\React\\\\Animation\\\\Graduation-Project\\\\dataconnect\": could not find dataconnect.yaml in `f:\\React\\Animation\\Graduation-Project\\dataconnect`\n"}}
[debug] [2026-05-21T03:46:30.087Z] E0521 06:46:30.087161   32040 watch.go:40] Failed to load config from "f:\\React\\Animation\\Graduation-Project\\dataconnect": could not find dataconnect.yaml in `f:\React\Animation\Graduation-Project\dataconnect`
 {"metadata":{"emulator":{"name":"dataconnect"},"message":"E0521 06:46:30.087161   32040 watch.go:40] Failed to load config from \"f:\\\\React\\\\Animation\\\\Graduation-Project\\\\dataconnect\": could not find dataconnect.yaml in `f:\\React\\Animation\\Graduation-Project\\dataconnect`\n"}}
[debug] [2026-05-21T03:46:40.086Z] E0521 06:46:40.086924   32040 watch.go:116] watchAllDir unable to walk dir `f:\React\Animation\Graduation-Project\dataconnect`: GetFileAttributesEx f:\React\Animation\Graduation-Project\dataconnect: The system cannot find the file specified.
 {"metadata":{"emulator":{"name":"dataconnect"},"message":"E0521 06:46:40.086924   32040 watch.go:116] watchAllDir unable to walk dir `f:\\React\\Animation\\Graduation-Project\\dataconnect`: GetFileAttributesEx f:\\React\\Animation\\Graduation-Project\\dataconnect: The system cannot find the file specified.\n"}}
[debug] [2026-05-21T03:46:40.087Z] E0521 06:46:40.086924   32040 watch.go:40] Failed to load config from "f:\\React\\Animation\\Graduation-Project\\dataconnect": could not find dataconnect.yaml in `f:\React\Animation\Graduation-Project\dataconnect`
 {"metadata":{"emulator":{"name":"dataconnect"},"message":"E0521 06:46:40.086924   32040 watch.go:40] Failed to load config from \"f:\\\\React\\\\Animation\\\\Graduation-Project\\\\dataconnect\": could not find dataconnect.yaml in `f:\\React\\Animation\\Graduation-Project\\dataconnect`\n"}}
[debug] [2026-05-21T03:46:50.087Z] E0521 06:46:50.087338   32040 watch.go:40] Failed to load config from "f:\\React\\Animation\\Graduation-Project\\dataconnect": could not find dataconnect.yaml in `f:\React\Animation\Graduation-Project\dataconnect`
 {"metadata":{"emulator":{"name":"dataconnect"},"message":"E0521 06:46:50.087338   32040 watch.go:40] Failed to load config from \"f:\\\\React\\\\Animation\\\\Graduation-Project\\\\dataconnect\": could not find dataconnect.yaml in `f:\\React\\Animation\\Graduation-Project\\dataconnect`\n"}}
[debug] [2026-05-21T03:47:00.087Z] E0521 06:47:00.087152   32040 watch.go:40] Failed to load config from "f:\\React\\Animation\\Graduation-Project\\dataconnect": could not find dataconnect.yaml in `f:\React\Animation\Graduation-Project\dataconnect`
 {"metadata":{"emulator":{"name":"dataconnect"},"message":"E0521 06:47:00.087152   32040 watch.go:40] Failed to load config from \"f:\\\\React\\\\Animation\\\\Graduation-Project\\\\dataconnect\": could not find dataconnect.yaml in `f:\\React\\Animation\\Graduation-Project\\dataconnect`\n"}}
[debug] [2026-05-21T03:47:10.087Z] E0521 06:47:10.087337   32040 watch.go:40] Failed to load config from "f:\\React\\Animation\\Graduation-Project\\dataconnect": could not find dataconnect.yaml in `f:\React\Animation\Graduation-Project\dataconnect`
 {"metadata":{"emulator":{"name":"dataconnect"},"message":"E0521 06:47:10.087337   32040 watch.go:40] Failed to load config from \"f:\\\\React\\\\Animation\\\\Graduation-Project\\\\dataconnect\": could not find dataconnect.yaml in `f:\\React\\Animation\\Graduation-Project\\dataconnect`\n"}}
[debug] [2026-05-21T03:47:20.086Z] E0521 06:47:20.086918   32040 watch.go:40] Failed to load config from "f:\\React\\Animation\\Graduation-Project\\dataconnect": could not find dataconnect.yaml in `f:\React\Animation\Graduation-Project\dataconnect`
 {"metadata":{"emulator":{"name":"dataconnect"},"message":"E0521 06:47:20.086918   32040 watch.go:40] Failed to load config from \"f:\\\\React\\\\Animation\\\\Graduation-Project\\\\dataconnect\": could not find dataconnect.yaml in `f:\\React\\Animation\\Graduation-Project\\dataconnect`\n"}}
[debug] [2026-05-21T03:47:30.088Z] E0521 06:47:30.088075   32040 watch.go:40] Failed to load config from "f:\\React\\Animation\\Graduation-Project\\dataconnect": could not find dataconnect.yaml in `f:\React\Animation\Graduation-Project\dataconnect`
 {"metadata":{"emulator":{"name":"dataconnect"},"message":"E0521 06:47:30.088075   32040 watch.go:40] Failed to load config from \"f:\\\\React\\\\Animation\\\\Graduation-Project\\\\dataconnect\": could not find dataconnect.yaml in `f:\\React\\Animation\\Graduation-Project\\dataconnect`\n"}}
[debug] [2026-05-21T03:47:40.087Z] E0521 06:47:40.087123   32040 watch.go:116] watchAllDir unable to walk dir `f:\React\Animation\Graduation-Project\dataconnect`: GetFileAttributesEx f:\React\Animation\Graduation-Project\dataconnect: The system cannot find the file specified.
E0521 06:47:40.087123   32040 watch.go:40] Failed to load config from "f:\\React\\Animation\\Graduation-Project\\dataconnect": could not find dataconnect.yaml in `f:\React\Animation\Graduation-Project\dataconnect`
 {"metadata":{"emulator":{"name":"dataconnect"},"message":"E0521 06:47:40.087123   32040 watch.go:116] watchAllDir unable to walk dir `f:\\React\\Animation\\Graduation-Project\\dataconnect`: GetFileAttributesEx f:\\React\\Animation\\Graduation-Project\\dataconnect: The system cannot find the file specified.\nE0521 06:47:40.087123   32040 watch.go:40] Failed to load config from \"f:\\\\React\\\\Animation\\\\Graduation-Project\\\\dataconnect\": could not find dataconnect.yaml in `f:\\React\\Animation\\Graduation-Project\\dataconnect`\n"}}
[debug] [2026-05-21T03:47:50.087Z] E0521 06:47:50.087100   32040 watch.go:40] Failed to load config from "f:\\React\\Animation\\Graduation-Project\\dataconnect": could not find dataconnect.yaml in `f:\React\Animation\Graduation-Project\dataconnect`
 {"metadata":{"emulator":{"name":"dataconnect"},"message":"E0521 06:47:50.087100   32040 watch.go:40] Failed to load config from \"f:\\\\React\\\\Animation\\\\Graduation-Project\\\\dataconnect\": could not find dataconnect.yaml in `f:\\React\\Animation\\Graduation-Project\\dataconnect`\n"}}
[debug] [2026-05-21T03:48:00.087Z] E0521 06:48:00.086925   32040 watch.go:40] Failed to load config from "f:\\React\\Animation\\Graduation-Project\\dataconnect": could not find dataconnect.yaml in `f:\React\Animation\Graduation-Project\dataconnect`
 {"metadata":{"emulator":{"name":"dataconnect"},"message":"E0521 06:48:00.086925   32040 watch.go:40] Failed to load config from \"f:\\\\React\\\\Animation\\\\Graduation-Project\\\\dataconnect\": could not find dataconnect.yaml in `f:\\React\\Animation\\Graduation-Project\\dataconnect`\n"}}
[debug] [2026-05-21T03:48:10.087Z] E0521 06:48:10.087285   32040 watch.go:40] Failed to load config from "f:\\React\\Animation\\Graduation-Project\\dataconnect": could not find dataconnect.yaml in `f:\React\Animation\Graduation-Project\dataconnect`
 {"metadata":{"emulator":{"name":"dataconnect"},"message":"E0521 06:48:10.087285   32040 watch.go:40] Failed to load config from \"f:\\\\React\\\\Animation\\\\Graduation-Project\\\\dataconnect\": could not find dataconnect.yaml in `f:\\React\\Animation\\Graduation-Project\\dataconnect`\n"}}
[debug] [2026-05-21T03:48:20.087Z] E0521 06:48:20.086959   32040 watch.go:40] Failed to load config from "f:\\React\\Animation\\Graduation-Project\\dataconnect": could not find dataconnect.yaml in `f:\React\Animation\Graduation-Project\dataconnect`
 {"metadata":{"emulator":{"name":"dataconnect"},"message":"E0521 06:48:20.086959   32040 watch.go:40] Failed to load config from \"f:\\\\React\\\\Animation\\\\Graduation-Project\\\\dataconnect\": could not find dataconnect.yaml in `f:\\React\\Animation\\Graduation-Project\\dataconnect`\n"}}
[debug] [2026-05-21T03:48:30.087Z] E0521 06:48:30.087279   32040 watch.go:40] Failed to load config from "f:\\React\\Animation\\Graduation-Project\\dataconnect": could not find dataconnect.yaml in `f:\React\Animation\Graduation-Project\dataconnect`
 {"metadata":{"emulator":{"name":"dataconnect"},"message":"E0521 06:48:30.087279   32040 watch.go:40] Failed to load config from \"f:\\\\React\\\\Animation\\\\Graduation-Project\\\\dataconnect\": could not find dataconnect.yaml in `f:\\React\\Animation\\Graduation-Project\\dataconnect`\n"}}
[debug] [2026-05-21T03:48:40.087Z] E0521 06:48:40.087114   32040 watch.go:116] watchAllDir unable to walk dir `f:\React\Animation\Graduation-Project\dataconnect`: GetFileAttributesEx f:\React\Animation\Graduation-Project\dataconnect: The system cannot find the file specified.
E0521 06:48:40.087114   32040 watch.go:40] Failed to load config from "f:\\React\\Animation\\Graduation-Project\\dataconnect": could not find dataconnect.yaml in `f:\React\Animation\Graduation-Project\dataconnect`
 {"metadata":{"emulator":{"name":"dataconnect"},"message":"E0521 06:48:40.087114   32040 watch.go:116] watchAllDir unable to walk dir `f:\\React\\Animation\\Graduation-Project\\dataconnect`: GetFileAttributesEx f:\\React\\Animation\\Graduation-Project\\dataconnect: The system cannot find the file specified.\nE0521 06:48:40.087114   32040 watch.go:40] Failed to load config from \"f:\\\\React\\\\Animation\\\\Graduation-Project\\\\dataconnect\": could not find dataconnect.yaml in `f:\\React\\Animation\\Graduation-Project\\dataconnect`\n"}}
[debug] [2026-05-21T03:48:50.087Z] E0521 06:48:50.087129   32040 watch.go:40] Failed to load config from "f:\\React\\Animation\\Graduation-Project\\dataconnect": could not find dataconnect.yaml in `f:\React\Animation\Graduation-Project\dataconnect`
 {"metadata":{"emulator":{"name":"dataconnect"},"message":"E0521 06:48:50.087129   32040 watch.go:40] Failed to load config from \"f:\\\\React\\\\Animation\\\\Graduation-Project\\\\dataconnect\": could not find dataconnect.yaml in `f:\\React\\Animation\\Graduation-Project\\dataconnect`\n"}}
[debug] [2026-05-21T03:49:00.087Z] E0521 06:49:00.087080   32040 watch.go:40] Failed to load config from "f:\\React\\Animation\\Graduation-Project\\dataconnect": could not find dataconnect.yaml in `f:\React\Animation\Graduation-Project\dataconnect`
 {"metadata":{"emulator":{"name":"dataconnect"},"message":"E0521 06:49:00.087080   32040 watch.go:40] Failed to load config from \"f:\\\\React\\\\Animation\\\\Graduation-Project\\\\dataconnect\": could not find dataconnect.yaml in `f:\\React\\Animation\\Graduation-Project\\dataconnect`\n"}}
[debug] [2026-05-21T03:49:10.087Z] E0521 06:49:10.087377   32040 watch.go:40] Failed to load config from "f:\\React\\Animation\\Graduation-Project\\dataconnect": could not find dataconnect.yaml in `f:\React\Animation\Graduation-Project\dataconnect`
 {"metadata":{"emulator":{"name":"dataconnect"},"message":"E0521 06:49:10.087377   32040 watch.go:40] Failed to load config from \"f:\\\\React\\\\Animation\\\\Graduation-Project\\\\dataconnect\": could not find dataconnect.yaml in `f:\\React\\Animation\\Graduation-Project\\dataconnect`\n"}}
[debug] [2026-05-21T03:49:20.087Z] E0521 06:49:20.087020   32040 watch.go:40] Failed to load config from "f:\\React\\Animation\\Graduation-Project\\dataconnect": could not find dataconnect.yaml in `f:\React\Animation\Graduation-Project\dataconnect`
 {"metadata":{"emulator":{"name":"dataconnect"},"message":"E0521 06:49:20.087020   32040 watch.go:40] Failed to load config from \"f:\\\\React\\\\Animation\\\\Graduation-Project\\\\dataconnect\": could not find dataconnect.yaml in `f:\\React\\Animation\\Graduation-Project\\dataconnect`\n"}}
[debug] [2026-05-21T03:49:30.087Z] E0521 06:49:30.087206   32040 watch.go:40] Failed to load config from "f:\\React\\Animation\\Graduation-Project\\dataconnect": could not find dataconnect.yaml in `f:\React\Animation\Graduation-Project\dataconnect`
 {"metadata":{"emulator":{"name":"dataconnect"},"message":"E0521 06:49:30.087206   32040 watch.go:40] Failed to load config from \"f:\\\\React\\\\Animation\\\\Graduation-Project\\\\dataconnect\": could not find dataconnect.yaml in `f:\\React\\Animation\\Graduation-Project\\dataconnect`\n"}}
[debug] [2026-05-21T03:49:40.087Z] E0521 06:49:40.087093   32040 watch.go:116] watchAllDir unable to walk dir `f:\React\Animation\Graduation-Project\dataconnect`: GetFileAttributesEx f:\React\Animation\Graduation-Project\dataconnect: The system cannot find the file specified.
 {"metadata":{"emulator":{"name":"dataconnect"},"message":"E0521 06:49:40.087093   32040 watch.go:116] watchAllDir unable to walk dir `f:\\React\\Animation\\Graduation-Project\\dataconnect`: GetFileAttributesEx f:\\React\\Animation\\Graduation-Project\\dataconnect: The system cannot find the file specified.\n"}}
[debug] [2026-05-21T03:49:40.087Z] E0521 06:49:40.087093   32040 watch.go:40] Failed to load config from "f:\\React\\Animation\\Graduation-Project\\dataconnect": could not find dataconnect.yaml in `f:\React\Animation\Graduation-Project\dataconnect`
 {"metadata":{"emulator":{"name":"dataconnect"},"message":"E0521 06:49:40.087093   32040 watch.go:40] Failed to load config from \"f:\\\\React\\\\Animation\\\\Graduation-Project\\\\dataconnect\": could not find dataconnect.yaml in `f:\\React\\Animation\\Graduation-Project\\dataconnect`\n"}}
[debug] [2026-05-21T03:49:50.087Z] E0521 06:49:50.087034   32040 watch.go:40] Failed to load config from "f:\\React\\Animation\\Graduation-Project\\dataconnect": could not find dataconnect.yaml in `f:\React\Animation\Graduation-Project\dataconnect`
 {"metadata":{"emulator":{"name":"dataconnect"},"message":"E0521 06:49:50.087034   32040 watch.go:40] Failed to load config from \"f:\\\\React\\\\Animation\\\\Graduation-Project\\\\dataconnect\": could not find dataconnect.yaml in `f:\\React\\Animation\\Graduation-Project\\dataconnect`\n"}}
[debug] [2026-05-21T03:50:00.087Z] E0521 06:50:00.086932   32040 watch.go:40] Failed to load config from "f:\\React\\Animation\\Graduation-Project\\dataconnect": could not find dataconnect.yaml in `f:\React\Animation\Graduation-Project\dataconnect`
 {"metadata":{"emulator":{"name":"dataconnect"},"message":"E0521 06:50:00.086932   32040 watch.go:40] Failed to load config from \"f:\\\\React\\\\Animation\\\\Graduation-Project\\\\dataconnect\": could not find dataconnect.yaml in `f:\\React\\Animation\\Graduation-Project\\dataconnect`\n"}}
[debug] [2026-05-21T03:50:10.087Z] E0521 06:50:10.087434   32040 watch.go:40] Failed to load config from "f:\\React\\Animation\\Graduation-Project\\dataconnect": could not find dataconnect.yaml in `f:\React\Animation\Graduation-Project\dataconnect`
 {"metadata":{"emulator":{"name":"dataconnect"},"message":"E0521 06:50:10.087434   32040 watch.go:40] Failed to load config from \"f:\\\\React\\\\Animation\\\\Graduation-Project\\\\dataconnect\": could not find dataconnect.yaml in `f:\\React\\Animation\\Graduation-Project\\dataconnect`\n"}}
[debug] [2026-05-21T03:50:20.087Z] E0521 06:50:20.086947   32040 watch.go:40] Failed to load config from "f:\\React\\Animation\\Graduation-Project\\dataconnect": could not find dataconnect.yaml in `f:\React\Animation\Graduation-Project\dataconnect`
 {"metadata":{"emulator":{"name":"dataconnect"},"message":"E0521 06:50:20.086947   32040 watch.go:40] Failed to load config from \"f:\\\\React\\\\Animation\\\\Graduation-Project\\\\dataconnect\": could not find dataconnect.yaml in `f:\\React\\Animation\\Graduation-Project\\dataconnect`\n"}}
[debug] [2026-05-21T03:50:30.087Z] E0521 06:50:30.086935   32040 watch.go:40] Failed to load config from "f:\\React\\Animation\\Graduation-Project\\dataconnect": could not find dataconnect.yaml in `f:\React\Animation\Graduation-Project\dataconnect`
 {"metadata":{"emulator":{"name":"dataconnect"},"message":"E0521 06:50:30.086935   32040 watch.go:40] Failed to load config from \"f:\\\\React\\\\Animation\\\\Graduation-Project\\\\dataconnect\": could not find dataconnect.yaml in `f:\\React\\Animation\\Graduation-Project\\dataconnect`\n"}}
[debug] [2026-05-21T03:50:40.087Z] E0521 06:50:40.087079   32040 watch.go:116] watchAllDir unable to walk dir `f:\React\Animation\Graduation-Project\dataconnect`: GetFileAttributesEx f:\React\Animation\Graduation-Project\dataconnect: The system cannot find the file specified.
E0521 06:50:40.087079   32040 watch.go:40] Failed to load config from "f:\\React\\Animation\\Graduation-Project\\dataconnect": could not find dataconnect.yaml in `f:\React\Animation\Graduation-Project\dataconnect`
 {"metadata":{"emulator":{"name":"dataconnect"},"message":"E0521 06:50:40.087079   32040 watch.go:116] watchAllDir unable to walk dir `f:\\React\\Animation\\Graduation-Project\\dataconnect`: GetFileAttributesEx f:\\React\\Animation\\Graduation-Project\\dataconnect: The system cannot find the file specified.\nE0521 06:50:40.087079   32040 watch.go:40] Failed to load config from \"f:\\\\React\\\\Animation\\\\Graduation-Project\\\\dataconnect\": could not find dataconnect.yaml in `f:\\React\\Animation\\Graduation-Project\\dataconnect`\n"}}
[debug] [2026-05-21T03:50:50.087Z] E0521 06:50:50.087404   32040 watch.go:40] Failed to load config from "f:\\React\\Animation\\Graduation-Project\\dataconnect": could not find dataconnect.yaml in `f:\React\Animation\Graduation-Project\dataconnect`
 {"metadata":{"emulator":{"name":"dataconnect"},"message":"E0521 06:50:50.087404   32040 watch.go:40] Failed to load config from \"f:\\\\React\\\\Animation\\\\Graduation-Project\\\\dataconnect\": could not find dataconnect.yaml in `f:\\React\\Animation\\Graduation-Project\\dataconnect`\n"}}
[debug] [2026-05-21T03:51:00.087Z] E0521 06:51:00.087325   32040 watch.go:40] Failed to load config from "f:\\React\\Animation\\Graduation-Project\\dataconnect": could not find dataconnect.yaml in `f:\React\Animation\Graduation-Project\dataconnect`
 {"metadata":{"emulator":{"name":"dataconnect"},"message":"E0521 06:51:00.087325   32040 watch.go:40] Failed to load config from \"f:\\\\React\\\\Animation\\\\Graduation-Project\\\\dataconnect\": could not find dataconnect.yaml in `f:\\React\\Animation\\Graduation-Project\\dataconnect`\n"}}
[debug] [2026-05-21T03:51:10.087Z] E0521 06:51:10.087275   32040 watch.go:40] Failed to load config from "f:\\React\\Animation\\Graduation-Project\\dataconnect": could not find dataconnect.yaml in `f:\React\Animation\Graduation-Project\dataconnect`
 {"metadata":{"emulator":{"name":"dataconnect"},"message":"E0521 06:51:10.087275   32040 watch.go:40] Failed to load config from \"f:\\\\React\\\\Animation\\\\Graduation-Project\\\\dataconnect\": could not find dataconnect.yaml in `f:\\React\\Animation\\Graduation-Project\\dataconnect`\n"}}
[debug] [2026-05-21T03:51:20.087Z] E0521 06:51:20.087240   32040 watch.go:40] Failed to load config from "f:\\React\\Animation\\Graduation-Project\\dataconnect": could not find dataconnect.yaml in `f:\React\Animation\Graduation-Project\dataconnect`
 {"metadata":{"emulator":{"name":"dataconnect"},"message":"E0521 06:51:20.087240   32040 watch.go:40] Failed to load config from \"f:\\\\React\\\\Animation\\\\Graduation-Project\\\\dataconnect\": could not find dataconnect.yaml in `f:\\React\\Animation\\Graduation-Project\\dataconnect`\n"}}
[debug] [2026-05-21T03:51:30.087Z] E0521 06:51:30.087158   32040 watch.go:40] Failed to load config from "f:\\React\\Animation\\Graduation-Project\\dataconnect": could not find dataconnect.yaml in `f:\React\Animation\Graduation-Project\dataconnect`
 {"metadata":{"emulator":{"name":"dataconnect"},"message":"E0521 06:51:30.087158   32040 watch.go:40] Failed to load config from \"f:\\\\React\\\\Animation\\\\Graduation-Project\\\\dataconnect\": could not find dataconnect.yaml in `f:\\React\\Animation\\Graduation-Project\\dataconnect`\n"}}
[debug] [2026-05-21T03:51:40.087Z] E0521 06:51:40.087012   32040 watch.go:40] Failed to load config from "f:\\React\\Animation\\Graduation-Project\\dataconnect": could not find dataconnect.yaml in `f:\React\Animation\Graduation-Project\dataconnect`
 {"metadata":{"emulator":{"name":"dataconnect"},"message":"E0521 06:51:40.087012   32040 watch.go:40] Failed to load config from \"f:\\\\React\\\\Animation\\\\Graduation-Project\\\\dataconnect\": could not find dataconnect.yaml in `f:\\React\\Animation\\Graduation-Project\\dataconnect`\n"}}
[debug] [2026-05-21T03:51:40.088Z] E0521 06:51:40.087012   32040 watch.go:116] watchAllDir unable to walk dir `f:\React\Animation\Graduation-Project\dataconnect`: GetFileAttributesEx f:\React\Animation\Graduation-Project\dataconnect: The system cannot find the file specified.
 {"metadata":{"emulator":{"name":"dataconnect"},"message":"E0521 06:51:40.087012   32040 watch.go:116] watchAllDir unable to walk dir `f:\\React\\Animation\\Graduation-Project\\dataconnect`: GetFileAttributesEx f:\\React\\Animation\\Graduation-Project\\dataconnect: The system cannot find the file specified.\n"}}
[debug] [2026-05-21T03:51:50.087Z] E0521 06:51:50.087240   32040 watch.go:40] Failed to load config from "f:\\React\\Animation\\Graduation-Project\\dataconnect": could not find dataconnect.yaml in `f:\React\Animation\Graduation-Project\dataconnect`
 {"metadata":{"emulator":{"name":"dataconnect"},"message":"E0521 06:51:50.087240   32040 watch.go:40] Failed to load config from \"f:\\\\React\\\\Animation\\\\Graduation-Project\\\\dataconnect\": could not find dataconnect.yaml in `f:\\React\\Animation\\Graduation-Project\\dataconnect`\n"}}
[debug] [2026-05-21T03:52:00.087Z] E0521 06:52:00.087020   32040 watch.go:40] Failed to load config from "f:\\React\\Animation\\Graduation-Project\\dataconnect": could not find dataconnect.yaml in `f:\React\Animation\Graduation-Project\dataconnect`
 {"metadata":{"emulator":{"name":"dataconnect"},"message":"E0521 06:52:00.087020   32040 watch.go:40] Failed to load config from \"f:\\\\React\\\\Animation\\\\Graduation-Project\\\\dataconnect\": could not find dataconnect.yaml in `f:\\React\\Animation\\Graduation-Project\\dataconnect`\n"}}
[debug] [2026-05-21T03:52:10.087Z] E0521 06:52:10.087070   32040 watch.go:40] Failed to load config from "f:\\React\\Animation\\Graduation-Project\\dataconnect": could not find dataconnect.yaml in `f:\React\Animation\Graduation-Project\dataconnect`
 {"metadata":{"emulator":{"name":"dataconnect"},"message":"E0521 06:52:10.087070   32040 watch.go:40] Failed to load config from \"f:\\\\React\\\\Animation\\\\Graduation-Project\\\\dataconnect\": could not find dataconnect.yaml in `f:\\React\\Animation\\Graduation-Project\\dataconnect`\n"}}
[debug] [2026-05-21T03:52:20.087Z] E0521 06:52:20.086991   32040 watch.go:40] Failed to load config from "f:\\React\\Animation\\Graduation-Project\\dataconnect": could not find dataconnect.yaml in `f:\React\Animation\Graduation-Project\dataconnect`
 {"metadata":{"emulator":{"name":"dataconnect"},"message":"E0521 06:52:20.086991   32040 watch.go:40] Failed to load config from \"f:\\\\React\\\\Animation\\\\Graduation-Project\\\\dataconnect\": could not find dataconnect.yaml in `f:\\React\\Animation\\Graduation-Project\\dataconnect`\n"}}
[debug] [2026-05-21T03:52:30.087Z] E0521 06:52:30.087303   32040 watch.go:40] Failed to load config from "f:\\React\\Animation\\Graduation-Project\\dataconnect": could not find dataconnect.yaml in `f:\React\Animation\Graduation-Project\dataconnect`
 {"metadata":{"emulator":{"name":"dataconnect"},"message":"E0521 06:52:30.087303   32040 watch.go:40] Failed to load config from \"f:\\\\React\\\\Animation\\\\Graduation-Project\\\\dataconnect\": could not find dataconnect.yaml in `f:\\React\\Animation\\Graduation-Project\\dataconnect`\n"}}
[debug] [2026-05-21T03:52:40.087Z] E0521 06:52:40.087324   32040 watch.go:116] watchAllDir unable to walk dir `f:\React\Animation\Graduation-Project\dataconnect`: GetFileAttributesEx f:\React\Animation\Graduation-Project\dataconnect: The system cannot find the file specified.
E0521 06:52:40.087324   32040 watch.go:40] Failed to load config from "f:\\React\\Animation\\Graduation-Project\\dataconnect": could not find dataconnect.yaml in `f:\React\Animation\Graduation-Project\dataconnect`
 {"metadata":{"emulator":{"name":"dataconnect"},"message":"E0521 06:52:40.087324   32040 watch.go:116] watchAllDir unable to walk dir `f:\\React\\Animation\\Graduation-Project\\dataconnect`: GetFileAttributesEx f:\\React\\Animation\\Graduation-Project\\dataconnect: The system cannot find the file specified.\nE0521 06:52:40.087324   32040 watch.go:40] Failed to load config from \"f:\\\\React\\\\Animation\\\\Graduation-Project\\\\dataconnect\": could not find dataconnect.yaml in `f:\\React\\Animation\\Graduation-Project\\dataconnect`\n"}}
[debug] [2026-05-21T03:52:50.087Z] E0521 06:52:50.087378   32040 watch.go:40] Failed to load config from "f:\\React\\Animation\\Graduation-Project\\dataconnect": could not find dataconnect.yaml in `f:\React\Animation\Graduation-Project\dataconnect`
 {"metadata":{"emulator":{"name":"dataconnect"},"message":"E0521 06:52:50.087378   32040 watch.go:40] Failed to load config from \"f:\\\\React\\\\Animation\\\\Graduation-Project\\\\dataconnect\": could not find dataconnect.yaml in `f:\\React\\Animation\\Graduation-Project\\dataconnect`\n"}}
[debug] [2026-05-21T03:53:00.087Z] E0521 06:53:00.086918   32040 watch.go:40] Failed to load config from "f:\\React\\Animation\\Graduation-Project\\dataconnect": could not find dataconnect.yaml in `f:\React\Animation\Graduation-Project\dataconnect`
 {"metadata":{"emulator":{"name":"dataconnect"},"message":"E0521 06:53:00.086918   32040 watch.go:40] Failed to load config from \"f:\\\\React\\\\Animation\\\\Graduation-Project\\\\dataconnect\": could not find dataconnect.yaml in `f:\\React\\Animation\\Graduation-Project\\dataconnect`\n"}}
[debug] [2026-05-21T03:53:10.087Z] E0521 06:53:10.087354   32040 watch.go:40] Failed to load config from "f:\\React\\Animation\\Graduation-Project\\dataconnect": could not find dataconnect.yaml in `f:\React\Animation\Graduation-Project\dataconnect`
 {"metadata":{"emulator":{"name":"dataconnect"},"message":"E0521 06:53:10.087354   32040 watch.go:40] Failed to load config from \"f:\\\\React\\\\Animation\\\\Graduation-Project\\\\dataconnect\": could not find dataconnect.yaml in `f:\\React\\Animation\\Graduation-Project\\dataconnect`\n"}}
[debug] [2026-05-21T03:53:20.087Z] E0521 06:53:20.086986   32040 watch.go:40] Failed to load config from "f:\\React\\Animation\\Graduation-Project\\dataconnect": could not find dataconnect.yaml in `f:\React\Animation\Graduation-Project\dataconnect`
 {"metadata":{"emulator":{"name":"dataconnect"},"message":"E0521 06:53:20.086986   32040 watch.go:40] Failed to load config from \"f:\\\\React\\\\Animation\\\\Graduation-Project\\\\dataconnect\": could not find dataconnect.yaml in `f:\\React\\Animation\\Graduation-Project\\dataconnect`\n"}}
[debug] [2026-05-21T03:53:30.087Z] E0521 06:53:30.087278   32040 watch.go:40] Failed to load config from "f:\\React\\Animation\\Graduation-Project\\dataconnect": could not find dataconnect.yaml in `f:\React\Animation\Graduation-Project\dataconnect`
 {"metadata":{"emulator":{"name":"dataconnect"},"message":"E0521 06:53:30.087278   32040 watch.go:40] Failed to load config from \"f:\\\\React\\\\Animation\\\\Graduation-Project\\\\dataconnect\": could not find dataconnect.yaml in `f:\\React\\Animation\\Graduation-Project\\dataconnect`\n"}}
[debug] [2026-05-21T03:53:40.087Z] E0521 06:53:40.087066   32040 watch.go:116] watchAllDir unable to walk dir `f:\React\Animation\Graduation-Project\dataconnect`: GetFileAttributesEx f:\React\Animation\Graduation-Project\dataconnect: The system cannot find the file specified.
E0521 06:53:40.087066   32040 watch.go:40] Failed to load config from "f:\\React\\Animation\\Graduation-Project\\dataconnect": could not find dataconnect.yaml in `f:\React\Animation\Graduation-Project\dataconnect`
 {"metadata":{"emulator":{"name":"dataconnect"},"message":"E0521 06:53:40.087066   32040 watch.go:116] watchAllDir unable to walk dir `f:\\React\\Animation\\Graduation-Project\\dataconnect`: GetFileAttributesEx f:\\React\\Animation\\Graduation-Project\\dataconnect: The system cannot find the file specified.\nE0521 06:53:40.087066   32040 watch.go:40] Failed to load config from \"f:\\\\React\\\\Animation\\\\Graduation-Project\\\\dataconnect\": could not find dataconnect.yaml in `f:\\React\\Animation\\Graduation-Project\\dataconnect`\n"}}
[debug] [2026-05-21T03:53:50.089Z] E0521 06:53:50.087393   32040 watch.go:40] Failed to load config from "f:\\React\\Animation\\Graduation-Project\\dataconnect": could not find dataconnect.yaml in `f:\React\Animation\Graduation-Project\dataconnect`
 {"metadata":{"emulator":{"name":"dataconnect"},"message":"E0521 06:53:50.087393   32040 watch.go:40] Failed to load config from \"f:\\\\React\\\\Animation\\\\Graduation-Project\\\\dataconnect\": could not find dataconnect.yaml in `f:\\React\\Animation\\Graduation-Project\\dataconnect`\n"}}
[debug] [2026-05-21T03:54:00.087Z] E0521 06:54:00.086983   32040 watch.go:40] Failed to load config from "f:\\React\\Animation\\Graduation-Project\\dataconnect": could not find dataconnect.yaml in `f:\React\Animation\Graduation-Project\dataconnect`
 {"metadata":{"emulator":{"name":"dataconnect"},"message":"E0521 06:54:00.086983   32040 watch.go:40] Failed to load config from \"f:\\\\React\\\\Animation\\\\Graduation-Project\\\\dataconnect\": could not find dataconnect.yaml in `f:\\React\\Animation\\Graduation-Project\\dataconnect`\n"}}
[debug] [2026-05-21T03:54:10.087Z] E0521 06:54:10.087148   32040 watch.go:40] Failed to load config from "f:\\React\\Animation\\Graduation-Project\\dataconnect": could not find dataconnect.yaml in `f:\React\Animation\Graduation-Project\dataconnect`
 {"metadata":{"emulator":{"name":"dataconnect"},"message":"E0521 06:54:10.087148   32040 watch.go:40] Failed to load config from \"f:\\\\React\\\\Animation\\\\Graduation-Project\\\\dataconnect\": could not find dataconnect.yaml in `f:\\React\\Animation\\Graduation-Project\\dataconnect`\n"}}
[debug] [2026-05-21T03:54:20.087Z] E0521 06:54:20.087091   32040 watch.go:40] Failed to load config from "f:\\React\\Animation\\Graduation-Project\\dataconnect": could not find dataconnect.yaml in `f:\React\Animation\Graduation-Project\dataconnect`
 {"metadata":{"emulator":{"name":"dataconnect"},"message":"E0521 06:54:20.087091   32040 watch.go:40] Failed to load config from \"f:\\\\React\\\\Animation\\\\Graduation-Project\\\\dataconnect\": could not find dataconnect.yaml in `f:\\React\\Animation\\Graduation-Project\\dataconnect`\n"}}
[debug] [2026-05-21T03:54:30.087Z] E0521 06:54:30.087041   32040 watch.go:40] Failed to load config from "f:\\React\\Animation\\Graduation-Project\\dataconnect": could not find dataconnect.yaml in `f:\React\Animation\Graduation-Project\dataconnect`
 {"metadata":{"emulator":{"name":"dataconnect"},"message":"E0521 06:54:30.087041   32040 watch.go:40] Failed to load config from \"f:\\\\React\\\\Animation\\\\Graduation-Project\\\\dataconnect\": could not find dataconnect.yaml in `f:\\React\\Animation\\Graduation-Project\\dataconnect`\n"}}
[debug] [2026-05-21T03:54:40.087Z] E0521 06:54:40.087180   32040 watch.go:116] watchAllDir unable to walk dir `f:\React\Animation\Graduation-Project\dataconnect`: GetFileAttributesEx f:\React\Animation\Graduation-Project\dataconnect: The system cannot find the file specified.
 {"metadata":{"emulator":{"name":"dataconnect"},"message":"E0521 06:54:40.087180   32040 watch.go:116] watchAllDir unable to walk dir `f:\\React\\Animation\\Graduation-Project\\dataconnect`: GetFileAttributesEx f:\\React\\Animation\\Graduation-Project\\dataconnect: The system cannot find the file specified.\n"}}
[debug] [2026-05-21T03:54:40.087Z] E0521 06:54:40.087180   32040 watch.go:40] Failed to load config from "f:\\React\\Animation\\Graduation-Project\\dataconnect": could not find dataconnect.yaml in `f:\React\Animation\Graduation-Project\dataconnect`
 {"metadata":{"emulator":{"name":"dataconnect"},"message":"E0521 06:54:40.087180   32040 watch.go:40] Failed to load config from \"f:\\\\React\\\\Animation\\\\Graduation-Project\\\\dataconnect\": could not find dataconnect.yaml in `f:\\React\\Animation\\Graduation-Project\\dataconnect`\n"}}
[debug] [2026-05-21T03:54:50.087Z] E0521 06:54:50.087087   32040 watch.go:40] Failed to load config from "f:\\React\\Animation\\Graduation-Project\\dataconnect": could not find dataconnect.yaml in `f:\React\Animation\Graduation-Project\dataconnect`
 {"metadata":{"emulator":{"name":"dataconnect"},"message":"E0521 06:54:50.087087   32040 watch.go:40] Failed to load config from \"f:\\\\React\\\\Animation\\\\Graduation-Project\\\\dataconnect\": could not find dataconnect.yaml in `f:\\React\\Animation\\Graduation-Project\\dataconnect`\n"}}
[debug] [2026-05-21T03:55:00.087Z] E0521 06:55:00.087107   32040 watch.go:40] Failed to load config from "f:\\React\\Animation\\Graduation-Project\\dataconnect": could not find dataconnect.yaml in `f:\React\Animation\Graduation-Project\dataconnect`
 {"metadata":{"emulator":{"name":"dataconnect"},"message":"E0521 06:55:00.087107   32040 watch.go:40] Failed to load config from \"f:\\\\React\\\\Animation\\\\Graduation-Project\\\\dataconnect\": could not find dataconnect.yaml in `f:\\React\\Animation\\Graduation-Project\\dataconnect`\n"}}
[debug] [2026-05-21T03:55:10.087Z] E0521 06:55:10.087159   32040 watch.go:40] Failed to load config from "f:\\React\\Animation\\Graduation-Project\\dataconnect": could not find dataconnect.yaml in `f:\React\Animation\Graduation-Project\dataconnect`
 {"metadata":{"emulator":{"name":"dataconnect"},"message":"E0521 06:55:10.087159   32040 watch.go:40] Failed to load config from \"f:\\\\React\\\\Animation\\\\Graduation-Project\\\\dataconnect\": could not find dataconnect.yaml in `f:\\React\\Animation\\Graduation-Project\\dataconnect`\n"}}
[debug] [2026-05-21T03:55:20.087Z] E0521 06:55:20.087337   32040 watch.go:40] Failed to load config from "f:\\React\\Animation\\Graduation-Project\\dataconnect": could not find dataconnect.yaml in `f:\React\Animation\Graduation-Project\dataconnect`
 {"metadata":{"emulator":{"name":"dataconnect"},"message":"E0521 06:55:20.087337   32040 watch.go:40] Failed to load config from \"f:\\\\React\\\\Animation\\\\Graduation-Project\\\\dataconnect\": could not find dataconnect.yaml in `f:\\React\\Animation\\Graduation-Project\\dataconnect`\n"}}
[debug] [2026-05-21T03:55:30.087Z] E0521 06:55:30.087349   32040 watch.go:40] Failed to load config from "f:\\React\\Animation\\Graduation-Project\\dataconnect": could not find dataconnect.yaml in `f:\React\Animation\Graduation-Project\dataconnect`
 {"metadata":{"emulator":{"name":"dataconnect"},"message":"E0521 06:55:30.087349   32040 watch.go:40] Failed to load config from \"f:\\\\React\\\\Animation\\\\Graduation-Project\\\\dataconnect\": could not find dataconnect.yaml in `f:\\React\\Animation\\Graduation-Project\\dataconnect`\n"}}
[debug] [2026-05-21T03:55:40.086Z] E0521 06:55:40.086953   32040 watch.go:40] Failed to load config from "f:\\React\\Animation\\Graduation-Project\\dataconnect": could not find dataconnect.yaml in `f:\React\Animation\Graduation-Project\dataconnect`
E0521 06:55:40.086953   32040 watch.go:116] watchAllDir unable to walk dir `f:\React\Animation\Graduation-Project\dataconnect`: GetFileAttributesEx f:\React\Animation\Graduation-Project\dataconnect: The system cannot find the file specified.
 {"metadata":{"emulator":{"name":"dataconnect"},"message":"E0521 06:55:40.086953   32040 watch.go:40] Failed to load config from \"f:\\\\React\\\\Animation\\\\Graduation-Project\\\\dataconnect\": could not find dataconnect.yaml in `f:\\React\\Animation\\Graduation-Project\\dataconnect`\nE0521 06:55:40.086953   32040 watch.go:116] watchAllDir unable to walk dir `f:\\React\\Animation\\Graduation-Project\\dataconnect`: GetFileAttributesEx f:\\React\\Animation\\Graduation-Project\\dataconnect: The system cannot find the file specified.\n"}}
[debug] [2026-05-21T03:55:50.087Z] E0521 06:55:50.086947   32040 watch.go:40] Failed to load config from "f:\\React\\Animation\\Graduation-Project\\dataconnect": could not find dataconnect.yaml in `f:\React\Animation\Graduation-Project\dataconnect`
 {"metadata":{"emulator":{"name":"dataconnect"},"message":"E0521 06:55:50.086947   32040 watch.go:40] Failed to load config from \"f:\\\\React\\\\Animation\\\\Graduation-Project\\\\dataconnect\": could not find dataconnect.yaml in `f:\\React\\Animation\\Graduation-Project\\dataconnect`\n"}}
[debug] [2026-05-21T03:56:00.087Z] E0521 06:56:00.087063   32040 watch.go:40] Failed to load config from "f:\\React\\Animation\\Graduation-Project\\dataconnect": could not find dataconnect.yaml in `f:\React\Animation\Graduation-Project\dataconnect`
 {"metadata":{"emulator":{"name":"dataconnect"},"message":"E0521 06:56:00.087063   32040 watch.go:40] Failed to load config from \"f:\\\\React\\\\Animation\\\\Graduation-Project\\\\dataconnect\": could not find dataconnect.yaml in `f:\\React\\Animation\\Graduation-Project\\dataconnect`\n"}}
[debug] [2026-05-21T03:56:10.087Z] E0521 06:56:10.087163   32040 watch.go:40] Failed to load config from "f:\\React\\Animation\\Graduation-Project\\dataconnect": could not find dataconnect.yaml in `f:\React\Animation\Graduation-Project\dataconnect`
 {"metadata":{"emulator":{"name":"dataconnect"},"message":"E0521 06:56:10.087163   32040 watch.go:40] Failed to load config from \"f:\\\\React\\\\Animation\\\\Graduation-Project\\\\dataconnect\": could not find dataconnect.yaml in `f:\\React\\Animation\\Graduation-Project\\dataconnect`\n"}}
[debug] [2026-05-21T03:56:20.087Z] E0521 06:56:20.087174   32040 watch.go:40] Failed to load config from "f:\\React\\Animation\\Graduation-Project\\dataconnect": could not find dataconnect.yaml in `f:\React\Animation\Graduation-Project\dataconnect`
 {"metadata":{"emulator":{"name":"dataconnect"},"message":"E0521 06:56:20.087174   32040 watch.go:40] Failed to load config from \"f:\\\\React\\\\Animation\\\\Graduation-Project\\\\dataconnect\": could not find dataconnect.yaml in `f:\\React\\Animation\\Graduation-Project\\dataconnect`\n"}}
[debug] [2026-05-21T03:56:30.087Z] E0521 06:56:30.087287   32040 watch.go:40] Failed to load config from "f:\\React\\Animation\\Graduation-Project\\dataconnect": could not find dataconnect.yaml in `f:\React\Animation\Graduation-Project\dataconnect`
 {"metadata":{"emulator":{"name":"dataconnect"},"message":"E0521 06:56:30.087287   32040 watch.go:40] Failed to load config from \"f:\\\\React\\\\Animation\\\\Graduation-Project\\\\dataconnect\": could not find dataconnect.yaml in `f:\\React\\Animation\\Graduation-Project\\dataconnect`\n"}}
[debug] [2026-05-21T03:56:40.087Z] E0521 06:56:40.087192   32040 watch.go:116] watchAllDir unable to walk dir `f:\React\Animation\Graduation-Project\dataconnect`: GetFileAttributesEx f:\React\Animation\Graduation-Project\dataconnect: The system cannot find the file specified.
E0521 06:56:40.087192   32040 watch.go:40] Failed to load config from "f:\\React\\Animation\\Graduation-Project\\dataconnect": could not find dataconnect.yaml in `f:\React\Animation\Graduation-Project\dataconnect`
 {"metadata":{"emulator":{"name":"dataconnect"},"message":"E0521 06:56:40.087192   32040 watch.go:116] watchAllDir unable to walk dir `f:\\React\\Animation\\Graduation-Project\\dataconnect`: GetFileAttributesEx f:\\React\\Animation\\Graduation-Project\\dataconnect: The system cannot find the file specified.\nE0521 06:56:40.087192   32040 watch.go:40] Failed to load config from \"f:\\\\React\\\\Animation\\\\Graduation-Project\\\\dataconnect\": could not find dataconnect.yaml in `f:\\React\\Animation\\Graduation-Project\\dataconnect`\n"}}
[debug] [2026-05-21T03:56:50.087Z] E0521 06:56:50.087269   32040 watch.go:40] Failed to load config from "f:\\React\\Animation\\Graduation-Project\\dataconnect": could not find dataconnect.yaml in `f:\React\Animation\Graduation-Project\dataconnect`
 {"metadata":{"emulator":{"name":"dataconnect"},"message":"E0521 06:56:50.087269   32040 watch.go:40] Failed to load config from \"f:\\\\React\\\\Animation\\\\Graduation-Project\\\\dataconnect\": could not find dataconnect.yaml in `f:\\React\\Animation\\Graduation-Project\\dataconnect`\n"}}
[debug] [2026-05-21T03:57:00.087Z] E0521 06:57:00.087292   32040 watch.go:40] Failed to load config from "f:\\React\\Animation\\Graduation-Project\\dataconnect": could not find dataconnect.yaml in `f:\React\Animation\Graduation-Project\dataconnect`
 {"metadata":{"emulator":{"name":"dataconnect"},"message":"E0521 06:57:00.087292   32040 watch.go:40] Failed to load config from \"f:\\\\React\\\\Animation\\\\Graduation-Project\\\\dataconnect\": could not find dataconnect.yaml in `f:\\React\\Animation\\Graduation-Project\\dataconnect`\n"}}
[debug] [2026-05-21T03:57:10.087Z] E0521 06:57:10.087320   32040 watch.go:40] Failed to load config from "f:\\React\\Animation\\Graduation-Project\\dataconnect": could not find dataconnect.yaml in `f:\React\Animation\Graduation-Project\dataconnect`
 {"metadata":{"emulator":{"name":"dataconnect"},"message":"E0521 06:57:10.087320   32040 watch.go:40] Failed to load config from \"f:\\\\React\\\\Animation\\\\Graduation-Project\\\\dataconnect\": could not find dataconnect.yaml in `f:\\React\\Animation\\Graduation-Project\\dataconnect`\n"}}
[debug] [2026-05-21T03:57:20.087Z] E0521 06:57:20.086917   32040 watch.go:40] Failed to load config from "f:\\React\\Animation\\Graduation-Project\\dataconnect": could not find dataconnect.yaml in `f:\React\Animation\Graduation-Project\dataconnect`
 {"metadata":{"emulator":{"name":"dataconnect"},"message":"E0521 06:57:20.086917   32040 watch.go:40] Failed to load config from \"f:\\\\React\\\\Animation\\\\Graduation-Project\\\\dataconnect\": could not find dataconnect.yaml in `f:\\React\\Animation\\Graduation-Project\\dataconnect`\n"}}
[debug] [2026-05-21T03:57:30.087Z] E0521 06:57:30.086909   32040 watch.go:40] Failed to load config from "f:\\React\\Animation\\Graduation-Project\\dataconnect": could not find dataconnect.yaml in `f:\React\Animation\Graduation-Project\dataconnect`
 {"metadata":{"emulator":{"name":"dataconnect"},"message":"E0521 06:57:30.086909   32040 watch.go:40] Failed to load config from \"f:\\\\React\\\\Animation\\\\Graduation-Project\\\\dataconnect\": could not find dataconnect.yaml in `f:\\React\\Animation\\Graduation-Project\\dataconnect`\n"}}
[debug] [2026-05-21T03:57:40.087Z] E0521 06:57:40.087299   32040 watch.go:116] watchAllDir unable to walk dir `f:\React\Animation\Graduation-Project\dataconnect`: GetFileAttributesEx f:\React\Animation\Graduation-Project\dataconnect: The system cannot find the file specified.
E0521 06:57:40.087299   32040 watch.go:40] Failed to load config from "f:\\React\\Animation\\Graduation-Project\\dataconnect": could not find dataconnect.yaml in `f:\React\Animation\Graduation-Project\dataconnect`
 {"metadata":{"emulator":{"name":"dataconnect"},"message":"E0521 06:57:40.087299   32040 watch.go:116] watchAllDir unable to walk dir `f:\\React\\Animation\\Graduation-Project\\dataconnect`: GetFileAttributesEx f:\\React\\Animation\\Graduation-Project\\dataconnect: The system cannot find the file specified.\nE0521 06:57:40.087299   32040 watch.go:40] Failed to load config from \"f:\\\\React\\\\Animation\\\\Graduation-Project\\\\dataconnect\": could not find dataconnect.yaml in `f:\\React\\Animation\\Graduation-Project\\dataconnect`\n"}}
[debug] [2026-05-21T03:57:50.087Z] E0521 06:57:50.087198   32040 watch.go:40] Failed to load config from "f:\\React\\Animation\\Graduation-Project\\dataconnect": could not find dataconnect.yaml in `f:\React\Animation\Graduation-Project\dataconnect`
 {"metadata":{"emulator":{"name":"dataconnect"},"message":"E0521 06:57:50.087198   32040 watch.go:40] Failed to load config from \"f:\\\\React\\\\Animation\\\\Graduation-Project\\\\dataconnect\": could not find dataconnect.yaml in `f:\\React\\Animation\\Graduation-Project\\dataconnect`\n"}}
[debug] [2026-05-21T03:58:00.087Z] E0521 06:58:00.087273   32040 watch.go:40] Failed to load config from "f:\\React\\Animation\\Graduation-Project\\dataconnect": could not find dataconnect.yaml in `f:\React\Animation\Graduation-Project\dataconnect`
 {"metadata":{"emulator":{"name":"dataconnect"},"message":"E0521 06:58:00.087273   32040 watch.go:40] Failed to load config from \"f:\\\\React\\\\Animation\\\\Graduation-Project\\\\dataconnect\": could not find dataconnect.yaml in `f:\\React\\Animation\\Graduation-Project\\dataconnect`\n"}}
[debug] [2026-05-21T03:58:10.087Z] E0521 06:58:10.087361   32040 watch.go:40] Failed to load config from "f:\\React\\Animation\\Graduation-Project\\dataconnect": could not find dataconnect.yaml in `f:\React\Animation\Graduation-Project\dataconnect`
 {"metadata":{"emulator":{"name":"dataconnect"},"message":"E0521 06:58:10.087361   32040 watch.go:40] Failed to load config from \"f:\\\\React\\\\Animation\\\\Graduation-Project\\\\dataconnect\": could not find dataconnect.yaml in `f:\\React\\Animation\\Graduation-Project\\dataconnect`\n"}}
[debug] [2026-05-21T03:58:20.087Z] E0521 06:58:20.087260   32040 watch.go:40] Failed to load config from "f:\\React\\Animation\\Graduation-Project\\dataconnect": could not find dataconnect.yaml in `f:\React\Animation\Graduation-Project\dataconnect`
 {"metadata":{"emulator":{"name":"dataconnect"},"message":"E0521 06:58:20.087260   32040 watch.go:40] Failed to load config from \"f:\\\\React\\\\Animation\\\\Graduation-Project\\\\dataconnect\": could not find dataconnect.yaml in `f:\\React\\Animation\\Graduation-Project\\dataconnect`\n"}}
[debug] [2026-05-21T03:58:30.086Z] E0521 06:58:30.087164   32040 watch.go:40] Failed to load config from "f:\\React\\Animation\\Graduation-Project\\dataconnect": could not find dataconnect.yaml in `f:\React\Animation\Graduation-Project\dataconnect`
 {"metadata":{"emulator":{"name":"dataconnect"},"message":"E0521 06:58:30.087164   32040 watch.go:40] Failed to load config from \"f:\\\\React\\\\Animation\\\\Graduation-Project\\\\dataconnect\": could not find dataconnect.yaml in `f:\\React\\Animation\\Graduation-Project\\dataconnect`\n"}}
[debug] [2026-05-21T03:58:40.086Z] E0521 06:58:40.087330   32040 watch.go:116] watchAllDir unable to walk dir `f:\React\Animation\Graduation-Project\dataconnect`: GetFileAttributesEx f:\React\Animation\Graduation-Project\dataconnect: The system cannot find the file specified.
E0521 06:58:40.087330   32040 watch.go:40] Failed to load config from "f:\\React\\Animation\\Graduation-Project\\dataconnect": could not find dataconnect.yaml in `f:\React\Animation\Graduation-Project\dataconnect`
 {"metadata":{"emulator":{"name":"dataconnect"},"message":"E0521 06:58:40.087330   32040 watch.go:116] watchAllDir unable to walk dir `f:\\React\\Animation\\Graduation-Project\\dataconnect`: GetFileAttributesEx f:\\React\\Animation\\Graduation-Project\\dataconnect: The system cannot find the file specified.\nE0521 06:58:40.087330   32040 watch.go:40] Failed to load config from \"f:\\\\React\\\\Animation\\\\Graduation-Project\\\\dataconnect\": could not find dataconnect.yaml in `f:\\React\\Animation\\Graduation-Project\\dataconnect`\n"}}
[debug] [2026-05-21T03:58:50.086Z] E0521 06:58:50.087033   32040 watch.go:40] Failed to load config from "f:\\React\\Animation\\Graduation-Project\\dataconnect": could not find dataconnect.yaml in `f:\React\Animation\Graduation-Project\dataconnect`
 {"metadata":{"emulator":{"name":"dataconnect"},"message":"E0521 06:58:50.087033   32040 watch.go:40] Failed to load config from \"f:\\\\React\\\\Animation\\\\Graduation-Project\\\\dataconnect\": could not find dataconnect.yaml in `f:\\React\\Animation\\Graduation-Project\\dataconnect`\n"}}
[debug] [2026-05-21T03:59:00.086Z] E0521 06:59:00.086935   32040 watch.go:40] Failed to load config from "f:\\React\\Animation\\Graduation-Project\\dataconnect": could not find dataconnect.yaml in `f:\React\Animation\Graduation-Project\dataconnect`
 {"metadata":{"emulator":{"name":"dataconnect"},"message":"E0521 06:59:00.086935   32040 watch.go:40] Failed to load config from \"f:\\\\React\\\\Animation\\\\Graduation-Project\\\\dataconnect\": could not find dataconnect.yaml in `f:\\React\\Animation\\Graduation-Project\\dataconnect`\n"}}
[debug] [2026-05-21T03:59:10.087Z] E0521 06:59:10.087269   32040 watch.go:40] Failed to load config from "f:\\React\\Animation\\Graduation-Project\\dataconnect": could not find dataconnect.yaml in `f:\React\Animation\Graduation-Project\dataconnect`
 {"metadata":{"emulator":{"name":"dataconnect"},"message":"E0521 06:59:10.087269   32040 watch.go:40] Failed to load config from \"f:\\\\React\\\\Animation\\\\Graduation-Project\\\\dataconnect\": could not find dataconnect.yaml in `f:\\React\\Animation\\Graduation-Project\\dataconnect`\n"}}
[debug] [2026-05-21T03:59:20.086Z] E0521 06:59:20.087117   32040 watch.go:40] Failed to load config from "f:\\React\\Animation\\Graduation-Project\\dataconnect": could not find dataconnect.yaml in `f:\React\Animation\Graduation-Project\dataconnect`
 {"metadata":{"emulator":{"name":"dataconnect"},"message":"E0521 06:59:20.087117   32040 watch.go:40] Failed to load config from \"f:\\\\React\\\\Animation\\\\Graduation-Project\\\\dataconnect\": could not find dataconnect.yaml in `f:\\React\\Animation\\Graduation-Project\\dataconnect`\n"}}
[debug] [2026-05-21T03:59:30.087Z] E0521 06:59:30.087289   32040 watch.go:40] Failed to load config from "f:\\React\\Animation\\Graduation-Project\\dataconnect": could not find dataconnect.yaml in `f:\React\Animation\Graduation-Project\dataconnect`
 {"metadata":{"emulator":{"name":"dataconnect"},"message":"E0521 06:59:30.087289   32040 watch.go:40] Failed to load config from \"f:\\\\React\\\\Animation\\\\Graduation-Project\\\\dataconnect\": could not find dataconnect.yaml in `f:\\React\\Animation\\Graduation-Project\\dataconnect`\n"}}
[debug] [2026-05-21T03:59:40.087Z] E0521 06:59:40.087232   32040 watch.go:116] watchAllDir unable to walk dir `f:\React\Animation\Graduation-Project\dataconnect`: GetFileAttributesEx f:\React\Animation\Graduation-Project\dataconnect: The system cannot find the file specified.
E0521 06:59:40.087232   32040 watch.go:40] Failed to load config from "f:\\React\\Animation\\Graduation-Project\\dataconnect": could not find dataconnect.yaml in `f:\React\Animation\Graduation-Project\dataconnect`
 {"metadata":{"emulator":{"name":"dataconnect"},"message":"E0521 06:59:40.087232   32040 watch.go:116] watchAllDir unable to walk dir `f:\\React\\Animation\\Graduation-Project\\dataconnect`: GetFileAttributesEx f:\\React\\Animation\\Graduation-Project\\dataconnect: The system cannot find the file specified.\nE0521 06:59:40.087232   32040 watch.go:40] Failed to load config from \"f:\\\\React\\\\Animation\\\\Graduation-Project\\\\dataconnect\": could not find dataconnect.yaml in `f:\\React\\Animation\\Graduation-Project\\dataconnect`\n"}}
[debug] [2026-05-21T03:59:50.087Z] E0521 06:59:50.087386   32040 watch.go:40] Failed to load config from "f:\\React\\Animation\\Graduation-Project\\dataconnect": could not find dataconnect.yaml in `f:\React\Animation\Graduation-Project\dataconnect`
 {"metadata":{"emulator":{"name":"dataconnect"},"message":"E0521 06:59:50.087386   32040 watch.go:40] Failed to load config from \"f:\\\\React\\\\Animation\\\\Graduation-Project\\\\dataconnect\": could not find dataconnect.yaml in `f:\\React\\Animation\\Graduation-Project\\dataconnect`\n"}}
[debug] [2026-05-21T04:00:00.086Z] E0521 07:00:00.087111   32040 watch.go:40] Failed to load config from "f:\\React\\Animation\\Graduation-Project\\dataconnect": could not find dataconnect.yaml in `f:\React\Animation\Graduation-Project\dataconnect`
 {"metadata":{"emulator":{"name":"dataconnect"},"message":"E0521 07:00:00.087111   32040 watch.go:40] Failed to load config from \"f:\\\\React\\\\Animation\\\\Graduation-Project\\\\dataconnect\": could not find dataconnect.yaml in `f:\\React\\Animation\\Graduation-Project\\dataconnect`\n"}}
[debug] [2026-05-21T04:00:10.087Z] E0521 07:00:10.087730   32040 watch.go:40] Failed to load config from "f:\\React\\Animation\\Graduation-Project\\dataconnect": could not find dataconnect.yaml in `f:\React\Animation\Graduation-Project\dataconnect`
 {"metadata":{"emulator":{"name":"dataconnect"},"message":"E0521 07:00:10.087730   32040 watch.go:40] Failed to load config from \"f:\\\\React\\\\Animation\\\\Graduation-Project\\\\dataconnect\": could not find dataconnect.yaml in `f:\\React\\Animation\\Graduation-Project\\dataconnect`\n"}}
[debug] [2026-05-21T04:00:20.086Z] E0521 07:00:20.087046   32040 watch.go:40] Failed to load config from "f:\\React\\Animation\\Graduation-Project\\dataconnect": could not find dataconnect.yaml in `f:\React\Animation\Graduation-Project\dataconnect`
 {"metadata":{"emulator":{"name":"dataconnect"},"message":"E0521 07:00:20.087046   32040 watch.go:40] Failed to load config from \"f:\\\\React\\\\Animation\\\\Graduation-Project\\\\dataconnect\": could not find dataconnect.yaml in `f:\\React\\Animation\\Graduation-Project\\dataconnect`\n"}}
[debug] [2026-05-21T04:00:30.087Z] E0521 07:00:30.087008   32040 watch.go:40] Failed to load config from "f:\\React\\Animation\\Graduation-Project\\dataconnect": could not find dataconnect.yaml in `f:\React\Animation\Graduation-Project\dataconnect`
 {"metadata":{"emulator":{"name":"dataconnect"},"message":"E0521 07:00:30.087008   32040 watch.go:40] Failed to load config from \"f:\\\\React\\\\Animation\\\\Graduation-Project\\\\dataconnect\": could not find dataconnect.yaml in `f:\\React\\Animation\\Graduation-Project\\dataconnect`\n"}}
[debug] [2026-05-21T04:00:40.087Z] E0521 07:00:40.087178   32040 watch.go:116] watchAllDir unable to walk dir `f:\React\Animation\Graduation-Project\dataconnect`: GetFileAttributesEx f:\React\Animation\Graduation-Project\dataconnect: The system cannot find the file specified.
E0521 07:00:40.087178   32040 watch.go:40] Failed to load config from "f:\\React\\Animation\\Graduation-Project\\dataconnect": could not find dataconnect.yaml in `f:\React\Animation\Graduation-Project\dataconnect`
 {"metadata":{"emulator":{"name":"dataconnect"},"message":"E0521 07:00:40.087178   32040 watch.go:116] watchAllDir unable to walk dir `f:\\React\\Animation\\Graduation-Project\\dataconnect`: GetFileAttributesEx f:\\React\\Animation\\Graduation-Project\\dataconnect: The system cannot find the file specified.\nE0521 07:00:40.087178   32040 watch.go:40] Failed to load config from \"f:\\\\React\\\\Animation\\\\Graduation-Project\\\\dataconnect\": could not find dataconnect.yaml in `f:\\React\\Animation\\Graduation-Project\\dataconnect`\n"}}
[debug] [2026-05-21T04:00:50.087Z] E0521 07:00:50.087104   32040 watch.go:40] Failed to load config from "f:\\React\\Animation\\Graduation-Project\\dataconnect": could not find dataconnect.yaml in `f:\React\Animation\Graduation-Project\dataconnect`
 {"metadata":{"emulator":{"name":"dataconnect"},"message":"E0521 07:00:50.087104   32040 watch.go:40] Failed to load config from \"f:\\\\React\\\\Animation\\\\Graduation-Project\\\\dataconnect\": could not find dataconnect.yaml in `f:\\React\\Animation\\Graduation-Project\\dataconnect`\n"}}
[debug] [2026-05-21T04:01:00.087Z] E0521 07:01:00.087199   32040 watch.go:40] Failed to load config from "f:\\React\\Animation\\Graduation-Project\\dataconnect": could not find dataconnect.yaml in `f:\React\Animation\Graduation-Project\dataconnect`
 {"metadata":{"emulator":{"name":"dataconnect"},"message":"E0521 07:01:00.087199   32040 watch.go:40] Failed to load config from \"f:\\\\React\\\\Animation\\\\Graduation-Project\\\\dataconnect\": could not find dataconnect.yaml in `f:\\React\\Animation\\Graduation-Project\\dataconnect`\n"}}
[debug] [2026-05-21T04:01:10.087Z] E0521 07:01:10.087314   32040 watch.go:40] Failed to load config from "f:\\React\\Animation\\Graduation-Project\\dataconnect": could not find dataconnect.yaml in `f:\React\Animation\Graduation-Project\dataconnect`
 {"metadata":{"emulator":{"name":"dataconnect"},"message":"E0521 07:01:10.087314   32040 watch.go:40] Failed to load config from \"f:\\\\React\\\\Animation\\\\Graduation-Project\\\\dataconnect\": could not find dataconnect.yaml in `f:\\React\\Animation\\Graduation-Project\\dataconnect`\n"}}
[debug] [2026-05-21T04:01:20.087Z] E0521 07:01:20.086954   32040 watch.go:40] Failed to load config from "f:\\React\\Animation\\Graduation-Project\\dataconnect": could not find dataconnect.yaml in `f:\React\Animation\Graduation-Project\dataconnect`
 {"metadata":{"emulator":{"name":"dataconnect"},"message":"E0521 07:01:20.086954   32040 watch.go:40] Failed to load config from \"f:\\\\React\\\\Animation\\\\Graduation-Project\\\\dataconnect\": could not find dataconnect.yaml in `f:\\React\\Animation\\Graduation-Project\\dataconnect`\n"}}
[debug] [2026-05-21T04:01:30.087Z] E0521 07:01:30.087081   32040 watch.go:40] Failed to load config from "f:\\React\\Animation\\Graduation-Project\\dataconnect": could not find dataconnect.yaml in `f:\React\Animation\Graduation-Project\dataconnect`
 {"metadata":{"emulator":{"name":"dataconnect"},"message":"E0521 07:01:30.087081   32040 watch.go:40] Failed to load config from \"f:\\\\React\\\\Animation\\\\Graduation-Project\\\\dataconnect\": could not find dataconnect.yaml in `f:\\React\\Animation\\Graduation-Project\\dataconnect`\n"}}
[debug] [2026-05-21T04:01:40.087Z] E0521 07:01:40.087371   32040 watch.go:116] watchAllDir unable to walk dir `f:\React\Animation\Graduation-Project\dataconnect`: GetFileAttributesEx f:\React\Animation\Graduation-Project\dataconnect: The system cannot find the file specified.
E0521 07:01:40.087371   32040 watch.go:40] Failed to load config from "f:\\React\\Animation\\Graduation-Project\\dataconnect": could not find dataconnect.yaml in `f:\React\Animation\Graduation-Project\dataconnect`
 {"metadata":{"emulator":{"name":"dataconnect"},"message":"E0521 07:01:40.087371   32040 watch.go:116] watchAllDir unable to walk dir `f:\\React\\Animation\\Graduation-Project\\dataconnect`: GetFileAttributesEx f:\\React\\Animation\\Graduation-Project\\dataconnect: The system cannot find the file specified.\nE0521 07:01:40.087371   32040 watch.go:40] Failed to load config from \"f:\\\\React\\\\Animation\\\\Graduation-Project\\\\dataconnect\": could not find dataconnect.yaml in `f:\\React\\Animation\\Graduation-Project\\dataconnect`\n"}}
[debug] [2026-05-21T04:01:50.086Z] E0521 07:01:50.086958   32040 watch.go:40] Failed to load config from "f:\\React\\Animation\\Graduation-Project\\dataconnect": could not find dataconnect.yaml in `f:\React\Animation\Graduation-Project\dataconnect`
 {"metadata":{"emulator":{"name":"dataconnect"},"message":"E0521 07:01:50.086958   32040 watch.go:40] Failed to load config from \"f:\\\\React\\\\Animation\\\\Graduation-Project\\\\dataconnect\": could not find dataconnect.yaml in `f:\\React\\Animation\\Graduation-Project\\dataconnect`\n"}}
[debug] [2026-05-21T04:02:00.087Z] E0521 07:02:00.087274   32040 watch.go:40] Failed to load config from "f:\\React\\Animation\\Graduation-Project\\dataconnect": could not find dataconnect.yaml in `f:\React\Animation\Graduation-Project\dataconnect`
 {"metadata":{"emulator":{"name":"dataconnect"},"message":"E0521 07:02:00.087274   32040 watch.go:40] Failed to load config from \"f:\\\\React\\\\Animation\\\\Graduation-Project\\\\dataconnect\": could not find dataconnect.yaml in `f:\\React\\Animation\\Graduation-Project\\dataconnect`\n"}}
[debug] [2026-05-21T04:02:10.087Z] E0521 07:02:10.086926   32040 watch.go:40] Failed to load config from "f:\\React\\Animation\\Graduation-Project\\dataconnect": could not find dataconnect.yaml in `f:\React\Animation\Graduation-Project\dataconnect`
 {"metadata":{"emulator":{"name":"dataconnect"},"message":"E0521 07:02:10.086926   32040 watch.go:40] Failed to load config from \"f:\\\\React\\\\Animation\\\\Graduation-Project\\\\dataconnect\": could not find dataconnect.yaml in `f:\\React\\Animation\\Graduation-Project\\dataconnect`\n"}}
[debug] [2026-05-21T04:02:20.087Z] E0521 07:02:20.087487   32040 watch.go:40] Failed to load config from "f:\\React\\Animation\\Graduation-Project\\dataconnect": could not find dataconnect.yaml in `f:\React\Animation\Graduation-Project\dataconnect`
 {"metadata":{"emulator":{"name":"dataconnect"},"message":"E0521 07:02:20.087487   32040 watch.go:40] Failed to load config from \"f:\\\\React\\\\Animation\\\\Graduation-Project\\\\dataconnect\": could not find dataconnect.yaml in `f:\\React\\Animation\\Graduation-Project\\dataconnect`\n"}}
[debug] [2026-05-21T04:02:30.099Z] E0521 07:02:30.087339   32040 watch.go:40] Failed to load config from "f:\\React\\Animation\\Graduation-Project\\dataconnect": could not find dataconnect.yaml in `f:\React\Animation\Graduation-Project\dataconnect`
 {"metadata":{"emulator":{"name":"dataconnect"},"message":"E0521 07:02:30.087339   32040 watch.go:40] Failed to load config from \"f:\\\\React\\\\Animation\\\\Graduation-Project\\\\dataconnect\": could not find dataconnect.yaml in `f:\\React\\Animation\\Graduation-Project\\dataconnect`\n"}}
[debug] [2026-05-21T04:02:40.087Z] E0521 07:02:40.087311   32040 watch.go:116] watchAllDir unable to walk dir `f:\React\Animation\Graduation-Project\dataconnect`: GetFileAttributesEx f:\React\Animation\Graduation-Project\dataconnect: The system cannot find the file specified.
E0521 07:02:40.087311   32040 watch.go:40] Failed to load config from "f:\\React\\Animation\\Graduation-Project\\dataconnect": could not find dataconnect.yaml in `f:\React\Animation\Graduation-Project\dataconnect`
 {"metadata":{"emulator":{"name":"dataconnect"},"message":"E0521 07:02:40.087311   32040 watch.go:116] watchAllDir unable to walk dir `f:\\React\\Animation\\Graduation-Project\\dataconnect`: GetFileAttributesEx f:\\React\\Animation\\Graduation-Project\\dataconnect: The system cannot find the file specified.\nE0521 07:02:40.087311   32040 watch.go:40] Failed to load config from \"f:\\\\React\\\\Animation\\\\Graduation-Project\\\\dataconnect\": could not find dataconnect.yaml in `f:\\React\\Animation\\Graduation-Project\\dataconnect`\n"}}
[debug] [2026-05-21T04:02:50.087Z] E0521 07:02:50.087204   32040 watch.go:40] Failed to load config from "f:\\React\\Animation\\Graduation-Project\\dataconnect": could not find dataconnect.yaml in `f:\React\Animation\Graduation-Project\dataconnect`
 {"metadata":{"emulator":{"name":"dataconnect"},"message":"E0521 07:02:50.087204   32040 watch.go:40] Failed to load config from \"f:\\\\React\\\\Animation\\\\Graduation-Project\\\\dataconnect\": could not find dataconnect.yaml in `f:\\React\\Animation\\Graduation-Project\\dataconnect`\n"}}
[debug] [2026-05-21T04:03:00.087Z] E0521 07:03:00.086941   32040 watch.go:40] Failed to load config from "f:\\React\\Animation\\Graduation-Project\\dataconnect": could not find dataconnect.yaml in `f:\React\Animation\Graduation-Project\dataconnect`
 {"metadata":{"emulator":{"name":"dataconnect"},"message":"E0521 07:03:00.086941   32040 watch.go:40] Failed to load config from \"f:\\\\React\\\\Animation\\\\Graduation-Project\\\\dataconnect\": could not find dataconnect.yaml in `f:\\React\\Animation\\Graduation-Project\\dataconnect`\n"}}
[debug] [2026-05-21T04:03:10.087Z] E0521 07:03:10.087051   32040 watch.go:40] Failed to load config from "f:\\React\\Animation\\Graduation-Project\\dataconnect": could not find dataconnect.yaml in `f:\React\Animation\Graduation-Project\dataconnect`
 {"metadata":{"emulator":{"name":"dataconnect"},"message":"E0521 07:03:10.087051   32040 watch.go:40] Failed to load config from \"f:\\\\React\\\\Animation\\\\Graduation-Project\\\\dataconnect\": could not find dataconnect.yaml in `f:\\React\\Animation\\Graduation-Project\\dataconnect`\n"}}
[debug] [2026-05-21T04:03:20.087Z] E0521 07:03:20.087212   32040 watch.go:40] Failed to load config from "f:\\React\\Animation\\Graduation-Project\\dataconnect": could not find dataconnect.yaml in `f:\React\Animation\Graduation-Project\dataconnect`
 {"metadata":{"emulator":{"name":"dataconnect"},"message":"E0521 07:03:20.087212   32040 watch.go:40] Failed to load config from \"f:\\\\React\\\\Animation\\\\Graduation-Project\\\\dataconnect\": could not find dataconnect.yaml in `f:\\React\\Animation\\Graduation-Project\\dataconnect`\n"}}
[debug] [2026-05-21T04:03:30.087Z] E0521 07:03:30.087103   32040 watch.go:40] Failed to load config from "f:\\React\\Animation\\Graduation-Project\\dataconnect": could not find dataconnect.yaml in `f:\React\Animation\Graduation-Project\dataconnect`
 {"metadata":{"emulator":{"name":"dataconnect"},"message":"E0521 07:03:30.087103   32040 watch.go:40] Failed to load config from \"f:\\\\React\\\\Animation\\\\Graduation-Project\\\\dataconnect\": could not find dataconnect.yaml in `f:\\React\\Animation\\Graduation-Project\\dataconnect`\n"}}
[debug] [2026-05-21T04:03:40.087Z] E0521 07:03:40.087148   32040 watch.go:116] watchAllDir unable to walk dir `f:\React\Animation\Graduation-Project\dataconnect`: GetFileAttributesEx f:\React\Animation\Graduation-Project\dataconnect: The system cannot find the file specified.
 {"metadata":{"emulator":{"name":"dataconnect"},"message":"E0521 07:03:40.087148   32040 watch.go:116] watchAllDir unable to walk dir `f:\\React\\Animation\\Graduation-Project\\dataconnect`: GetFileAttributesEx f:\\React\\Animation\\Graduation-Project\\dataconnect: The system cannot find the file specified.\n"}}
[debug] [2026-05-21T04:03:40.087Z] E0521 07:03:40.087148   32040 watch.go:40] Failed to load config from "f:\\React\\Animation\\Graduation-Project\\dataconnect": could not find dataconnect.yaml in `f:\React\Animation\Graduation-Project\dataconnect`
 {"metadata":{"emulator":{"name":"dataconnect"},"message":"E0521 07:03:40.087148   32040 watch.go:40] Failed to load config from \"f:\\\\React\\\\Animation\\\\Graduation-Project\\\\dataconnect\": could not find dataconnect.yaml in `f:\\React\\Animation\\Graduation-Project\\dataconnect`\n"}}
[debug] [2026-05-21T04:03:50.087Z] E0521 07:03:50.087240   32040 watch.go:40] Failed to load config from "f:\\React\\Animation\\Graduation-Project\\dataconnect": could not find dataconnect.yaml in `f:\React\Animation\Graduation-Project\dataconnect`
 {"metadata":{"emulator":{"name":"dataconnect"},"message":"E0521 07:03:50.087240   32040 watch.go:40] Failed to load config from \"f:\\\\React\\\\Animation\\\\Graduation-Project\\\\dataconnect\": could not find dataconnect.yaml in `f:\\React\\Animation\\Graduation-Project\\dataconnect`\n"}}
[debug] [2026-05-21T04:04:00.089Z] E0521 07:04:00.087270   32040 watch.go:40] Failed to load config from "f:\\React\\Animation\\Graduation-Project\\dataconnect": could not find dataconnect.yaml in `f:\React\Animation\Graduation-Project\dataconnect`
 {"metadata":{"emulator":{"name":"dataconnect"},"message":"E0521 07:04:00.087270   32040 watch.go:40] Failed to load config from \"f:\\\\React\\\\Animation\\\\Graduation-Project\\\\dataconnect\": could not find dataconnect.yaml in `f:\\React\\Animation\\Graduation-Project\\dataconnect`\n"}}
[debug] [2026-05-21T04:04:10.087Z] E0521 07:04:10.087126   32040 watch.go:40] Failed to load config from "f:\\React\\Animation\\Graduation-Project\\dataconnect": could not find dataconnect.yaml in `f:\React\Animation\Graduation-Project\dataconnect`
 {"metadata":{"emulator":{"name":"dataconnect"},"message":"E0521 07:04:10.087126   32040 watch.go:40] Failed to load config from \"f:\\\\React\\\\Animation\\\\Graduation-Project\\\\dataconnect\": could not find dataconnect.yaml in `f:\\React\\Animation\\Graduation-Project\\dataconnect`\n"}}
[debug] [2026-05-21T04:04:20.087Z] E0521 07:04:20.086950   32040 watch.go:40] Failed to load config from "f:\\React\\Animation\\Graduation-Project\\dataconnect": could not find dataconnect.yaml in `f:\React\Animation\Graduation-Project\dataconnect`
 {"metadata":{"emulator":{"name":"dataconnect"},"message":"E0521 07:04:20.086950   32040 watch.go:40] Failed to load config from \"f:\\\\React\\\\Animation\\\\Graduation-Project\\\\dataconnect\": could not find dataconnect.yaml in `f:\\React\\Animation\\Graduation-Project\\dataconnect`\n"}}
[debug] [2026-05-21T04:04:30.087Z] E0521 07:04:30.087334   32040 watch.go:40] Failed to load config from "f:\\React\\Animation\\Graduation-Project\\dataconnect": could not find dataconnect.yaml in `f:\React\Animation\Graduation-Project\dataconnect`
 {"metadata":{"emulator":{"name":"dataconnect"},"message":"E0521 07:04:30.087334   32040 watch.go:40] Failed to load config from \"f:\\\\React\\\\Animation\\\\Graduation-Project\\\\dataconnect\": could not find dataconnect.yaml in `f:\\React\\Animation\\Graduation-Project\\dataconnect`\n"}}
[debug] [2026-05-21T04:04:40.087Z] E0521 07:04:40.087287   32040 watch.go:40] Failed to load config from "f:\\React\\Animation\\Graduation-Project\\dataconnect": could not find dataconnect.yaml in `f:\React\Animation\Graduation-Project\dataconnect`
E0521 07:04:40.087287   32040 watch.go:116] watchAllDir unable to walk dir `f:\React\Animation\Graduation-Project\dataconnect`: GetFileAttributesEx f:\React\Animation\Graduation-Project\dataconnect: The system cannot find the file specified.
 {"metadata":{"emulator":{"name":"dataconnect"},"message":"E0521 07:04:40.087287   32040 watch.go:40] Failed to load config from \"f:\\\\React\\\\Animation\\\\Graduation-Project\\\\dataconnect\": could not find dataconnect.yaml in `f:\\React\\Animation\\Graduation-Project\\dataconnect`\nE0521 07:04:40.087287   32040 watch.go:116] watchAllDir unable to walk dir `f:\\React\\Animation\\Graduation-Project\\dataconnect`: GetFileAttributesEx f:\\React\\Animation\\Graduation-Project\\dataconnect: The system cannot find the file specified.\n"}}
[debug] [2026-05-21T04:04:50.087Z] E0521 07:04:50.086883   32040 watch.go:40] Failed to load config from "f:\\React\\Animation\\Graduation-Project\\dataconnect": could not find dataconnect.yaml in `f:\React\Animation\Graduation-Project\dataconnect`
 {"metadata":{"emulator":{"name":"dataconnect"},"message":"E0521 07:04:50.086883   32040 watch.go:40] Failed to load config from \"f:\\\\React\\\\Animation\\\\Graduation-Project\\\\dataconnect\": could not find dataconnect.yaml in `f:\\React\\Animation\\Graduation-Project\\dataconnect`\n"}}
[debug] [2026-05-21T04:05:00.087Z] E0521 07:05:00.087019   32040 watch.go:40] Failed to load config from "f:\\React\\Animation\\Graduation-Project\\dataconnect": could not find dataconnect.yaml in `f:\React\Animation\Graduation-Project\dataconnect`
 {"metadata":{"emulator":{"name":"dataconnect"},"message":"E0521 07:05:00.087019   32040 watch.go:40] Failed to load config from \"f:\\\\React\\\\Animation\\\\Graduation-Project\\\\dataconnect\": could not find dataconnect.yaml in `f:\\React\\Animation\\Graduation-Project\\dataconnect`\n"}}
[debug] [2026-05-21T04:05:10.087Z] E0521 07:05:10.087212   32040 watch.go:40] Failed to load config from "f:\\React\\Animation\\Graduation-Project\\dataconnect": could not find dataconnect.yaml in `f:\React\Animation\Graduation-Project\dataconnect`
 {"metadata":{"emulator":{"name":"dataconnect"},"message":"E0521 07:05:10.087212   32040 watch.go:40] Failed to load config from \"f:\\\\React\\\\Animation\\\\Graduation-Project\\\\dataconnect\": could not find dataconnect.yaml in `f:\\React\\Animation\\Graduation-Project\\dataconnect`\n"}}
[debug] [2026-05-21T04:05:20.087Z] E0521 07:05:20.087229   32040 watch.go:40] Failed to load config from "f:\\React\\Animation\\Graduation-Project\\dataconnect": could not find dataconnect.yaml in `f:\React\Animation\Graduation-Project\dataconnect`
 {"metadata":{"emulator":{"name":"dataconnect"},"message":"E0521 07:05:20.087229   32040 watch.go:40] Failed to load config from \"f:\\\\React\\\\Animation\\\\Graduation-Project\\\\dataconnect\": could not find dataconnect.yaml in `f:\\React\\Animation\\Graduation-Project\\dataconnect`\n"}}
[debug] [2026-05-21T04:05:30.087Z] E0521 07:05:30.087200   32040 watch.go:40] Failed to load config from "f:\\React\\Animation\\Graduation-Project\\dataconnect": could not find dataconnect.yaml in `f:\React\Animation\Graduation-Project\dataconnect`
 {"metadata":{"emulator":{"name":"dataconnect"},"message":"E0521 07:05:30.087200   32040 watch.go:40] Failed to load config from \"f:\\\\React\\\\Animation\\\\Graduation-Project\\\\dataconnect\": could not find dataconnect.yaml in `f:\\React\\Animation\\Graduation-Project\\dataconnect`\n"}}
[debug] [2026-05-21T04:05:40.087Z] E0521 07:05:40.087299   32040 watch.go:116] watchAllDir unable to walk dir `f:\React\Animation\Graduation-Project\dataconnect`: GetFileAttributesEx f:\React\Animation\Graduation-Project\dataconnect: The system cannot find the file specified.
E0521 07:05:40.087299   32040 watch.go:40] Failed to load config from "f:\\React\\Animation\\Graduation-Project\\dataconnect": could not find dataconnect.yaml in `f:\React\Animation\Graduation-Project\dataconnect`
 {"metadata":{"emulator":{"name":"dataconnect"},"message":"E0521 07:05:40.087299   32040 watch.go:116] watchAllDir unable to walk dir `f:\\React\\Animation\\Graduation-Project\\dataconnect`: GetFileAttributesEx f:\\React\\Animation\\Graduation-Project\\dataconnect: The system cannot find the file specified.\nE0521 07:05:40.087299   32040 watch.go:40] Failed to load config from \"f:\\\\React\\\\Animation\\\\Graduation-Project\\\\dataconnect\": could not find dataconnect.yaml in `f:\\React\\Animation\\Graduation-Project\\dataconnect`\n"}}
[debug] [2026-05-21T04:05:50.087Z] E0521 07:05:50.087342   32040 watch.go:40] Failed to load config from "f:\\React\\Animation\\Graduation-Project\\dataconnect": could not find dataconnect.yaml in `f:\React\Animation\Graduation-Project\dataconnect`
 {"metadata":{"emulator":{"name":"dataconnect"},"message":"E0521 07:05:50.087342   32040 watch.go:40] Failed to load config from \"f:\\\\React\\\\Animation\\\\Graduation-Project\\\\dataconnect\": could not find dataconnect.yaml in `f:\\React\\Animation\\Graduation-Project\\dataconnect`\n"}}
[debug] [2026-05-21T04:06:00.087Z] E0521 07:06:00.087286   32040 watch.go:40] Failed to load config from "f:\\React\\Animation\\Graduation-Project\\dataconnect": could not find dataconnect.yaml in `f:\React\Animation\Graduation-Project\dataconnect`
 {"metadata":{"emulator":{"name":"dataconnect"},"message":"E0521 07:06:00.087286   32040 watch.go:40] Failed to load config from \"f:\\\\React\\\\Animation\\\\Graduation-Project\\\\dataconnect\": could not find dataconnect.yaml in `f:\\React\\Animation\\Graduation-Project\\dataconnect`\n"}}
[debug] [2026-05-21T04:06:10.087Z] E0521 07:06:10.086893   32040 watch.go:40] Failed to load config from "f:\\React\\Animation\\Graduation-Project\\dataconnect": could not find dataconnect.yaml in `f:\React\Animation\Graduation-Project\dataconnect`
 {"metadata":{"emulator":{"name":"dataconnect"},"message":"E0521 07:06:10.086893   32040 watch.go:40] Failed to load config from \"f:\\\\React\\\\Animation\\\\Graduation-Project\\\\dataconnect\": could not find dataconnect.yaml in `f:\\React\\Animation\\Graduation-Project\\dataconnect`\n"}}
[debug] [2026-05-21T04:06:20.087Z] E0521 07:06:20.086935   32040 watch.go:40] Failed to load config from "f:\\React\\Animation\\Graduation-Project\\dataconnect": could not find dataconnect.yaml in `f:\React\Animation\Graduation-Project\dataconnect`
 {"metadata":{"emulator":{"name":"dataconnect"},"message":"E0521 07:06:20.086935   32040 watch.go:40] Failed to load config from \"f:\\\\React\\\\Animation\\\\Graduation-Project\\\\dataconnect\": could not find dataconnect.yaml in `f:\\React\\Animation\\Graduation-Project\\dataconnect`\n"}}
[debug] [2026-05-21T04:06:30.087Z] E0521 07:06:30.087341   32040 watch.go:40] Failed to load config from "f:\\React\\Animation\\Graduation-Project\\dataconnect": could not find dataconnect.yaml in `f:\React\Animation\Graduation-Project\dataconnect`
 {"metadata":{"emulator":{"name":"dataconnect"},"message":"E0521 07:06:30.087341   32040 watch.go:40] Failed to load config from \"f:\\\\React\\\\Animation\\\\Graduation-Project\\\\dataconnect\": could not find dataconnect.yaml in `f:\\React\\Animation\\Graduation-Project\\dataconnect`\n"}}
[debug] [2026-05-21T04:06:40.087Z] E0521 07:06:40.086916   32040 watch.go:116] watchAllDir unable to walk dir `f:\React\Animation\Graduation-Project\dataconnect`: GetFileAttributesEx f:\React\Animation\Graduation-Project\dataconnect: The system cannot find the file specified.
E0521 07:06:40.086916   32040 watch.go:40] Failed to load config from "f:\\React\\Animation\\Graduation-Project\\dataconnect": could not find dataconnect.yaml in `f:\React\Animation\Graduation-Project\dataconnect`
 {"metadata":{"emulator":{"name":"dataconnect"},"message":"E0521 07:06:40.086916   32040 watch.go:116] watchAllDir unable to walk dir `f:\\React\\Animation\\Graduation-Project\\dataconnect`: GetFileAttributesEx f:\\React\\Animation\\Graduation-Project\\dataconnect: The system cannot find the file specified.\nE0521 07:06:40.086916   32040 watch.go:40] Failed to load config from \"f:\\\\React\\\\Animation\\\\Graduation-Project\\\\dataconnect\": could not find dataconnect.yaml in `f:\\React\\Animation\\Graduation-Project\\dataconnect`\n"}}
[debug] [2026-05-21T04:06:50.087Z] E0521 07:06:50.086938   32040 watch.go:40] Failed to load config from "f:\\React\\Animation\\Graduation-Project\\dataconnect": could not find dataconnect.yaml in `f:\React\Animation\Graduation-Project\dataconnect`
 {"metadata":{"emulator":{"name":"dataconnect"},"message":"E0521 07:06:50.086938   32040 watch.go:40] Failed to load config from \"f:\\\\React\\\\Animation\\\\Graduation-Project\\\\dataconnect\": could not find dataconnect.yaml in `f:\\React\\Animation\\Graduation-Project\\dataconnect`\n"}}
[debug] [2026-05-21T04:07:00.087Z] E0521 07:07:00.086949   32040 watch.go:40] Failed to load config from "f:\\React\\Animation\\Graduation-Project\\dataconnect": could not find dataconnect.yaml in `f:\React\Animation\Graduation-Project\dataconnect`
 {"metadata":{"emulator":{"name":"dataconnect"},"message":"E0521 07:07:00.086949   32040 watch.go:40] Failed to load config from \"f:\\\\React\\\\Animation\\\\Graduation-Project\\\\dataconnect\": could not find dataconnect.yaml in `f:\\React\\Animation\\Graduation-Project\\dataconnect`\n"}}
[debug] [2026-05-21T04:07:10.088Z] E0521 07:07:10.086925   32040 watch.go:40] Failed to load config from "f:\\React\\Animation\\Graduation-Project\\dataconnect": could not find dataconnect.yaml in `f:\React\Animation\Graduation-Project\dataconnect`
 {"metadata":{"emulator":{"name":"dataconnect"},"message":"E0521 07:07:10.086925   32040 watch.go:40] Failed to load config from \"f:\\\\React\\\\Animation\\\\Graduation-Project\\\\dataconnect\": could not find dataconnect.yaml in `f:\\React\\Animation\\Graduation-Project\\dataconnect`\n"}}
[debug] [2026-05-21T04:07:20.087Z] E0521 07:07:20.087219   32040 watch.go:40] Failed to load config from "f:\\React\\Animation\\Graduation-Project\\dataconnect": could not find dataconnect.yaml in `f:\React\Animation\Graduation-Project\dataconnect`
 {"metadata":{"emulator":{"name":"dataconnect"},"message":"E0521 07:07:20.087219   32040 watch.go:40] Failed to load config from \"f:\\\\React\\\\Animation\\\\Graduation-Project\\\\dataconnect\": could not find dataconnect.yaml in `f:\\React\\Animation\\Graduation-Project\\dataconnect`\n"}}
[debug] [2026-05-21T04:07:30.087Z] E0521 07:07:30.087368   32040 watch.go:40] Failed to load config from "f:\\React\\Animation\\Graduation-Project\\dataconnect": could not find dataconnect.yaml in `f:\React\Animation\Graduation-Project\dataconnect`
 {"metadata":{"emulator":{"name":"dataconnect"},"message":"E0521 07:07:30.087368   32040 watch.go:40] Failed to load config from \"f:\\\\React\\\\Animation\\\\Graduation-Project\\\\dataconnect\": could not find dataconnect.yaml in `f:\\React\\Animation\\Graduation-Project\\dataconnect`\n"}}
[debug] [2026-05-21T04:07:40.087Z] E0521 07:07:40.087280   32040 watch.go:116] watchAllDir unable to walk dir `f:\React\Animation\Graduation-Project\dataconnect`: GetFileAttributesEx f:\React\Animation\Graduation-Project\dataconnect: The system cannot find the file specified.
E0521 07:07:40.087280   32040 watch.go:40] Failed to load config from "f:\\React\\Animation\\Graduation-Project\\dataconnect": could not find dataconnect.yaml in `f:\React\Animation\Graduation-Project\dataconnect`
 {"metadata":{"emulator":{"name":"dataconnect"},"message":"E0521 07:07:40.087280   32040 watch.go:116] watchAllDir unable to walk dir `f:\\React\\Animation\\Graduation-Project\\dataconnect`: GetFileAttributesEx f:\\React\\Animation\\Graduation-Project\\dataconnect: The system cannot find the file specified.\nE0521 07:07:40.087280   32040 watch.go:40] Failed to load config from \"f:\\\\React\\\\Animation\\\\Graduation-Project\\\\dataconnect\": could not find dataconnect.yaml in `f:\\React\\Animation\\Graduation-Project\\dataconnect`\n"}}
[debug] [2026-05-21T04:07:50.087Z] E0521 07:07:50.087170   32040 watch.go:40] Failed to load config from "f:\\React\\Animation\\Graduation-Project\\dataconnect": could not find dataconnect.yaml in `f:\React\Animation\Graduation-Project\dataconnect`
 {"metadata":{"emulator":{"name":"dataconnect"},"message":"E0521 07:07:50.087170   32040 watch.go:40] Failed to load config from \"f:\\\\React\\\\Animation\\\\Graduation-Project\\\\dataconnect\": could not find dataconnect.yaml in `f:\\React\\Animation\\Graduation-Project\\dataconnect`\n"}}
[debug] [2026-05-21T04:08:00.087Z] E0521 07:08:00.087150   32040 watch.go:40] Failed to load config from "f:\\React\\Animation\\Graduation-Project\\dataconnect": could not find dataconnect.yaml in `f:\React\Animation\Graduation-Project\dataconnect`
 {"metadata":{"emulator":{"name":"dataconnect"},"message":"E0521 07:08:00.087150   32040 watch.go:40] Failed to load config from \"f:\\\\React\\\\Animation\\\\Graduation-Project\\\\dataconnect\": could not find dataconnect.yaml in `f:\\React\\Animation\\Graduation-Project\\dataconnect`\n"}}
[debug] [2026-05-21T04:08:10.087Z] E0521 07:08:10.087023   32040 watch.go:40] Failed to load config from "f:\\React\\Animation\\Graduation-Project\\dataconnect": could not find dataconnect.yaml in `f:\React\Animation\Graduation-Project\dataconnect`
 {"metadata":{"emulator":{"name":"dataconnect"},"message":"E0521 07:08:10.087023   32040 watch.go:40] Failed to load config from \"f:\\\\React\\\\Animation\\\\Graduation-Project\\\\dataconnect\": could not find dataconnect.yaml in `f:\\React\\Animation\\Graduation-Project\\dataconnect`\n"}}
[debug] [2026-05-21T04:08:20.089Z] E0521 07:08:20.088908   32040 watch.go:40] Failed to load config from "f:\\React\\Animation\\Graduation-Project\\dataconnect": could not find dataconnect.yaml in `f:\React\Animation\Graduation-Project\dataconnect`
 {"metadata":{"emulator":{"name":"dataconnect"},"message":"E0521 07:08:20.088908   32040 watch.go:40] Failed to load config from \"f:\\\\React\\\\Animation\\\\Graduation-Project\\\\dataconnect\": could not find dataconnect.yaml in `f:\\React\\Animation\\Graduation-Project\\dataconnect`\n"}}
[debug] [2026-05-21T04:08:30.087Z] E0521 07:08:30.087213   32040 watch.go:40] Failed to load config from "f:\\React\\Animation\\Graduation-Project\\dataconnect": could not find dataconnect.yaml in `f:\React\Animation\Graduation-Project\dataconnect`
 {"metadata":{"emulator":{"name":"dataconnect"},"message":"E0521 07:08:30.087213   32040 watch.go:40] Failed to load config from \"f:\\\\React\\\\Animation\\\\Graduation-Project\\\\dataconnect\": could not find dataconnect.yaml in `f:\\React\\Animation\\Graduation-Project\\dataconnect`\n"}}
[debug] [2026-05-21T04:08:40.087Z] E0521 07:08:40.087053   32040 watch.go:116] watchAllDir unable to walk dir `f:\React\Animation\Graduation-Project\dataconnect`: GetFileAttributesEx f:\React\Animation\Graduation-Project\dataconnect: The system cannot find the file specified.
E0521 07:08:40.087053   32040 watch.go:40] Failed to load config from "f:\\React\\Animation\\Graduation-Project\\dataconnect": could not find dataconnect.yaml in `f:\React\Animation\Graduation-Project\dataconnect`
 {"metadata":{"emulator":{"name":"dataconnect"},"message":"E0521 07:08:40.087053   32040 watch.go:116] watchAllDir unable to walk dir `f:\\React\\Animation\\Graduation-Project\\dataconnect`: GetFileAttributesEx f:\\React\\Animation\\Graduation-Project\\dataconnect: The system cannot find the file specified.\nE0521 07:08:40.087053   32040 watch.go:40] Failed to load config from \"f:\\\\React\\\\Animation\\\\Graduation-Project\\\\dataconnect\": could not find dataconnect.yaml in `f:\\React\\Animation\\Graduation-Project\\dataconnect`\n"}}
[debug] [2026-05-21T04:08:50.087Z] E0521 07:08:50.087280   32040 watch.go:40] Failed to load config from "f:\\React\\Animation\\Graduation-Project\\dataconnect": could not find dataconnect.yaml in `f:\React\Animation\Graduation-Project\dataconnect`
 {"metadata":{"emulator":{"name":"dataconnect"},"message":"E0521 07:08:50.087280   32040 watch.go:40] Failed to load config from \"f:\\\\React\\\\Animation\\\\Graduation-Project\\\\dataconnect\": could not find dataconnect.yaml in `f:\\React\\Animation\\Graduation-Project\\dataconnect`\n"}}
[debug] [2026-05-21T04:09:00.087Z] E0521 07:09:00.086940   32040 watch.go:40] Failed to load config from "f:\\React\\Animation\\Graduation-Project\\dataconnect": could not find dataconnect.yaml in `f:\React\Animation\Graduation-Project\dataconnect`
 {"metadata":{"emulator":{"name":"dataconnect"},"message":"E0521 07:09:00.086940   32040 watch.go:40] Failed to load config from \"f:\\\\React\\\\Animation\\\\Graduation-Project\\\\dataconnect\": could not find dataconnect.yaml in `f:\\React\\Animation\\Graduation-Project\\dataconnect`\n"}}
[debug] [2026-05-21T04:09:10.087Z] E0521 07:09:10.086984   32040 watch.go:40] Failed to load config from "f:\\React\\Animation\\Graduation-Project\\dataconnect": could not find dataconnect.yaml in `f:\React\Animation\Graduation-Project\dataconnect`
 {"metadata":{"emulator":{"name":"dataconnect"},"message":"E0521 07:09:10.086984   32040 watch.go:40] Failed to load config from \"f:\\\\React\\\\Animation\\\\Graduation-Project\\\\dataconnect\": could not find dataconnect.yaml in `f:\\React\\Animation\\Graduation-Project\\dataconnect`\n"}}
[debug] [2026-05-21T04:09:20.087Z] E0521 07:09:20.087246   32040 watch.go:40] Failed to load config from "f:\\React\\Animation\\Graduation-Project\\dataconnect": could not find dataconnect.yaml in `f:\React\Animation\Graduation-Project\dataconnect`
 {"metadata":{"emulator":{"name":"dataconnect"},"message":"E0521 07:09:20.087246   32040 watch.go:40] Failed to load config from \"f:\\\\React\\\\Animation\\\\Graduation-Project\\\\dataconnect\": could not find dataconnect.yaml in `f:\\React\\Animation\\Graduation-Project\\dataconnect`\n"}}
[debug] [2026-05-21T04:09:30.087Z] E0521 07:09:30.087123   32040 watch.go:40] Failed to load config from "f:\\React\\Animation\\Graduation-Project\\dataconnect": could not find dataconnect.yaml in `f:\React\Animation\Graduation-Project\dataconnect`
 {"metadata":{"emulator":{"name":"dataconnect"},"message":"E0521 07:09:30.087123   32040 watch.go:40] Failed to load config from \"f:\\\\React\\\\Animation\\\\Graduation-Project\\\\dataconnect\": could not find dataconnect.yaml in `f:\\React\\Animation\\Graduation-Project\\dataconnect`\n"}}
[debug] [2026-05-21T04:09:40.087Z] E0521 07:09:40.087332   32040 watch.go:116] watchAllDir unable to walk dir `f:\React\Animation\Graduation-Project\dataconnect`: GetFileAttributesEx f:\React\Animation\Graduation-Project\dataconnect: The system cannot find the file specified.
E0521 07:09:40.087332   32040 watch.go:40] Failed to load config from "f:\\React\\Animation\\Graduation-Project\\dataconnect": could not find dataconnect.yaml in `f:\React\Animation\Graduation-Project\dataconnect`
 {"metadata":{"emulator":{"name":"dataconnect"},"message":"E0521 07:09:40.087332   32040 watch.go:116] watchAllDir unable to walk dir `f:\\React\\Animation\\Graduation-Project\\dataconnect`: GetFileAttributesEx f:\\React\\Animation\\Graduation-Project\\dataconnect: The system cannot find the file specified.\nE0521 07:09:40.087332   32040 watch.go:40] Failed to load config from \"f:\\\\React\\\\Animation\\\\Graduation-Project\\\\dataconnect\": could not find dataconnect.yaml in `f:\\React\\Animation\\Graduation-Project\\dataconnect`\n"}}
[debug] [2026-05-21T04:09:50.087Z] E0521 07:09:50.087059   32040 watch.go:40] Failed to load config from "f:\\React\\Animation\\Graduation-Project\\dataconnect": could not find dataconnect.yaml in `f:\React\Animation\Graduation-Project\dataconnect`
 {"metadata":{"emulator":{"name":"dataconnect"},"message":"E0521 07:09:50.087059   32040 watch.go:40] Failed to load config from \"f:\\\\React\\\\Animation\\\\Graduation-Project\\\\dataconnect\": could not find dataconnect.yaml in `f:\\React\\Animation\\Graduation-Project\\dataconnect`\n"}}
[debug] [2026-05-21T04:10:00.087Z] E0521 07:10:00.087225   32040 watch.go:40] Failed to load config from "f:\\React\\Animation\\Graduation-Project\\dataconnect": could not find dataconnect.yaml in `f:\React\Animation\Graduation-Project\dataconnect`
 {"metadata":{"emulator":{"name":"dataconnect"},"message":"E0521 07:10:00.087225   32040 watch.go:40] Failed to load config from \"f:\\\\React\\\\Animation\\\\Graduation-Project\\\\dataconnect\": could not find dataconnect.yaml in `f:\\React\\Animation\\Graduation-Project\\dataconnect`\n"}}
[debug] [2026-05-21T04:10:10.086Z] E0521 07:10:10.087046   32040 watch.go:40] Failed to load config from "f:\\React\\Animation\\Graduation-Project\\dataconnect": could not find dataconnect.yaml in `f:\React\Animation\Graduation-Project\dataconnect`
 {"metadata":{"emulator":{"name":"dataconnect"},"message":"E0521 07:10:10.087046   32040 watch.go:40] Failed to load config from \"f:\\\\React\\\\Animation\\\\Graduation-Project\\\\dataconnect\": could not find dataconnect.yaml in `f:\\React\\Animation\\Graduation-Project\\dataconnect`\n"}}
[debug] [2026-05-21T04:10:20.087Z] E0521 07:10:20.087067   32040 watch.go:40] Failed to load config from "f:\\React\\Animation\\Graduation-Project\\dataconnect": could not find dataconnect.yaml in `f:\React\Animation\Graduation-Project\dataconnect`
 {"metadata":{"emulator":{"name":"dataconnect"},"message":"E0521 07:10:20.087067   32040 watch.go:40] Failed to load config from \"f:\\\\React\\\\Animation\\\\Graduation-Project\\\\dataconnect\": could not find dataconnect.yaml in `f:\\React\\Animation\\Graduation-Project\\dataconnect`\n"}}
[debug] [2026-05-21T04:10:30.087Z] E0521 07:10:30.087070   32040 watch.go:40] Failed to load config from "f:\\React\\Animation\\Graduation-Project\\dataconnect": could not find dataconnect.yaml in `f:\React\Animation\Graduation-Project\dataconnect`
 {"metadata":{"emulator":{"name":"dataconnect"},"message":"E0521 07:10:30.087070   32040 watch.go:40] Failed to load config from \"f:\\\\React\\\\Animation\\\\Graduation-Project\\\\dataconnect\": could not find dataconnect.yaml in `f:\\React\\Animation\\Graduation-Project\\dataconnect`\n"}}
[debug] [2026-05-21T04:10:40.087Z] E0521 07:10:40.087268   32040 watch.go:40] Failed to load config from "f:\\React\\Animation\\Graduation-Project\\dataconnect": could not find dataconnect.yaml in `f:\React\Animation\Graduation-Project\dataconnect`
 {"metadata":{"emulator":{"name":"dataconnect"},"message":"E0521 07:10:40.087268   32040 watch.go:40] Failed to load config from \"f:\\\\React\\\\Animation\\\\Graduation-Project\\\\dataconnect\": could not find dataconnect.yaml in `f:\\React\\Animation\\Graduation-Project\\dataconnect`\n"}}
[debug] [2026-05-21T04:10:40.088Z] E0521 07:10:40.087776   32040 watch.go:116] watchAllDir unable to walk dir `f:\React\Animation\Graduation-Project\dataconnect`: GetFileAttributesEx f:\React\Animation\Graduation-Project\dataconnect: The system cannot find the file specified.
 {"metadata":{"emulator":{"name":"dataconnect"},"message":"E0521 07:10:40.087776   32040 watch.go:116] watchAllDir unable to walk dir `f:\\React\\Animation\\Graduation-Project\\dataconnect`: GetFileAttributesEx f:\\React\\Animation\\Graduation-Project\\dataconnect: The system cannot find the file specified.\n"}}
[debug] [2026-05-21T04:10:50.087Z] E0521 07:10:50.087122   32040 watch.go:40] Failed to load config from "f:\\React\\Animation\\Graduation-Project\\dataconnect": could not find dataconnect.yaml in `f:\React\Animation\Graduation-Project\dataconnect`
 {"metadata":{"emulator":{"name":"dataconnect"},"message":"E0521 07:10:50.087122   32040 watch.go:40] Failed to load config from \"f:\\\\React\\\\Animation\\\\Graduation-Project\\\\dataconnect\": could not find dataconnect.yaml in `f:\\React\\Animation\\Graduation-Project\\dataconnect`\n"}}
[debug] [2026-05-21T04:11:00.087Z] E0521 07:11:00.087233   32040 watch.go:40] Failed to load config from "f:\\React\\Animation\\Graduation-Project\\dataconnect": could not find dataconnect.yaml in `f:\React\Animation\Graduation-Project\dataconnect`
 {"metadata":{"emulator":{"name":"dataconnect"},"message":"E0521 07:11:00.087233   32040 watch.go:40] Failed to load config from \"f:\\\\React\\\\Animation\\\\Graduation-Project\\\\dataconnect\": could not find dataconnect.yaml in `f:\\React\\Animation\\Graduation-Project\\dataconnect`\n"}}
[debug] [2026-05-21T04:11:10.087Z] E0521 07:11:10.087200   32040 watch.go:40] Failed to load config from "f:\\React\\Animation\\Graduation-Project\\dataconnect": could not find dataconnect.yaml in `f:\React\Animation\Graduation-Project\dataconnect`
 {"metadata":{"emulator":{"name":"dataconnect"},"message":"E0521 07:11:10.087200   32040 watch.go:40] Failed to load config from \"f:\\\\React\\\\Animation\\\\Graduation-Project\\\\dataconnect\": could not find dataconnect.yaml in `f:\\React\\Animation\\Graduation-Project\\dataconnect`\n"}}
[debug] [2026-05-21T04:11:20.087Z] E0521 07:11:20.087256   32040 watch.go:40] Failed to load config from "f:\\React\\Animation\\Graduation-Project\\dataconnect": could not find dataconnect.yaml in `f:\React\Animation\Graduation-Project\dataconnect`
 {"metadata":{"emulator":{"name":"dataconnect"},"message":"E0521 07:11:20.087256   32040 watch.go:40] Failed to load config from \"f:\\\\React\\\\Animation\\\\Graduation-Project\\\\dataconnect\": could not find dataconnect.yaml in `f:\\React\\Animation\\Graduation-Project\\dataconnect`\n"}}
[debug] [2026-05-21T04:11:30.086Z] E0521 07:11:30.086933   32040 watch.go:40] Failed to load config from "f:\\React\\Animation\\Graduation-Project\\dataconnect": could not find dataconnect.yaml in `f:\React\Animation\Graduation-Project\dataconnect`
 {"metadata":{"emulator":{"name":"dataconnect"},"message":"E0521 07:11:30.086933   32040 watch.go:40] Failed to load config from \"f:\\\\React\\\\Animation\\\\Graduation-Project\\\\dataconnect\": could not find dataconnect.yaml in `f:\\React\\Animation\\Graduation-Project\\dataconnect`\n"}}
[debug] [2026-05-21T04:11:40.087Z] E0521 07:11:40.087253   32040 watch.go:116] watchAllDir unable to walk dir `f:\React\Animation\Graduation-Project\dataconnect`: GetFileAttributesEx f:\React\Animation\Graduation-Project\dataconnect: The system cannot find the file specified.
E0521 07:11:40.087253   32040 watch.go:40] Failed to load config from "f:\\React\\Animation\\Graduation-Project\\dataconnect": could not find dataconnect.yaml in `f:\React\Animation\Graduation-Project\dataconnect`
 {"metadata":{"emulator":{"name":"dataconnect"},"message":"E0521 07:11:40.087253   32040 watch.go:116] watchAllDir unable to walk dir `f:\\React\\Animation\\Graduation-Project\\dataconnect`: GetFileAttributesEx f:\\React\\Animation\\Graduation-Project\\dataconnect: The system cannot find the file specified.\nE0521 07:11:40.087253   32040 watch.go:40] Failed to load config from \"f:\\\\React\\\\Animation\\\\Graduation-Project\\\\dataconnect\": could not find dataconnect.yaml in `f:\\React\\Animation\\Graduation-Project\\dataconnect`\n"}}
[debug] [2026-05-21T04:11:50.087Z] E0521 07:11:50.087182   32040 watch.go:40] Failed to load config from "f:\\React\\Animation\\Graduation-Project\\dataconnect": could not find dataconnect.yaml in `f:\React\Animation\Graduation-Project\dataconnect`
 {"metadata":{"emulator":{"name":"dataconnect"},"message":"E0521 07:11:50.087182   32040 watch.go:40] Failed to load config from \"f:\\\\React\\\\Animation\\\\Graduation-Project\\\\dataconnect\": could not find dataconnect.yaml in `f:\\React\\Animation\\Graduation-Project\\dataconnect`\n"}}
[debug] [2026-05-21T04:12:00.087Z] E0521 07:12:00.086908   32040 watch.go:40] Failed to load config from "f:\\React\\Animation\\Graduation-Project\\dataconnect": could not find dataconnect.yaml in `f:\React\Animation\Graduation-Project\dataconnect`
 {"metadata":{"emulator":{"name":"dataconnect"},"message":"E0521 07:12:00.086908   32040 watch.go:40] Failed to load config from \"f:\\\\React\\\\Animation\\\\Graduation-Project\\\\dataconnect\": could not find dataconnect.yaml in `f:\\React\\Animation\\Graduation-Project\\dataconnect`\n"}}
[debug] [2026-05-21T04:12:10.087Z] E0521 07:12:10.087297   32040 watch.go:40] Failed to load config from "f:\\React\\Animation\\Graduation-Project\\dataconnect": could not find dataconnect.yaml in `f:\React\Animation\Graduation-Project\dataconnect`
 {"metadata":{"emulator":{"name":"dataconnect"},"message":"E0521 07:12:10.087297   32040 watch.go:40] Failed to load config from \"f:\\\\React\\\\Animation\\\\Graduation-Project\\\\dataconnect\": could not find dataconnect.yaml in `f:\\React\\Animation\\Graduation-Project\\dataconnect`\n"}}
[debug] [2026-05-21T04:12:20.087Z] E0521 07:12:20.087339   32040 watch.go:40] Failed to load config from "f:\\React\\Animation\\Graduation-Project\\dataconnect": could not find dataconnect.yaml in `f:\React\Animation\Graduation-Project\dataconnect`
 {"metadata":{"emulator":{"name":"dataconnect"},"message":"E0521 07:12:20.087339   32040 watch.go:40] Failed to load config from \"f:\\\\React\\\\Animation\\\\Graduation-Project\\\\dataconnect\": could not find dataconnect.yaml in `f:\\React\\Animation\\Graduation-Project\\dataconnect`\n"}}
[debug] [2026-05-21T04:12:30.087Z] E0521 07:12:30.087017   32040 watch.go:40] Failed to load config from "f:\\React\\Animation\\Graduation-Project\\dataconnect": could not find dataconnect.yaml in `f:\React\Animation\Graduation-Project\dataconnect`
 {"metadata":{"emulator":{"name":"dataconnect"},"message":"E0521 07:12:30.087017   32040 watch.go:40] Failed to load config from \"f:\\\\React\\\\Animation\\\\Graduation-Project\\\\dataconnect\": could not find dataconnect.yaml in `f:\\React\\Animation\\Graduation-Project\\dataconnect`\n"}}
[debug] [2026-05-21T04:12:40.087Z] E0521 07:12:40.087222   32040 watch.go:116] watchAllDir unable to walk dir `f:\React\Animation\Graduation-Project\dataconnect`: GetFileAttributesEx f:\React\Animation\Graduation-Project\dataconnect: The system cannot find the file specified.
 {"metadata":{"emulator":{"name":"dataconnect"},"message":"E0521 07:12:40.087222   32040 watch.go:116] watchAllDir unable to walk dir `f:\\React\\Animation\\Graduation-Project\\dataconnect`: GetFileAttributesEx f:\\React\\Animation\\Graduation-Project\\dataconnect: The system cannot find the file specified.\n"}}
[debug] [2026-05-21T04:12:40.087Z] E0521 07:12:40.087222   32040 watch.go:40] Failed to load config from "f:\\React\\Animation\\Graduation-Project\\dataconnect": could not find dataconnect.yaml in `f:\React\Animation\Graduation-Project\dataconnect`
 {"metadata":{"emulator":{"name":"dataconnect"},"message":"E0521 07:12:40.087222   32040 watch.go:40] Failed to load config from \"f:\\\\React\\\\Animation\\\\Graduation-Project\\\\dataconnect\": could not find dataconnect.yaml in `f:\\React\\Animation\\Graduation-Project\\dataconnect`\n"}}
[debug] [2026-05-21T04:12:50.087Z] E0521 07:12:50.086955   32040 watch.go:40] Failed to load config from "f:\\React\\Animation\\Graduation-Project\\dataconnect": could not find dataconnect.yaml in `f:\React\Animation\Graduation-Project\dataconnect`
 {"metadata":{"emulator":{"name":"dataconnect"},"message":"E0521 07:12:50.086955   32040 watch.go:40] Failed to load config from \"f:\\\\React\\\\Animation\\\\Graduation-Project\\\\dataconnect\": could not find dataconnect.yaml in `f:\\React\\Animation\\Graduation-Project\\dataconnect`\n"}}
[debug] [2026-05-21T04:13:00.087Z] E0521 07:13:00.087135   32040 watch.go:40] Failed to load config from "f:\\React\\Animation\\Graduation-Project\\dataconnect": could not find dataconnect.yaml in `f:\React\Animation\Graduation-Project\dataconnect`
 {"metadata":{"emulator":{"name":"dataconnect"},"message":"E0521 07:13:00.087135   32040 watch.go:40] Failed to load config from \"f:\\\\React\\\\Animation\\\\Graduation-Project\\\\dataconnect\": could not find dataconnect.yaml in `f:\\React\\Animation\\Graduation-Project\\dataconnect`\n"}}
[debug] [2026-05-21T04:13:10.087Z] E0521 07:13:10.087228   32040 watch.go:40] Failed to load config from "f:\\React\\Animation\\Graduation-Project\\dataconnect": could not find dataconnect.yaml in `f:\React\Animation\Graduation-Project\dataconnect`
 {"metadata":{"emulator":{"name":"dataconnect"},"message":"E0521 07:13:10.087228   32040 watch.go:40] Failed to load config from \"f:\\\\React\\\\Animation\\\\Graduation-Project\\\\dataconnect\": could not find dataconnect.yaml in `f:\\React\\Animation\\Graduation-Project\\dataconnect`\n"}}
[debug] [2026-05-21T04:13:20.087Z] E0521 07:13:20.086904   32040 watch.go:40] Failed to load config from "f:\\React\\Animation\\Graduation-Project\\dataconnect": could not find dataconnect.yaml in `f:\React\Animation\Graduation-Project\dataconnect`
 {"metadata":{"emulator":{"name":"dataconnect"},"message":"E0521 07:13:20.086904   32040 watch.go:40] Failed to load config from \"f:\\\\React\\\\Animation\\\\Graduation-Project\\\\dataconnect\": could not find dataconnect.yaml in `f:\\React\\Animation\\Graduation-Project\\dataconnect`\n"}}
[debug] [2026-05-21T04:13:30.087Z] E0521 07:13:30.086910   32040 watch.go:40] Failed to load config from "f:\\React\\Animation\\Graduation-Project\\dataconnect": could not find dataconnect.yaml in `f:\React\Animation\Graduation-Project\dataconnect`
 {"metadata":{"emulator":{"name":"dataconnect"},"message":"E0521 07:13:30.086910   32040 watch.go:40] Failed to load config from \"f:\\\\React\\\\Animation\\\\Graduation-Project\\\\dataconnect\": could not find dataconnect.yaml in `f:\\React\\Animation\\Graduation-Project\\dataconnect`\n"}}
[debug] [2026-05-21T04:13:40.087Z] E0521 07:13:40.086955   32040 watch.go:116] watchAllDir unable to walk dir `f:\React\Animation\Graduation-Project\dataconnect`: GetFileAttributesEx f:\React\Animation\Graduation-Project\dataconnect: The system cannot find the file specified.
E0521 07:13:40.086955   32040 watch.go:40] Failed to load config from "f:\\React\\Animation\\Graduation-Project\\dataconnect": could not find dataconnect.yaml in `f:\React\Animation\Graduation-Project\dataconnect`
 {"metadata":{"emulator":{"name":"dataconnect"},"message":"E0521 07:13:40.086955   32040 watch.go:116] watchAllDir unable to walk dir `f:\\React\\Animation\\Graduation-Project\\dataconnect`: GetFileAttributesEx f:\\React\\Animation\\Graduation-Project\\dataconnect: The system cannot find the file specified.\nE0521 07:13:40.086955   32040 watch.go:40] Failed to load config from \"f:\\\\React\\\\Animation\\\\Graduation-Project\\\\dataconnect\": could not find dataconnect.yaml in `f:\\React\\Animation\\Graduation-Project\\dataconnect`\n"}}
[debug] [2026-05-21T04:13:50.087Z] E0521 07:13:50.086942   32040 watch.go:40] Failed to load config from "f:\\React\\Animation\\Graduation-Project\\dataconnect": could not find dataconnect.yaml in `f:\React\Animation\Graduation-Project\dataconnect`
 {"metadata":{"emulator":{"name":"dataconnect"},"message":"E0521 07:13:50.086942   32040 watch.go:40] Failed to load config from \"f:\\\\React\\\\Animation\\\\Graduation-Project\\\\dataconnect\": could not find dataconnect.yaml in `f:\\React\\Animation\\Graduation-Project\\dataconnect`\n"}}
[debug] [2026-05-21T04:14:00.087Z] E0521 07:14:00.087287   32040 watch.go:40] Failed to load config from "f:\\React\\Animation\\Graduation-Project\\dataconnect": could not find dataconnect.yaml in `f:\React\Animation\Graduation-Project\dataconnect`
 {"metadata":{"emulator":{"name":"dataconnect"},"message":"E0521 07:14:00.087287   32040 watch.go:40] Failed to load config from \"f:\\\\React\\\\Animation\\\\Graduation-Project\\\\dataconnect\": could not find dataconnect.yaml in `f:\\React\\Animation\\Graduation-Project\\dataconnect`\n"}}
[debug] [2026-05-21T04:14:10.087Z] E0521 07:14:10.087337   32040 watch.go:40] Failed to load config from "f:\\React\\Animation\\Graduation-Project\\dataconnect": could not find dataconnect.yaml in `f:\React\Animation\Graduation-Project\dataconnect`
 {"metadata":{"emulator":{"name":"dataconnect"},"message":"E0521 07:14:10.087337   32040 watch.go:40] Failed to load config from \"f:\\\\React\\\\Animation\\\\Graduation-Project\\\\dataconnect\": could not find dataconnect.yaml in `f:\\React\\Animation\\Graduation-Project\\dataconnect`\n"}}
[debug] [2026-05-21T04:14:20.087Z] E0521 07:14:20.087006   32040 watch.go:40] Failed to load config from "f:\\React\\Animation\\Graduation-Project\\dataconnect": could not find dataconnect.yaml in `f:\React\Animation\Graduation-Project\dataconnect`
 {"metadata":{"emulator":{"name":"dataconnect"},"message":"E0521 07:14:20.087006   32040 watch.go:40] Failed to load config from \"f:\\\\React\\\\Animation\\\\Graduation-Project\\\\dataconnect\": could not find dataconnect.yaml in `f:\\React\\Animation\\Graduation-Project\\dataconnect`\n"}}
[debug] [2026-05-21T04:14:30.087Z] E0521 07:14:30.087335   32040 watch.go:40] Failed to load config from "f:\\React\\Animation\\Graduation-Project\\dataconnect": could not find dataconnect.yaml in `f:\React\Animation\Graduation-Project\dataconnect`
 {"metadata":{"emulator":{"name":"dataconnect"},"message":"E0521 07:14:30.087335   32040 watch.go:40] Failed to load config from \"f:\\\\React\\\\Animation\\\\Graduation-Project\\\\dataconnect\": could not find dataconnect.yaml in `f:\\React\\Animation\\Graduation-Project\\dataconnect`\n"}}
[debug] [2026-05-21T04:14:40.087Z] E0521 07:14:40.087357   32040 watch.go:116] watchAllDir unable to walk dir `f:\React\Animation\Graduation-Project\dataconnect`: GetFileAttributesEx f:\React\Animation\Graduation-Project\dataconnect: The system cannot find the file specified.
E0521 07:14:40.087357   32040 watch.go:40] Failed to load config from "f:\\React\\Animation\\Graduation-Project\\dataconnect": could not find dataconnect.yaml in `f:\React\Animation\Graduation-Project\dataconnect`
 {"metadata":{"emulator":{"name":"dataconnect"},"message":"E0521 07:14:40.087357   32040 watch.go:116] watchAllDir unable to walk dir `f:\\React\\Animation\\Graduation-Project\\dataconnect`: GetFileAttributesEx f:\\React\\Animation\\Graduation-Project\\dataconnect: The system cannot find the file specified.\nE0521 07:14:40.087357   32040 watch.go:40] Failed to load config from \"f:\\\\React\\\\Animation\\\\Graduation-Project\\\\dataconnect\": could not find dataconnect.yaml in `f:\\React\\Animation\\Graduation-Project\\dataconnect`\n"}}
[debug] [2026-05-21T04:14:50.087Z] E0521 07:14:50.087275   32040 watch.go:40] Failed to load config from "f:\\React\\Animation\\Graduation-Project\\dataconnect": could not find dataconnect.yaml in `f:\React\Animation\Graduation-Project\dataconnect`
 {"metadata":{"emulator":{"name":"dataconnect"},"message":"E0521 07:14:50.087275   32040 watch.go:40] Failed to load config from \"f:\\\\React\\\\Animation\\\\Graduation-Project\\\\dataconnect\": could not find dataconnect.yaml in `f:\\React\\Animation\\Graduation-Project\\dataconnect`\n"}}
[debug] [2026-05-21T04:15:00.089Z] E0521 07:15:00.088447   32040 watch.go:40] Failed to load config from "f:\\React\\Animation\\Graduation-Project\\dataconnect": could not find dataconnect.yaml in `f:\React\Animation\Graduation-Project\dataconnect`
 {"metadata":{"emulator":{"name":"dataconnect"},"message":"E0521 07:15:00.088447   32040 watch.go:40] Failed to load config from \"f:\\\\React\\\\Animation\\\\Graduation-Project\\\\dataconnect\": could not find dataconnect.yaml in `f:\\React\\Animation\\Graduation-Project\\dataconnect`\n"}}
[debug] [2026-05-21T04:15:10.089Z] E0521 07:15:10.087091   32040 watch.go:40] Failed to load config from "f:\\React\\Animation\\Graduation-Project\\dataconnect": could not find dataconnect.yaml in `f:\React\Animation\Graduation-Project\dataconnect`
 {"metadata":{"emulator":{"name":"dataconnect"},"message":"E0521 07:15:10.087091   32040 watch.go:40] Failed to load config from \"f:\\\\React\\\\Animation\\\\Graduation-Project\\\\dataconnect\": could not find dataconnect.yaml in `f:\\React\\Animation\\Graduation-Project\\dataconnect`\n"}}
[debug] [2026-05-21T04:15:20.088Z] E0521 07:15:20.087127   32040 watch.go:40] Failed to load config from "f:\\React\\Animation\\Graduation-Project\\dataconnect": could not find dataconnect.yaml in `f:\React\Animation\Graduation-Project\dataconnect`
 {"metadata":{"emulator":{"name":"dataconnect"},"message":"E0521 07:15:20.087127   32040 watch.go:40] Failed to load config from \"f:\\\\React\\\\Animation\\\\Graduation-Project\\\\dataconnect\": could not find dataconnect.yaml in `f:\\React\\Animation\\Graduation-Project\\dataconnect`\n"}}
[debug] [2026-05-21T04:15:30.087Z] E0521 07:15:30.087144   32040 watch.go:40] Failed to load config from "f:\\React\\Animation\\Graduation-Project\\dataconnect": could not find dataconnect.yaml in `f:\React\Animation\Graduation-Project\dataconnect`
 {"metadata":{"emulator":{"name":"dataconnect"},"message":"E0521 07:15:30.087144   32040 watch.go:40] Failed to load config from \"f:\\\\React\\\\Animation\\\\Graduation-Project\\\\dataconnect\": could not find dataconnect.yaml in `f:\\React\\Animation\\Graduation-Project\\dataconnect`\n"}}
[debug] [2026-05-21T04:15:40.087Z] E0521 07:15:40.087094   32040 watch.go:116] watchAllDir unable to walk dir `f:\React\Animation\Graduation-Project\dataconnect`: GetFileAttributesEx f:\React\Animation\Graduation-Project\dataconnect: The system cannot find the file specified.
E0521 07:15:40.087094   32040 watch.go:40] Failed to load config from "f:\\React\\Animation\\Graduation-Project\\dataconnect": could not find dataconnect.yaml in `f:\React\Animation\Graduation-Project\dataconnect`
 {"metadata":{"emulator":{"name":"dataconnect"},"message":"E0521 07:15:40.087094   32040 watch.go:116] watchAllDir unable to walk dir `f:\\React\\Animation\\Graduation-Project\\dataconnect`: GetFileAttributesEx f:\\React\\Animation\\Graduation-Project\\dataconnect: The system cannot find the file specified.\nE0521 07:15:40.087094   32040 watch.go:40] Failed to load config from \"f:\\\\React\\\\Animation\\\\Graduation-Project\\\\dataconnect\": could not find dataconnect.yaml in `f:\\React\\Animation\\Graduation-Project\\dataconnect`\n"}}
[debug] [2026-05-21T04:15:50.087Z] E0521 07:15:50.086919   32040 watch.go:40] Failed to load config from "f:\\React\\Animation\\Graduation-Project\\dataconnect": could not find dataconnect.yaml in `f:\React\Animation\Graduation-Project\dataconnect`
 {"metadata":{"emulator":{"name":"dataconnect"},"message":"E0521 07:15:50.086919   32040 watch.go:40] Failed to load config from \"f:\\\\React\\\\Animation\\\\Graduation-Project\\\\dataconnect\": could not find dataconnect.yaml in `f:\\React\\Animation\\Graduation-Project\\dataconnect`\n"}}
[debug] [2026-05-21T04:16:00.087Z] E0521 07:16:00.087189   32040 watch.go:40] Failed to load config from "f:\\React\\Animation\\Graduation-Project\\dataconnect": could not find dataconnect.yaml in `f:\React\Animation\Graduation-Project\dataconnect`
 {"metadata":{"emulator":{"name":"dataconnect"},"message":"E0521 07:16:00.087189   32040 watch.go:40] Failed to load config from \"f:\\\\React\\\\Animation\\\\Graduation-Project\\\\dataconnect\": could not find dataconnect.yaml in `f:\\React\\Animation\\Graduation-Project\\dataconnect`\n"}}
[debug] [2026-05-21T04:16:10.087Z] E0521 07:16:10.087274   32040 watch.go:40] Failed to load config from "f:\\React\\Animation\\Graduation-Project\\dataconnect": could not find dataconnect.yaml in `f:\React\Animation\Graduation-Project\dataconnect`
 {"metadata":{"emulator":{"name":"dataconnect"},"message":"E0521 07:16:10.087274   32040 watch.go:40] Failed to load config from \"f:\\\\React\\\\Animation\\\\Graduation-Project\\\\dataconnect\": could not find dataconnect.yaml in `f:\\React\\Animation\\Graduation-Project\\dataconnect`\n"}}
[debug] [2026-05-21T04:16:20.087Z] E0521 07:16:20.087371   32040 watch.go:40] Failed to load config from "f:\\React\\Animation\\Graduation-Project\\dataconnect": could not find dataconnect.yaml in `f:\React\Animation\Graduation-Project\dataconnect`
 {"metadata":{"emulator":{"name":"dataconnect"},"message":"E0521 07:16:20.087371   32040 watch.go:40] Failed to load config from \"f:\\\\React\\\\Animation\\\\Graduation-Project\\\\dataconnect\": could not find dataconnect.yaml in `f:\\React\\Animation\\Graduation-Project\\dataconnect`\n"}}
[debug] [2026-05-21T04:16:30.087Z] E0521 07:16:30.087264   32040 watch.go:40] Failed to load config from "f:\\React\\Animation\\Graduation-Project\\dataconnect": could not find dataconnect.yaml in `f:\React\Animation\Graduation-Project\dataconnect`
 {"metadata":{"emulator":{"name":"dataconnect"},"message":"E0521 07:16:30.087264   32040 watch.go:40] Failed to load config from \"f:\\\\React\\\\Animation\\\\Graduation-Project\\\\dataconnect\": could not find dataconnect.yaml in `f:\\React\\Animation\\Graduation-Project\\dataconnect`\n"}}
[debug] [2026-05-21T04:16:40.087Z] E0521 07:16:40.087603   32040 watch.go:116] watchAllDir unable to walk dir `f:\React\Animation\Graduation-Project\dataconnect`: GetFileAttributesEx f:\React\Animation\Graduation-Project\dataconnect: The system cannot find the file specified.
 {"metadata":{"emulator":{"name":"dataconnect"},"message":"E0521 07:16:40.087603   32040 watch.go:116] watchAllDir unable to walk dir `f:\\React\\Animation\\Graduation-Project\\dataconnect`: GetFileAttributesEx f:\\React\\Animation\\Graduation-Project\\dataconnect: The system cannot find the file specified.\n"}}
[debug] [2026-05-21T04:16:40.088Z] E0521 07:16:40.087603   32040 watch.go:40] Failed to load config from "f:\\React\\Animation\\Graduation-Project\\dataconnect": could not find dataconnect.yaml in `f:\React\Animation\Graduation-Project\dataconnect`
 {"metadata":{"emulator":{"name":"dataconnect"},"message":"E0521 07:16:40.087603   32040 watch.go:40] Failed to load config from \"f:\\\\React\\\\Animation\\\\Graduation-Project\\\\dataconnect\": could not find dataconnect.yaml in `f:\\React\\Animation\\Graduation-Project\\dataconnect`\n"}}
[debug] [2026-05-21T04:16:50.087Z] E0521 07:16:50.087157   32040 watch.go:40] Failed to load config from "f:\\React\\Animation\\Graduation-Project\\dataconnect": could not find dataconnect.yaml in `f:\React\Animation\Graduation-Project\dataconnect`
 {"metadata":{"emulator":{"name":"dataconnect"},"message":"E0521 07:16:50.087157   32040 watch.go:40] Failed to load config from \"f:\\\\React\\\\Animation\\\\Graduation-Project\\\\dataconnect\": could not find dataconnect.yaml in `f:\\React\\Animation\\Graduation-Project\\dataconnect`\n"}}
[debug] [2026-05-21T04:17:00.087Z] E0521 07:17:00.087207   32040 watch.go:40] Failed to load config from "f:\\React\\Animation\\Graduation-Project\\dataconnect": could not find dataconnect.yaml in `f:\React\Animation\Graduation-Project\dataconnect`
 {"metadata":{"emulator":{"name":"dataconnect"},"message":"E0521 07:17:00.087207   32040 watch.go:40] Failed to load config from \"f:\\\\React\\\\Animation\\\\Graduation-Project\\\\dataconnect\": could not find dataconnect.yaml in `f:\\React\\Animation\\Graduation-Project\\dataconnect`\n"}}
[debug] [2026-05-21T04:17:10.087Z] E0521 07:17:10.087140   32040 watch.go:40] Failed to load config from "f:\\React\\Animation\\Graduation-Project\\dataconnect": could not find dataconnect.yaml in `f:\React\Animation\Graduation-Project\dataconnect`
 {"metadata":{"emulator":{"name":"dataconnect"},"message":"E0521 07:17:10.087140   32040 watch.go:40] Failed to load config from \"f:\\\\React\\\\Animation\\\\Graduation-Project\\\\dataconnect\": could not find dataconnect.yaml in `f:\\React\\Animation\\Graduation-Project\\dataconnect`\n"}}
[debug] [2026-05-21T04:17:20.087Z] E0521 07:17:20.087142   32040 watch.go:40] Failed to load config from "f:\\React\\Animation\\Graduation-Project\\dataconnect": could not find dataconnect.yaml in `f:\React\Animation\Graduation-Project\dataconnect`
 {"metadata":{"emulator":{"name":"dataconnect"},"message":"E0521 07:17:20.087142   32040 watch.go:40] Failed to load config from \"f:\\\\React\\\\Animation\\\\Graduation-Project\\\\dataconnect\": could not find dataconnect.yaml in `f:\\React\\Animation\\Graduation-Project\\dataconnect`\n"}}
[debug] [2026-05-21T04:17:30.087Z] E0521 07:17:30.087549   32040 watch.go:40] Failed to load config from "f:\\React\\Animation\\Graduation-Project\\dataconnect": could not find dataconnect.yaml in `f:\React\Animation\Graduation-Project\dataconnect`
 {"metadata":{"emulator":{"name":"dataconnect"},"message":"E0521 07:17:30.087549   32040 watch.go:40] Failed to load config from \"f:\\\\React\\\\Animation\\\\Graduation-Project\\\\dataconnect\": could not find dataconnect.yaml in `f:\\React\\Animation\\Graduation-Project\\dataconnect`\n"}}
[debug] [2026-05-21T04:17:40.087Z] E0521 07:17:40.087079   32040 watch.go:116] watchAllDir unable to walk dir `f:\React\Animation\Graduation-Project\dataconnect`: GetFileAttributesEx f:\React\Animation\Graduation-Project\dataconnect: The system cannot find the file specified.
 {"metadata":{"emulator":{"name":"dataconnect"},"message":"E0521 07:17:40.087079   32040 watch.go:116] watchAllDir unable to walk dir `f:\\React\\Animation\\Graduation-Project\\dataconnect`: GetFileAttributesEx f:\\React\\Animation\\Graduation-Project\\dataconnect: The system cannot find the file specified.\n"}}
[debug] [2026-05-21T04:17:40.089Z] E0521 07:17:40.087079   32040 watch.go:40] Failed to load config from "f:\\React\\Animation\\Graduation-Project\\dataconnect": could not find dataconnect.yaml in `f:\React\Animation\Graduation-Project\dataconnect`
 {"metadata":{"emulator":{"name":"dataconnect"},"message":"E0521 07:17:40.087079   32040 watch.go:40] Failed to load config from \"f:\\\\React\\\\Animation\\\\Graduation-Project\\\\dataconnect\": could not find dataconnect.yaml in `f:\\React\\Animation\\Graduation-Project\\dataconnect`\n"}}
[debug] [2026-05-21T04:17:50.087Z] E0521 07:17:50.087260   32040 watch.go:40] Failed to load config from "f:\\React\\Animation\\Graduation-Project\\dataconnect": could not find dataconnect.yaml in `f:\React\Animation\Graduation-Project\dataconnect`
 {"metadata":{"emulator":{"name":"dataconnect"},"message":"E0521 07:17:50.087260   32040 watch.go:40] Failed to load config from \"f:\\\\React\\\\Animation\\\\Graduation-Project\\\\dataconnect\": could not find dataconnect.yaml in `f:\\React\\Animation\\Graduation-Project\\dataconnect`\n"}}
[debug] [2026-05-21T04:18:00.087Z] E0521 07:18:00.086976   32040 watch.go:40] Failed to load config from "f:\\React\\Animation\\Graduation-Project\\dataconnect": could not find dataconnect.yaml in `f:\React\Animation\Graduation-Project\dataconnect`
 {"metadata":{"emulator":{"name":"dataconnect"},"message":"E0521 07:18:00.086976   32040 watch.go:40] Failed to load config from \"f:\\\\React\\\\Animation\\\\Graduation-Project\\\\dataconnect\": could not find dataconnect.yaml in `f:\\React\\Animation\\Graduation-Project\\dataconnect`\n"}}
[debug] [2026-05-21T04:18:10.087Z] E0521 07:18:10.087214   32040 watch.go:40] Failed to load config from "f:\\React\\Animation\\Graduation-Project\\dataconnect": could not find dataconnect.yaml in `f:\React\Animation\Graduation-Project\dataconnect`
 {"metadata":{"emulator":{"name":"dataconnect"},"message":"E0521 07:18:10.087214   32040 watch.go:40] Failed to load config from \"f:\\\\React\\\\Animation\\\\Graduation-Project\\\\dataconnect\": could not find dataconnect.yaml in `f:\\React\\Animation\\Graduation-Project\\dataconnect`\n"}}
[debug] [2026-05-21T04:18:20.087Z] E0521 07:18:20.086992   32040 watch.go:40] Failed to load config from "f:\\React\\Animation\\Graduation-Project\\dataconnect": could not find dataconnect.yaml in `f:\React\Animation\Graduation-Project\dataconnect`
 {"metadata":{"emulator":{"name":"dataconnect"},"message":"E0521 07:18:20.086992   32040 watch.go:40] Failed to load config from \"f:\\\\React\\\\Animation\\\\Graduation-Project\\\\dataconnect\": could not find dataconnect.yaml in `f:\\React\\Animation\\Graduation-Project\\dataconnect`\n"}}
[debug] [2026-05-21T04:18:30.087Z] E0521 07:18:30.087292   32040 watch.go:40] Failed to load config from "f:\\React\\Animation\\Graduation-Project\\dataconnect": could not find dataconnect.yaml in `f:\React\Animation\Graduation-Project\dataconnect`
 {"metadata":{"emulator":{"name":"dataconnect"},"message":"E0521 07:18:30.087292   32040 watch.go:40] Failed to load config from \"f:\\\\React\\\\Animation\\\\Graduation-Project\\\\dataconnect\": could not find dataconnect.yaml in `f:\\React\\Animation\\Graduation-Project\\dataconnect`\n"}}
[debug] [2026-05-21T04:18:40.087Z] E0521 07:18:40.087075   32040 watch.go:116] watchAllDir unable to walk dir `f:\React\Animation\Graduation-Project\dataconnect`: GetFileAttributesEx f:\React\Animation\Graduation-Project\dataconnect: The system cannot find the file specified.
E0521 07:18:40.087075   32040 watch.go:40] Failed to load config from "f:\\React\\Animation\\Graduation-Project\\dataconnect": could not find dataconnect.yaml in `f:\React\Animation\Graduation-Project\dataconnect`
 {"metadata":{"emulator":{"name":"dataconnect"},"message":"E0521 07:18:40.087075   32040 watch.go:116] watchAllDir unable to walk dir `f:\\React\\Animation\\Graduation-Project\\dataconnect`: GetFileAttributesEx f:\\React\\Animation\\Graduation-Project\\dataconnect: The system cannot find the file specified.\nE0521 07:18:40.087075   32040 watch.go:40] Failed to load config from \"f:\\\\React\\\\Animation\\\\Graduation-Project\\\\dataconnect\": could not find dataconnect.yaml in `f:\\React\\Animation\\Graduation-Project\\dataconnect`\n"}}
[debug] [2026-05-21T04:18:50.098Z] E0521 07:18:50.087270   32040 watch.go:40] Failed to load config from "f:\\React\\Animation\\Graduation-Project\\dataconnect": could not find dataconnect.yaml in `f:\React\Animation\Graduation-Project\dataconnect`
 {"metadata":{"emulator":{"name":"dataconnect"},"message":"E0521 07:18:50.087270   32040 watch.go:40] Failed to load config from \"f:\\\\React\\\\Animation\\\\Graduation-Project\\\\dataconnect\": could not find dataconnect.yaml in `f:\\React\\Animation\\Graduation-Project\\dataconnect`\n"}}
[debug] [2026-05-21T04:19:00.087Z] E0521 07:19:00.087354   32040 watch.go:40] Failed to load config from "f:\\React\\Animation\\Graduation-Project\\dataconnect": could not find dataconnect.yaml in `f:\React\Animation\Graduation-Project\dataconnect`
 {"metadata":{"emulator":{"name":"dataconnect"},"message":"E0521 07:19:00.087354   32040 watch.go:40] Failed to load config from \"f:\\\\React\\\\Animation\\\\Graduation-Project\\\\dataconnect\": could not find dataconnect.yaml in `f:\\React\\Animation\\Graduation-Project\\dataconnect`\n"}}
[debug] [2026-05-21T04:19:10.087Z] E0521 07:19:10.087129   32040 watch.go:40] Failed to load config from "f:\\React\\Animation\\Graduation-Project\\dataconnect": could not find dataconnect.yaml in `f:\React\Animation\Graduation-Project\dataconnect`
 {"metadata":{"emulator":{"name":"dataconnect"},"message":"E0521 07:19:10.087129   32040 watch.go:40] Failed to load config from \"f:\\\\React\\\\Animation\\\\Graduation-Project\\\\dataconnect\": could not find dataconnect.yaml in `f:\\React\\Animation\\Graduation-Project\\dataconnect`\n"}}
[debug] [2026-05-21T04:19:20.087Z] E0521 07:19:20.087167   32040 watch.go:40] Failed to load config from "f:\\React\\Animation\\Graduation-Project\\dataconnect": could not find dataconnect.yaml in `f:\React\Animation\Graduation-Project\dataconnect`
 {"metadata":{"emulator":{"name":"dataconnect"},"message":"E0521 07:19:20.087167   32040 watch.go:40] Failed to load config from \"f:\\\\React\\\\Animation\\\\Graduation-Project\\\\dataconnect\": could not find dataconnect.yaml in `f:\\React\\Animation\\Graduation-Project\\dataconnect`\n"}}
[debug] [2026-05-21T04:19:30.087Z] E0521 07:19:30.087255   32040 watch.go:40] Failed to load config from "f:\\React\\Animation\\Graduation-Project\\dataconnect": could not find dataconnect.yaml in `f:\React\Animation\Graduation-Project\dataconnect`
 {"metadata":{"emulator":{"name":"dataconnect"},"message":"E0521 07:19:30.087255   32040 watch.go:40] Failed to load config from \"f:\\\\React\\\\Animation\\\\Graduation-Project\\\\dataconnect\": could not find dataconnect.yaml in `f:\\React\\Animation\\Graduation-Project\\dataconnect`\n"}}
[debug] [2026-05-21T04:19:40.087Z] E0521 07:19:40.087380   32040 watch.go:116] watchAllDir unable to walk dir `f:\React\Animation\Graduation-Project\dataconnect`: GetFileAttributesEx f:\React\Animation\Graduation-Project\dataconnect: The system cannot find the file specified.
E0521 07:19:40.087380   32040 watch.go:40] Failed to load config from "f:\\React\\Animation\\Graduation-Project\\dataconnect": could not find dataconnect.yaml in `f:\React\Animation\Graduation-Project\dataconnect`
 {"metadata":{"emulator":{"name":"dataconnect"},"message":"E0521 07:19:40.087380   32040 watch.go:116] watchAllDir unable to walk dir `f:\\React\\Animation\\Graduation-Project\\dataconnect`: GetFileAttributesEx f:\\React\\Animation\\Graduation-Project\\dataconnect: The system cannot find the file specified.\nE0521 07:19:40.087380   32040 watch.go:40] Failed to load config from \"f:\\\\React\\\\Animation\\\\Graduation-Project\\\\dataconnect\": could not find dataconnect.yaml in `f:\\React\\Animation\\Graduation-Project\\dataconnect`\n"}}
[debug] [2026-05-21T04:19:50.087Z] E0521 07:19:50.087098   32040 watch.go:40] Failed to load config from "f:\\React\\Animation\\Graduation-Project\\dataconnect": could not find dataconnect.yaml in `f:\React\Animation\Graduation-Project\dataconnect`
 {"metadata":{"emulator":{"name":"dataconnect"},"message":"E0521 07:19:50.087098   32040 watch.go:40] Failed to load config from \"f:\\\\React\\\\Animation\\\\Graduation-Project\\\\dataconnect\": could not find dataconnect.yaml in `f:\\React\\Animation\\Graduation-Project\\dataconnect`\n"}}
[debug] [2026-05-21T04:20:00.087Z] E0521 07:20:00.087121   32040 watch.go:40] Failed to load config from "f:\\React\\Animation\\Graduation-Project\\dataconnect": could not find dataconnect.yaml in `f:\React\Animation\Graduation-Project\dataconnect`
 {"metadata":{"emulator":{"name":"dataconnect"},"message":"E0521 07:20:00.087121   32040 watch.go:40] Failed to load config from \"f:\\\\React\\\\Animation\\\\Graduation-Project\\\\dataconnect\": could not find dataconnect.yaml in `f:\\React\\Animation\\Graduation-Project\\dataconnect`\n"}}
[debug] [2026-05-21T04:20:10.087Z] E0521 07:20:10.087646   32040 watch.go:40] Failed to load config from "f:\\React\\Animation\\Graduation-Project\\dataconnect": could not find dataconnect.yaml in `f:\React\Animation\Graduation-Project\dataconnect`
 {"metadata":{"emulator":{"name":"dataconnect"},"message":"E0521 07:20:10.087646   32040 watch.go:40] Failed to load config from \"f:\\\\React\\\\Animation\\\\Graduation-Project\\\\dataconnect\": could not find dataconnect.yaml in `f:\\React\\Animation\\Graduation-Project\\dataconnect`\n"}}
[debug] [2026-05-21T04:20:20.087Z] E0521 07:20:20.087332   32040 watch.go:40] Failed to load config from "f:\\React\\Animation\\Graduation-Project\\dataconnect": could not find dataconnect.yaml in `f:\React\Animation\Graduation-Project\dataconnect`
 {"metadata":{"emulator":{"name":"dataconnect"},"message":"E0521 07:20:20.087332   32040 watch.go:40] Failed to load config from \"f:\\\\React\\\\Animation\\\\Graduation-Project\\\\dataconnect\": could not find dataconnect.yaml in `f:\\React\\Animation\\Graduation-Project\\dataconnect`\n"}}
[debug] [2026-05-21T04:20:30.087Z] E0521 07:20:30.087589   32040 watch.go:40] Failed to load config from "f:\\React\\Animation\\Graduation-Project\\dataconnect": could not find dataconnect.yaml in `f:\React\Animation\Graduation-Project\dataconnect`
 {"metadata":{"emulator":{"name":"dataconnect"},"message":"E0521 07:20:30.087589   32040 watch.go:40] Failed to load config from \"f:\\\\React\\\\Animation\\\\Graduation-Project\\\\dataconnect\": could not find dataconnect.yaml in `f:\\React\\Animation\\Graduation-Project\\dataconnect`\n"}}
[debug] [2026-05-21T04:20:40.087Z] E0521 07:20:40.087148   32040 watch.go:116] watchAllDir unable to walk dir `f:\React\Animation\Graduation-Project\dataconnect`: GetFileAttributesEx f:\React\Animation\Graduation-Project\dataconnect: The system cannot find the file specified.
E0521 07:20:40.087148   32040 watch.go:40] Failed to load config from "f:\\React\\Animation\\Graduation-Project\\dataconnect": could not find dataconnect.yaml in `f:\React\Animation\Graduation-Project\dataconnect`
 {"metadata":{"emulator":{"name":"dataconnect"},"message":"E0521 07:20:40.087148   32040 watch.go:116] watchAllDir unable to walk dir `f:\\React\\Animation\\Graduation-Project\\dataconnect`: GetFileAttributesEx f:\\React\\Animation\\Graduation-Project\\dataconnect: The system cannot find the file specified.\nE0521 07:20:40.087148   32040 watch.go:40] Failed to load config from \"f:\\\\React\\\\Animation\\\\Graduation-Project\\\\dataconnect\": could not find dataconnect.yaml in `f:\\React\\Animation\\Graduation-Project\\dataconnect`\n"}}
[debug] [2026-05-21T04:20:50.087Z] E0521 07:20:50.087188   32040 watch.go:40] Failed to load config from "f:\\React\\Animation\\Graduation-Project\\dataconnect": could not find dataconnect.yaml in `f:\React\Animation\Graduation-Project\dataconnect`
 {"metadata":{"emulator":{"name":"dataconnect"},"message":"E0521 07:20:50.087188   32040 watch.go:40] Failed to load config from \"f:\\\\React\\\\Animation\\\\Graduation-Project\\\\dataconnect\": could not find dataconnect.yaml in `f:\\React\\Animation\\Graduation-Project\\dataconnect`\n"}}
[debug] [2026-05-21T04:21:00.087Z] E0521 07:21:00.087221   32040 watch.go:40] Failed to load config from "f:\\React\\Animation\\Graduation-Project\\dataconnect": could not find dataconnect.yaml in `f:\React\Animation\Graduation-Project\dataconnect`
 {"metadata":{"emulator":{"name":"dataconnect"},"message":"E0521 07:21:00.087221   32040 watch.go:40] Failed to load config from \"f:\\\\React\\\\Animation\\\\Graduation-Project\\\\dataconnect\": could not find dataconnect.yaml in `f:\\React\\Animation\\Graduation-Project\\dataconnect`\n"}}
[debug] [2026-05-21T04:21:10.087Z] E0521 07:21:10.087039   32040 watch.go:40] Failed to load config from "f:\\React\\Animation\\Graduation-Project\\dataconnect": could not find dataconnect.yaml in `f:\React\Animation\Graduation-Project\dataconnect`
 {"metadata":{"emulator":{"name":"dataconnect"},"message":"E0521 07:21:10.087039   32040 watch.go:40] Failed to load config from \"f:\\\\React\\\\Animation\\\\Graduation-Project\\\\dataconnect\": could not find dataconnect.yaml in `f:\\React\\Animation\\Graduation-Project\\dataconnect`\n"}}
[debug] [2026-05-21T04:21:20.087Z] E0521 07:21:20.087291   32040 watch.go:40] Failed to load config from "f:\\React\\Animation\\Graduation-Project\\dataconnect": could not find dataconnect.yaml in `f:\React\Animation\Graduation-Project\dataconnect`
 {"metadata":{"emulator":{"name":"dataconnect"},"message":"E0521 07:21:20.087291   32040 watch.go:40] Failed to load config from \"f:\\\\React\\\\Animation\\\\Graduation-Project\\\\dataconnect\": could not find dataconnect.yaml in `f:\\React\\Animation\\Graduation-Project\\dataconnect`\n"}}
[debug] [2026-05-21T04:21:30.087Z] E0521 07:21:30.087069   32040 watch.go:40] Failed to load config from "f:\\React\\Animation\\Graduation-Project\\dataconnect": could not find dataconnect.yaml in `f:\React\Animation\Graduation-Project\dataconnect`
 {"metadata":{"emulator":{"name":"dataconnect"},"message":"E0521 07:21:30.087069   32040 watch.go:40] Failed to load config from \"f:\\\\React\\\\Animation\\\\Graduation-Project\\\\dataconnect\": could not find dataconnect.yaml in `f:\\React\\Animation\\Graduation-Project\\dataconnect`\n"}}
[debug] [2026-05-21T04:21:40.087Z] E0521 07:21:40.087147   32040 watch.go:116] watchAllDir unable to walk dir `f:\React\Animation\Graduation-Project\dataconnect`: GetFileAttributesEx f:\React\Animation\Graduation-Project\dataconnect: The system cannot find the file specified.
 {"metadata":{"emulator":{"name":"dataconnect"},"message":"E0521 07:21:40.087147   32040 watch.go:116] watchAllDir unable to walk dir `f:\\React\\Animation\\Graduation-Project\\dataconnect`: GetFileAttributesEx f:\\React\\Animation\\Graduation-Project\\dataconnect: The system cannot find the file specified.\n"}}
[debug] [2026-05-21T04:21:40.088Z] E0521 07:21:40.087147   32040 watch.go:40] Failed to load config from "f:\\React\\Animation\\Graduation-Project\\dataconnect": could not find dataconnect.yaml in `f:\React\Animation\Graduation-Project\dataconnect`
 {"metadata":{"emulator":{"name":"dataconnect"},"message":"E0521 07:21:40.087147   32040 watch.go:40] Failed to load config from \"f:\\\\React\\\\Animation\\\\Graduation-Project\\\\dataconnect\": could not find dataconnect.yaml in `f:\\React\\Animation\\Graduation-Project\\dataconnect`\n"}}
[debug] [2026-05-21T04:21:50.087Z] E0521 07:21:50.087156   32040 watch.go:40] Failed to load config from "f:\\React\\Animation\\Graduation-Project\\dataconnect": could not find dataconnect.yaml in `f:\React\Animation\Graduation-Project\dataconnect`
 {"metadata":{"emulator":{"name":"dataconnect"},"message":"E0521 07:21:50.087156   32040 watch.go:40] Failed to load config from \"f:\\\\React\\\\Animation\\\\Graduation-Project\\\\dataconnect\": could not find dataconnect.yaml in `f:\\React\\Animation\\Graduation-Project\\dataconnect`\n"}}
[debug] [2026-05-21T04:22:00.087Z] E0521 07:22:00.087359   32040 watch.go:40] Failed to load config from "f:\\React\\Animation\\Graduation-Project\\dataconnect": could not find dataconnect.yaml in `f:\React\Animation\Graduation-Project\dataconnect`
 {"metadata":{"emulator":{"name":"dataconnect"},"message":"E0521 07:22:00.087359   32040 watch.go:40] Failed to load config from \"f:\\\\React\\\\Animation\\\\Graduation-Project\\\\dataconnect\": could not find dataconnect.yaml in `f:\\React\\Animation\\Graduation-Project\\dataconnect`\n"}}
[debug] [2026-05-21T04:22:10.087Z] E0521 07:22:10.087125   32040 watch.go:40] Failed to load config from "f:\\React\\Animation\\Graduation-Project\\dataconnect": could not find dataconnect.yaml in `f:\React\Animation\Graduation-Project\dataconnect`
 {"metadata":{"emulator":{"name":"dataconnect"},"message":"E0521 07:22:10.087125   32040 watch.go:40] Failed to load config from \"f:\\\\React\\\\Animation\\\\Graduation-Project\\\\dataconnect\": could not find dataconnect.yaml in `f:\\React\\Animation\\Graduation-Project\\dataconnect`\n"}}
[debug] [2026-05-21T04:22:20.087Z] E0521 07:22:20.086943   32040 watch.go:40] Failed to load config from "f:\\React\\Animation\\Graduation-Project\\dataconnect": could not find dataconnect.yaml in `f:\React\Animation\Graduation-Project\dataconnect`
 {"metadata":{"emulator":{"name":"dataconnect"},"message":"E0521 07:22:20.086943   32040 watch.go:40] Failed to load config from \"f:\\\\React\\\\Animation\\\\Graduation-Project\\\\dataconnect\": could not find dataconnect.yaml in `f:\\React\\Animation\\Graduation-Project\\dataconnect`\n"}}
[debug] [2026-05-21T04:22:30.087Z] E0521 07:22:30.087052   32040 watch.go:40] Failed to load config from "f:\\React\\Animation\\Graduation-Project\\dataconnect": could not find dataconnect.yaml in `f:\React\Animation\Graduation-Project\dataconnect`
 {"metadata":{"emulator":{"name":"dataconnect"},"message":"E0521 07:22:30.087052   32040 watch.go:40] Failed to load config from \"f:\\\\React\\\\Animation\\\\Graduation-Project\\\\dataconnect\": could not find dataconnect.yaml in `f:\\React\\Animation\\Graduation-Project\\dataconnect`\n"}}
[debug] [2026-05-21T04:22:40.087Z] E0521 07:22:40.087331   32040 watch.go:116] watchAllDir unable to walk dir `f:\React\Animation\Graduation-Project\dataconnect`: GetFileAttributesEx f:\React\Animation\Graduation-Project\dataconnect: The system cannot find the file specified.
E0521 07:22:40.087331   32040 watch.go:40] Failed to load config from "f:\\React\\Animation\\Graduation-Project\\dataconnect": could not find dataconnect.yaml in `f:\React\Animation\Graduation-Project\dataconnect`
 {"metadata":{"emulator":{"name":"dataconnect"},"message":"E0521 07:22:40.087331   32040 watch.go:116] watchAllDir unable to walk dir `f:\\React\\Animation\\Graduation-Project\\dataconnect`: GetFileAttributesEx f:\\React\\Animation\\Graduation-Project\\dataconnect: The system cannot find the file specified.\nE0521 07:22:40.087331   32040 watch.go:40] Failed to load config from \"f:\\\\React\\\\Animation\\\\Graduation-Project\\\\dataconnect\": could not find dataconnect.yaml in `f:\\React\\Animation\\Graduation-Project\\dataconnect`\n"}}
[debug] [2026-05-21T04:22:50.087Z] E0521 07:22:50.087375   32040 watch.go:40] Failed to load config from "f:\\React\\Animation\\Graduation-Project\\dataconnect": could not find dataconnect.yaml in `f:\React\Animation\Graduation-Project\dataconnect`
 {"metadata":{"emulator":{"name":"dataconnect"},"message":"E0521 07:22:50.087375   32040 watch.go:40] Failed to load config from \"f:\\\\React\\\\Animation\\\\Graduation-Project\\\\dataconnect\": could not find dataconnect.yaml in `f:\\React\\Animation\\Graduation-Project\\dataconnect`\n"}}
[debug] [2026-05-21T04:23:00.087Z] E0521 07:23:00.087136   32040 watch.go:40] Failed to load config from "f:\\React\\Animation\\Graduation-Project\\dataconnect": could not find dataconnect.yaml in `f:\React\Animation\Graduation-Project\dataconnect`
 {"metadata":{"emulator":{"name":"dataconnect"},"message":"E0521 07:23:00.087136   32040 watch.go:40] Failed to load config from \"f:\\\\React\\\\Animation\\\\Graduation-Project\\\\dataconnect\": could not find dataconnect.yaml in `f:\\React\\Animation\\Graduation-Project\\dataconnect`\n"}}
[debug] [2026-05-21T04:23:10.087Z] E0521 07:23:10.087414   32040 watch.go:40] Failed to load config from "f:\\React\\Animation\\Graduation-Project\\dataconnect": could not find dataconnect.yaml in `f:\React\Animation\Graduation-Project\dataconnect`
 {"metadata":{"emulator":{"name":"dataconnect"},"message":"E0521 07:23:10.087414   32040 watch.go:40] Failed to load config from \"f:\\\\React\\\\Animation\\\\Graduation-Project\\\\dataconnect\": could not find dataconnect.yaml in `f:\\React\\Animation\\Graduation-Project\\dataconnect`\n"}}
[debug] [2026-05-21T04:23:20.087Z] E0521 07:23:20.087310   32040 watch.go:40] Failed to load config from "f:\\React\\Animation\\Graduation-Project\\dataconnect": could not find dataconnect.yaml in `f:\React\Animation\Graduation-Project\dataconnect`
 {"metadata":{"emulator":{"name":"dataconnect"},"message":"E0521 07:23:20.087310   32040 watch.go:40] Failed to load config from \"f:\\\\React\\\\Animation\\\\Graduation-Project\\\\dataconnect\": could not find dataconnect.yaml in `f:\\React\\Animation\\Graduation-Project\\dataconnect`\n"}}
[debug] [2026-05-21T04:23:30.087Z] E0521 07:23:30.087375   32040 watch.go:40] Failed to load config from "f:\\React\\Animation\\Graduation-Project\\dataconnect": could not find dataconnect.yaml in `f:\React\Animation\Graduation-Project\dataconnect`
 {"metadata":{"emulator":{"name":"dataconnect"},"message":"E0521 07:23:30.087375   32040 watch.go:40] Failed to load config from \"f:\\\\React\\\\Animation\\\\Graduation-Project\\\\dataconnect\": could not find dataconnect.yaml in `f:\\React\\Animation\\Graduation-Project\\dataconnect`\n"}}
[debug] [2026-05-21T04:23:40.087Z] E0521 07:23:40.087384   32040 watch.go:116] watchAllDir unable to walk dir `f:\React\Animation\Graduation-Project\dataconnect`: GetFileAttributesEx f:\React\Animation\Graduation-Project\dataconnect: The system cannot find the file specified.
E0521 07:23:40.087384   32040 watch.go:40] Failed to load config from "f:\\React\\Animation\\Graduation-Project\\dataconnect": could not find dataconnect.yaml in `f:\React\Animation\Graduation-Project\dataconnect`
 {"metadata":{"emulator":{"name":"dataconnect"},"message":"E0521 07:23:40.087384   32040 watch.go:116] watchAllDir unable to walk dir `f:\\React\\Animation\\Graduation-Project\\dataconnect`: GetFileAttributesEx f:\\React\\Animation\\Graduation-Project\\dataconnect: The system cannot find the file specified.\nE0521 07:23:40.087384   32040 watch.go:40] Failed to load config from \"f:\\\\React\\\\Animation\\\\Graduation-Project\\\\dataconnect\": could not find dataconnect.yaml in `f:\\React\\Animation\\Graduation-Project\\dataconnect`\n"}}
[debug] [2026-05-21T04:23:50.087Z] E0521 07:23:50.087244   32040 watch.go:40] Failed to load config from "f:\\React\\Animation\\Graduation-Project\\dataconnect": could not find dataconnect.yaml in `f:\React\Animation\Graduation-Project\dataconnect`
 {"metadata":{"emulator":{"name":"dataconnect"},"message":"E0521 07:23:50.087244   32040 watch.go:40] Failed to load config from \"f:\\\\React\\\\Animation\\\\Graduation-Project\\\\dataconnect\": could not find dataconnect.yaml in `f:\\React\\Animation\\Graduation-Project\\dataconnect`\n"}}
[debug] [2026-05-21T04:24:00.087Z] E0521 07:24:00.087149   32040 watch.go:40] Failed to load config from "f:\\React\\Animation\\Graduation-Project\\dataconnect": could not find dataconnect.yaml in `f:\React\Animation\Graduation-Project\dataconnect`
 {"metadata":{"emulator":{"name":"dataconnect"},"message":"E0521 07:24:00.087149   32040 watch.go:40] Failed to load config from \"f:\\\\React\\\\Animation\\\\Graduation-Project\\\\dataconnect\": could not find dataconnect.yaml in `f:\\React\\Animation\\Graduation-Project\\dataconnect`\n"}}
[debug] [2026-05-21T04:24:10.087Z] E0521 07:24:10.087272   32040 watch.go:40] Failed to load config from "f:\\React\\Animation\\Graduation-Project\\dataconnect": could not find dataconnect.yaml in `f:\React\Animation\Graduation-Project\dataconnect`
 {"metadata":{"emulator":{"name":"dataconnect"},"message":"E0521 07:24:10.087272   32040 watch.go:40] Failed to load config from \"f:\\\\React\\\\Animation\\\\Graduation-Project\\\\dataconnect\": could not find dataconnect.yaml in `f:\\React\\Animation\\Graduation-Project\\dataconnect`\n"}}
[debug] [2026-05-21T04:24:20.087Z] E0521 07:24:20.086985   32040 watch.go:40] Failed to load config from "f:\\React\\Animation\\Graduation-Project\\dataconnect": could not find dataconnect.yaml in `f:\React\Animation\Graduation-Project\dataconnect`
 {"metadata":{"emulator":{"name":"dataconnect"},"message":"E0521 07:24:20.086985   32040 watch.go:40] Failed to load config from \"f:\\\\React\\\\Animation\\\\Graduation-Project\\\\dataconnect\": could not find dataconnect.yaml in `f:\\React\\Animation\\Graduation-Project\\dataconnect`\n"}}
[debug] [2026-05-21T04:24:30.087Z] E0521 07:24:30.087185   32040 watch.go:40] Failed to load config from "f:\\React\\Animation\\Graduation-Project\\dataconnect": could not find dataconnect.yaml in `f:\React\Animation\Graduation-Project\dataconnect`
 {"metadata":{"emulator":{"name":"dataconnect"},"message":"E0521 07:24:30.087185   32040 watch.go:40] Failed to load config from \"f:\\\\React\\\\Animation\\\\Graduation-Project\\\\dataconnect\": could not find dataconnect.yaml in `f:\\React\\Animation\\Graduation-Project\\dataconnect`\n"}}
[debug] [2026-05-21T04:24:40.087Z] E0521 07:24:40.087185   32040 watch.go:116] watchAllDir unable to walk dir `f:\React\Animation\Graduation-Project\dataconnect`: GetFileAttributesEx f:\React\Animation\Graduation-Project\dataconnect: The system cannot find the file specified.
E0521 07:24:40.087185   32040 watch.go:40] Failed to load config from "f:\\React\\Animation\\Graduation-Project\\dataconnect": could not find dataconnect.yaml in `f:\React\Animation\Graduation-Project\dataconnect`
 {"metadata":{"emulator":{"name":"dataconnect"},"message":"E0521 07:24:40.087185   32040 watch.go:116] watchAllDir unable to walk dir `f:\\React\\Animation\\Graduation-Project\\dataconnect`: GetFileAttributesEx f:\\React\\Animation\\Graduation-Project\\dataconnect: The system cannot find the file specified.\nE0521 07:24:40.087185   32040 watch.go:40] Failed to load config from \"f:\\\\React\\\\Animation\\\\Graduation-Project\\\\dataconnect\": could not find dataconnect.yaml in `f:\\React\\Animation\\Graduation-Project\\dataconnect`\n"}}
[debug] [2026-05-21T04:24:50.087Z] E0521 07:24:50.087422   32040 watch.go:40] Failed to load config from "f:\\React\\Animation\\Graduation-Project\\dataconnect": could not find dataconnect.yaml in `f:\React\Animation\Graduation-Project\dataconnect`
 {"metadata":{"emulator":{"name":"dataconnect"},"message":"E0521 07:24:50.087422   32040 watch.go:40] Failed to load config from \"f:\\\\React\\\\Animation\\\\Graduation-Project\\\\dataconnect\": could not find dataconnect.yaml in `f:\\React\\Animation\\Graduation-Project\\dataconnect`\n"}}
[debug] [2026-05-21T04:25:00.087Z] E0521 07:25:00.087444   32040 watch.go:40] Failed to load config from "f:\\React\\Animation\\Graduation-Project\\dataconnect": could not find dataconnect.yaml in `f:\React\Animation\Graduation-Project\dataconnect`
 {"metadata":{"emulator":{"name":"dataconnect"},"message":"E0521 07:25:00.087444   32040 watch.go:40] Failed to load config from \"f:\\\\React\\\\Animation\\\\Graduation-Project\\\\dataconnect\": could not find dataconnect.yaml in `f:\\React\\Animation\\Graduation-Project\\dataconnect`\n"}}
[debug] [2026-05-21T04:25:10.087Z] E0521 07:25:10.087151   32040 watch.go:40] Failed to load config from "f:\\React\\Animation\\Graduation-Project\\dataconnect": could not find dataconnect.yaml in `f:\React\Animation\Graduation-Project\dataconnect`
 {"metadata":{"emulator":{"name":"dataconnect"},"message":"E0521 07:25:10.087151   32040 watch.go:40] Failed to load config from \"f:\\\\React\\\\Animation\\\\Graduation-Project\\\\dataconnect\": could not find dataconnect.yaml in `f:\\React\\Animation\\Graduation-Project\\dataconnect`\n"}}
[debug] [2026-05-21T04:25:20.087Z] E0521 07:25:20.086948   32040 watch.go:40] Failed to load config from "f:\\React\\Animation\\Graduation-Project\\dataconnect": could not find dataconnect.yaml in `f:\React\Animation\Graduation-Project\dataconnect`
 {"metadata":{"emulator":{"name":"dataconnect"},"message":"E0521 07:25:20.086948   32040 watch.go:40] Failed to load config from \"f:\\\\React\\\\Animation\\\\Graduation-Project\\\\dataconnect\": could not find dataconnect.yaml in `f:\\React\\Animation\\Graduation-Project\\dataconnect`\n"}}
[debug] [2026-05-21T04:25:30.087Z] E0521 07:25:30.087058   32040 watch.go:40] Failed to load config from "f:\\React\\Animation\\Graduation-Project\\dataconnect": could not find dataconnect.yaml in `f:\React\Animation\Graduation-Project\dataconnect`
 {"metadata":{"emulator":{"name":"dataconnect"},"message":"E0521 07:25:30.087058   32040 watch.go:40] Failed to load config from \"f:\\\\React\\\\Animation\\\\Graduation-Project\\\\dataconnect\": could not find dataconnect.yaml in `f:\\React\\Animation\\Graduation-Project\\dataconnect`\n"}}
[debug] [2026-05-21T04:25:40.087Z] E0521 07:25:40.087384   32040 watch.go:116] watchAllDir unable to walk dir `f:\React\Animation\Graduation-Project\dataconnect`: GetFileAttributesEx f:\React\Animation\Graduation-Project\dataconnect: The system cannot find the file specified.
E0521 07:25:40.087384   32040 watch.go:40] Failed to load config from "f:\\React\\Animation\\Graduation-Project\\dataconnect": could not find dataconnect.yaml in `f:\React\Animation\Graduation-Project\dataconnect`
 {"metadata":{"emulator":{"name":"dataconnect"},"message":"E0521 07:25:40.087384   32040 watch.go:116] watchAllDir unable to walk dir `f:\\React\\Animation\\Graduation-Project\\dataconnect`: GetFileAttributesEx f:\\React\\Animation\\Graduation-Project\\dataconnect: The system cannot find the file specified.\nE0521 07:25:40.087384   32040 watch.go:40] Failed to load config from \"f:\\\\React\\\\Animation\\\\Graduation-Project\\\\dataconnect\": could not find dataconnect.yaml in `f:\\React\\Animation\\Graduation-Project\\dataconnect`\n"}}
[debug] [2026-05-21T04:25:50.087Z] E0521 07:25:50.087453   32040 watch.go:40] Failed to load config from "f:\\React\\Animation\\Graduation-Project\\dataconnect": could not find dataconnect.yaml in `f:\React\Animation\Graduation-Project\dataconnect`
 {"metadata":{"emulator":{"name":"dataconnect"},"message":"E0521 07:25:50.087453   32040 watch.go:40] Failed to load config from \"f:\\\\React\\\\Animation\\\\Graduation-Project\\\\dataconnect\": could not find dataconnect.yaml in `f:\\React\\Animation\\Graduation-Project\\dataconnect`\n"}}
[debug] [2026-05-21T04:26:00.087Z] E0521 07:26:00.087171   32040 watch.go:40] Failed to load config from "f:\\React\\Animation\\Graduation-Project\\dataconnect": could not find dataconnect.yaml in `f:\React\Animation\Graduation-Project\dataconnect`
 {"metadata":{"emulator":{"name":"dataconnect"},"message":"E0521 07:26:00.087171   32040 watch.go:40] Failed to load config from \"f:\\\\React\\\\Animation\\\\Graduation-Project\\\\dataconnect\": could not find dataconnect.yaml in `f:\\React\\Animation\\Graduation-Project\\dataconnect`\n"}}
[debug] [2026-05-21T04:26:10.087Z] E0521 07:26:10.087319   32040 watch.go:40] Failed to load config from "f:\\React\\Animation\\Graduation-Project\\dataconnect": could not find dataconnect.yaml in `f:\React\Animation\Graduation-Project\dataconnect`
 {"metadata":{"emulator":{"name":"dataconnect"},"message":"E0521 07:26:10.087319   32040 watch.go:40] Failed to load config from \"f:\\\\React\\\\Animation\\\\Graduation-Project\\\\dataconnect\": could not find dataconnect.yaml in `f:\\React\\Animation\\Graduation-Project\\dataconnect`\n"}}
[debug] [2026-05-21T04:26:20.087Z] E0521 07:26:20.087432   32040 watch.go:40] Failed to load config from "f:\\React\\Animation\\Graduation-Project\\dataconnect": could not find dataconnect.yaml in `f:\React\Animation\Graduation-Project\dataconnect`
 {"metadata":{"emulator":{"name":"dataconnect"},"message":"E0521 07:26:20.087432   32040 watch.go:40] Failed to load config from \"f:\\\\React\\\\Animation\\\\Graduation-Project\\\\dataconnect\": could not find dataconnect.yaml in `f:\\React\\Animation\\Graduation-Project\\dataconnect`\n"}}
[debug] [2026-05-21T04:26:30.087Z] E0521 07:26:30.087385   32040 watch.go:40] Failed to load config from "f:\\React\\Animation\\Graduation-Project\\dataconnect": could not find dataconnect.yaml in `f:\React\Animation\Graduation-Project\dataconnect`
 {"metadata":{"emulator":{"name":"dataconnect"},"message":"E0521 07:26:30.087385   32040 watch.go:40] Failed to load config from \"f:\\\\React\\\\Animation\\\\Graduation-Project\\\\dataconnect\": could not find dataconnect.yaml in `f:\\React\\Animation\\Graduation-Project\\dataconnect`\n"}}
[debug] [2026-05-21T04:26:40.086Z] E0521 07:26:40.087037   32040 watch.go:116] watchAllDir unable to walk dir `f:\React\Animation\Graduation-Project\dataconnect`: GetFileAttributesEx f:\React\Animation\Graduation-Project\dataconnect: The system cannot find the file specified.
E0521 07:26:40.087037   32040 watch.go:40] Failed to load config from "f:\\React\\Animation\\Graduation-Project\\dataconnect": could not find dataconnect.yaml in `f:\React\Animation\Graduation-Project\dataconnect`
 {"metadata":{"emulator":{"name":"dataconnect"},"message":"E0521 07:26:40.087037   32040 watch.go:116] watchAllDir unable to walk dir `f:\\React\\Animation\\Graduation-Project\\dataconnect`: GetFileAttributesEx f:\\React\\Animation\\Graduation-Project\\dataconnect: The system cannot find the file specified.\nE0521 07:26:40.087037   32040 watch.go:40] Failed to load config from \"f:\\\\React\\\\Animation\\\\Graduation-Project\\\\dataconnect\": could not find dataconnect.yaml in `f:\\React\\Animation\\Graduation-Project\\dataconnect`\n"}}
[debug] [2026-05-21T04:26:50.086Z] E0521 07:26:50.087122   32040 watch.go:40] Failed to load config from "f:\\React\\Animation\\Graduation-Project\\dataconnect": could not find dataconnect.yaml in `f:\React\Animation\Graduation-Project\dataconnect`
 {"metadata":{"emulator":{"name":"dataconnect"},"message":"E0521 07:26:50.087122   32040 watch.go:40] Failed to load config from \"f:\\\\React\\\\Animation\\\\Graduation-Project\\\\dataconnect\": could not find dataconnect.yaml in `f:\\React\\Animation\\Graduation-Project\\dataconnect`\n"}}
[debug] [2026-05-21T04:27:00.086Z] E0521 07:27:00.086988   32040 watch.go:40] Failed to load config from "f:\\React\\Animation\\Graduation-Project\\dataconnect": could not find dataconnect.yaml in `f:\React\Animation\Graduation-Project\dataconnect`
 {"metadata":{"emulator":{"name":"dataconnect"},"message":"E0521 07:27:00.086988   32040 watch.go:40] Failed to load config from \"f:\\\\React\\\\Animation\\\\Graduation-Project\\\\dataconnect\": could not find dataconnect.yaml in `f:\\React\\Animation\\Graduation-Project\\dataconnect`\n"}}
[debug] [2026-05-21T04:27:10.086Z] E0521 07:27:10.087047   32040 watch.go:40] Failed to load config from "f:\\React\\Animation\\Graduation-Project\\dataconnect": could not find dataconnect.yaml in `f:\React\Animation\Graduation-Project\dataconnect`
 {"metadata":{"emulator":{"name":"dataconnect"},"message":"E0521 07:27:10.087047   32040 watch.go:40] Failed to load config from \"f:\\\\React\\\\Animation\\\\Graduation-Project\\\\dataconnect\": could not find dataconnect.yaml in `f:\\React\\Animation\\Graduation-Project\\dataconnect`\n"}}
[debug] [2026-05-21T04:27:20.086Z] E0521 07:27:20.087047   32040 watch.go:40] Failed to load config from "f:\\React\\Animation\\Graduation-Project\\dataconnect": could not find dataconnect.yaml in `f:\React\Animation\Graduation-Project\dataconnect`
 {"metadata":{"emulator":{"name":"dataconnect"},"message":"E0521 07:27:20.087047   32040 watch.go:40] Failed to load config from \"f:\\\\React\\\\Animation\\\\Graduation-Project\\\\dataconnect\": could not find dataconnect.yaml in `f:\\React\\Animation\\Graduation-Project\\dataconnect`\n"}}
[debug] [2026-05-21T04:27:30.087Z] E0521 07:27:30.087181   32040 watch.go:40] Failed to load config from "f:\\React\\Animation\\Graduation-Project\\dataconnect": could not find dataconnect.yaml in `f:\React\Animation\Graduation-Project\dataconnect`
 {"metadata":{"emulator":{"name":"dataconnect"},"message":"E0521 07:27:30.087181   32040 watch.go:40] Failed to load config from \"f:\\\\React\\\\Animation\\\\Graduation-Project\\\\dataconnect\": could not find dataconnect.yaml in `f:\\React\\Animation\\Graduation-Project\\dataconnect`\n"}}
[debug] [2026-05-21T04:27:40.086Z] E0521 07:27:40.086931   32040 watch.go:116] watchAllDir unable to walk dir `f:\React\Animation\Graduation-Project\dataconnect`: GetFileAttributesEx f:\React\Animation\Graduation-Project\dataconnect: The system cannot find the file specified.
E0521 07:27:40.086931   32040 watch.go:40] Failed to load config from "f:\\React\\Animation\\Graduation-Project\\dataconnect": could not find dataconnect.yaml in `f:\React\Animation\Graduation-Project\dataconnect`
 {"metadata":{"emulator":{"name":"dataconnect"},"message":"E0521 07:27:40.086931   32040 watch.go:116] watchAllDir unable to walk dir `f:\\React\\Animation\\Graduation-Project\\dataconnect`: GetFileAttributesEx f:\\React\\Animation\\Graduation-Project\\dataconnect: The system cannot find the file specified.\nE0521 07:27:40.086931   32040 watch.go:40] Failed to load config from \"f:\\\\React\\\\Animation\\\\Graduation-Project\\\\dataconnect\": could not find dataconnect.yaml in `f:\\React\\Animation\\Graduation-Project\\dataconnect`\n"}}
[debug] [2026-05-21T04:27:50.087Z] E0521 07:27:50.087426   32040 watch.go:40] Failed to load config from "f:\\React\\Animation\\Graduation-Project\\dataconnect": could not find dataconnect.yaml in `f:\React\Animation\Graduation-Project\dataconnect`
 {"metadata":{"emulator":{"name":"dataconnect"},"message":"E0521 07:27:50.087426   32040 watch.go:40] Failed to load config from \"f:\\\\React\\\\Animation\\\\Graduation-Project\\\\dataconnect\": could not find dataconnect.yaml in `f:\\React\\Animation\\Graduation-Project\\dataconnect`\n"}}
[debug] [2026-05-21T04:28:00.087Z] E0521 07:28:00.087210   32040 watch.go:40] Failed to load config from "f:\\React\\Animation\\Graduation-Project\\dataconnect": could not find dataconnect.yaml in `f:\React\Animation\Graduation-Project\dataconnect`
 {"metadata":{"emulator":{"name":"dataconnect"},"message":"E0521 07:28:00.087210   32040 watch.go:40] Failed to load config from \"f:\\\\React\\\\Animation\\\\Graduation-Project\\\\dataconnect\": could not find dataconnect.yaml in `f:\\React\\Animation\\Graduation-Project\\dataconnect`\n"}}
[debug] [2026-05-21T04:28:10.087Z] E0521 07:28:10.088061   32040 watch.go:40] Failed to load config from "f:\\React\\Animation\\Graduation-Project\\dataconnect": could not find dataconnect.yaml in `f:\React\Animation\Graduation-Project\dataconnect`
 {"metadata":{"emulator":{"name":"dataconnect"},"message":"E0521 07:28:10.088061   32040 watch.go:40] Failed to load config from \"f:\\\\React\\\\Animation\\\\Graduation-Project\\\\dataconnect\": could not find dataconnect.yaml in `f:\\React\\Animation\\Graduation-Project\\dataconnect`\n"}}
[debug] [2026-05-21T04:28:20.087Z] E0521 07:28:20.086923   32040 watch.go:40] Failed to load config from "f:\\React\\Animation\\Graduation-Project\\dataconnect": could not find dataconnect.yaml in `f:\React\Animation\Graduation-Project\dataconnect`
 {"metadata":{"emulator":{"name":"dataconnect"},"message":"E0521 07:28:20.086923   32040 watch.go:40] Failed to load config from \"f:\\\\React\\\\Animation\\\\Graduation-Project\\\\dataconnect\": could not find dataconnect.yaml in `f:\\React\\Animation\\Graduation-Project\\dataconnect`\n"}}
[debug] [2026-05-21T04:28:30.087Z] E0521 07:28:30.087260   32040 watch.go:40] Failed to load config from "f:\\React\\Animation\\Graduation-Project\\dataconnect": could not find dataconnect.yaml in `f:\React\Animation\Graduation-Project\dataconnect`
 {"metadata":{"emulator":{"name":"dataconnect"},"message":"E0521 07:28:30.087260   32040 watch.go:40] Failed to load config from \"f:\\\\React\\\\Animation\\\\Graduation-Project\\\\dataconnect\": could not find dataconnect.yaml in `f:\\React\\Animation\\Graduation-Project\\dataconnect`\n"}}
[debug] [2026-05-21T04:28:40.087Z] E0521 07:28:40.087236   32040 watch.go:116] watchAllDir unable to walk dir `f:\React\Animation\Graduation-Project\dataconnect`: GetFileAttributesEx f:\React\Animation\Graduation-Project\dataconnect: The system cannot find the file specified.
E0521 07:28:40.087236   32040 watch.go:40] Failed to load config from "f:\\React\\Animation\\Graduation-Project\\dataconnect": could not find dataconnect.yaml in `f:\React\Animation\Graduation-Project\dataconnect`
 {"metadata":{"emulator":{"name":"dataconnect"},"message":"E0521 07:28:40.087236   32040 watch.go:116] watchAllDir unable to walk dir `f:\\React\\Animation\\Graduation-Project\\dataconnect`: GetFileAttributesEx f:\\React\\Animation\\Graduation-Project\\dataconnect: The system cannot find the file specified.\nE0521 07:28:40.087236   32040 watch.go:40] Failed to load config from \"f:\\\\React\\\\Animation\\\\Graduation-Project\\\\dataconnect\": could not find dataconnect.yaml in `f:\\React\\Animation\\Graduation-Project\\dataconnect`\n"}}
[debug] [2026-05-21T04:28:50.087Z] E0521 07:28:50.087484   32040 watch.go:40] Failed to load config from "f:\\React\\Animation\\Graduation-Project\\dataconnect": could not find dataconnect.yaml in `f:\React\Animation\Graduation-Project\dataconnect`
 {"metadata":{"emulator":{"name":"dataconnect"},"message":"E0521 07:28:50.087484   32040 watch.go:40] Failed to load config from \"f:\\\\React\\\\Animation\\\\Graduation-Project\\\\dataconnect\": could not find dataconnect.yaml in `f:\\React\\Animation\\Graduation-Project\\dataconnect`\n"}}
[debug] [2026-05-21T04:29:00.087Z] E0521 07:29:00.087161   32040 watch.go:40] Failed to load config from "f:\\React\\Animation\\Graduation-Project\\dataconnect": could not find dataconnect.yaml in `f:\React\Animation\Graduation-Project\dataconnect`
 {"metadata":{"emulator":{"name":"dataconnect"},"message":"E0521 07:29:00.087161   32040 watch.go:40] Failed to load config from \"f:\\\\React\\\\Animation\\\\Graduation-Project\\\\dataconnect\": could not find dataconnect.yaml in `f:\\React\\Animation\\Graduation-Project\\dataconnect`\n"}}
[debug] [2026-05-21T04:29:10.087Z] E0521 07:29:10.087398   32040 watch.go:40] Failed to load config from "f:\\React\\Animation\\Graduation-Project\\dataconnect": could not find dataconnect.yaml in `f:\React\Animation\Graduation-Project\dataconnect`
 {"metadata":{"emulator":{"name":"dataconnect"},"message":"E0521 07:29:10.087398   32040 watch.go:40] Failed to load config from \"f:\\\\React\\\\Animation\\\\Graduation-Project\\\\dataconnect\": could not find dataconnect.yaml in `f:\\React\\Animation\\Graduation-Project\\dataconnect`\n"}}
[debug] [2026-05-21T04:29:20.087Z] E0521 07:29:20.087382   32040 watch.go:40] Failed to load config from "f:\\React\\Animation\\Graduation-Project\\dataconnect": could not find dataconnect.yaml in `f:\React\Animation\Graduation-Project\dataconnect`
 {"metadata":{"emulator":{"name":"dataconnect"},"message":"E0521 07:29:20.087382   32040 watch.go:40] Failed to load config from \"f:\\\\React\\\\Animation\\\\Graduation-Project\\\\dataconnect\": could not find dataconnect.yaml in `f:\\React\\Animation\\Graduation-Project\\dataconnect`\n"}}
[debug] [2026-05-21T04:29:30.087Z] E0521 07:29:30.087184   32040 watch.go:40] Failed to load config from "f:\\React\\Animation\\Graduation-Project\\dataconnect": could not find dataconnect.yaml in `f:\React\Animation\Graduation-Project\dataconnect`
 {"metadata":{"emulator":{"name":"dataconnect"},"message":"E0521 07:29:30.087184   32040 watch.go:40] Failed to load config from \"f:\\\\React\\\\Animation\\\\Graduation-Project\\\\dataconnect\": could not find dataconnect.yaml in `f:\\React\\Animation\\Graduation-Project\\dataconnect`\n"}}
[debug] [2026-05-21T04:29:40.092Z] E0521 07:29:40.087752   32040 watch.go:40] Failed to load config from "f:\\React\\Animation\\Graduation-Project\\dataconnect": could not find dataconnect.yaml in `f:\React\Animation\Graduation-Project\dataconnect`
 {"metadata":{"emulator":{"name":"dataconnect"},"message":"E0521 07:29:40.087752   32040 watch.go:40] Failed to load config from \"f:\\\\React\\\\Animation\\\\Graduation-Project\\\\dataconnect\": could not find dataconnect.yaml in `f:\\React\\Animation\\Graduation-Project\\dataconnect`\n"}}
[debug] [2026-05-21T04:29:40.093Z] E0521 07:29:40.092228   32040 watch.go:116] watchAllDir unable to walk dir `f:\React\Animation\Graduation-Project\dataconnect`: GetFileAttributesEx f:\React\Animation\Graduation-Project\dataconnect: The system cannot find the file specified.
 {"metadata":{"emulator":{"name":"dataconnect"},"message":"E0521 07:29:40.092228   32040 watch.go:116] watchAllDir unable to walk dir `f:\\React\\Animation\\Graduation-Project\\dataconnect`: GetFileAttributesEx f:\\React\\Animation\\Graduation-Project\\dataconnect: The system cannot find the file specified.\n"}}
[debug] [2026-05-21T04:29:50.088Z] E0521 07:29:50.087557   32040 watch.go:40] Failed to load config from "f:\\React\\Animation\\Graduation-Project\\dataconnect": could not find dataconnect.yaml in `f:\React\Animation\Graduation-Project\dataconnect`
 {"metadata":{"emulator":{"name":"dataconnect"},"message":"E0521 07:29:50.087557   32040 watch.go:40] Failed to load config from \"f:\\\\React\\\\Animation\\\\Graduation-Project\\\\dataconnect\": could not find dataconnect.yaml in `f:\\React\\Animation\\Graduation-Project\\dataconnect`\n"}}
[debug] [2026-05-21T04:30:00.087Z] E0521 07:30:00.087146   32040 watch.go:40] Failed to load config from "f:\\React\\Animation\\Graduation-Project\\dataconnect": could not find dataconnect.yaml in `f:\React\Animation\Graduation-Project\dataconnect`
 {"metadata":{"emulator":{"name":"dataconnect"},"message":"E0521 07:30:00.087146   32040 watch.go:40] Failed to load config from \"f:\\\\React\\\\Animation\\\\Graduation-Project\\\\dataconnect\": could not find dataconnect.yaml in `f:\\React\\Animation\\Graduation-Project\\dataconnect`\n"}}
[debug] [2026-05-21T04:30:10.087Z] E0521 07:30:10.086990   32040 watch.go:40] Failed to load config from "f:\\React\\Animation\\Graduation-Project\\dataconnect": could not find dataconnect.yaml in `f:\React\Animation\Graduation-Project\dataconnect`
 {"metadata":{"emulator":{"name":"dataconnect"},"message":"E0521 07:30:10.086990   32040 watch.go:40] Failed to load config from \"f:\\\\React\\\\Animation\\\\Graduation-Project\\\\dataconnect\": could not find dataconnect.yaml in `f:\\React\\Animation\\Graduation-Project\\dataconnect`\n"}}
[debug] [2026-05-21T04:30:20.087Z] E0521 07:30:20.087187   32040 watch.go:40] Failed to load config from "f:\\React\\Animation\\Graduation-Project\\dataconnect": could not find dataconnect.yaml in `f:\React\Animation\Graduation-Project\dataconnect`
 {"metadata":{"emulator":{"name":"dataconnect"},"message":"E0521 07:30:20.087187   32040 watch.go:40] Failed to load config from \"f:\\\\React\\\\Animation\\\\Graduation-Project\\\\dataconnect\": could not find dataconnect.yaml in `f:\\React\\Animation\\Graduation-Project\\dataconnect`\n"}}
[debug] [2026-05-21T04:30:30.087Z] E0521 07:30:30.087056   32040 watch.go:40] Failed to load config from "f:\\React\\Animation\\Graduation-Project\\dataconnect": could not find dataconnect.yaml in `f:\React\Animation\Graduation-Project\dataconnect`
 {"metadata":{"emulator":{"name":"dataconnect"},"message":"E0521 07:30:30.087056   32040 watch.go:40] Failed to load config from \"f:\\\\React\\\\Animation\\\\Graduation-Project\\\\dataconnect\": could not find dataconnect.yaml in `f:\\React\\Animation\\Graduation-Project\\dataconnect`\n"}}
[debug] [2026-05-21T04:30:40.087Z] E0521 07:30:40.087347   32040 watch.go:116] watchAllDir unable to walk dir `f:\React\Animation\Graduation-Project\dataconnect`: GetFileAttributesEx f:\React\Animation\Graduation-Project\dataconnect: The system cannot find the file specified.
E0521 07:30:40.087347   32040 watch.go:40] Failed to load config from "f:\\React\\Animation\\Graduation-Project\\dataconnect": could not find dataconnect.yaml in `f:\React\Animation\Graduation-Project\dataconnect`
 {"metadata":{"emulator":{"name":"dataconnect"},"message":"E0521 07:30:40.087347   32040 watch.go:116] watchAllDir unable to walk dir `f:\\React\\Animation\\Graduation-Project\\dataconnect`: GetFileAttributesEx f:\\React\\Animation\\Graduation-Project\\dataconnect: The system cannot find the file specified.\nE0521 07:30:40.087347   32040 watch.go:40] Failed to load config from \"f:\\\\React\\\\Animation\\\\Graduation-Project\\\\dataconnect\": could not find dataconnect.yaml in `f:\\React\\Animation\\Graduation-Project\\dataconnect`\n"}}
[debug] [2026-05-21T04:30:50.087Z] E0521 07:30:50.087164   32040 watch.go:40] Failed to load config from "f:\\React\\Animation\\Graduation-Project\\dataconnect": could not find dataconnect.yaml in `f:\React\Animation\Graduation-Project\dataconnect`
 {"metadata":{"emulator":{"name":"dataconnect"},"message":"E0521 07:30:50.087164   32040 watch.go:40] Failed to load config from \"f:\\\\React\\\\Animation\\\\Graduation-Project\\\\dataconnect\": could not find dataconnect.yaml in `f:\\React\\Animation\\Graduation-Project\\dataconnect`\n"}}
[debug] [2026-05-21T04:31:00.087Z] E0521 07:31:00.087364   32040 watch.go:40] Failed to load config from "f:\\React\\Animation\\Graduation-Project\\dataconnect": could not find dataconnect.yaml in `f:\React\Animation\Graduation-Project\dataconnect`
 {"metadata":{"emulator":{"name":"dataconnect"},"message":"E0521 07:31:00.087364   32040 watch.go:40] Failed to load config from \"f:\\\\React\\\\Animation\\\\Graduation-Project\\\\dataconnect\": could not find dataconnect.yaml in `f:\\React\\Animation\\Graduation-Project\\dataconnect`\n"}}
[debug] [2026-05-21T04:31:10.087Z] E0521 07:31:10.087403   32040 watch.go:40] Failed to load config from "f:\\React\\Animation\\Graduation-Project\\dataconnect": could not find dataconnect.yaml in `f:\React\Animation\Graduation-Project\dataconnect`
 {"metadata":{"emulator":{"name":"dataconnect"},"message":"E0521 07:31:10.087403   32040 watch.go:40] Failed to load config from \"f:\\\\React\\\\Animation\\\\Graduation-Project\\\\dataconnect\": could not find dataconnect.yaml in `f:\\React\\Animation\\Graduation-Project\\dataconnect`\n"}}
[debug] [2026-05-21T04:31:20.087Z] E0521 07:31:20.087188   32040 watch.go:40] Failed to load config from "f:\\React\\Animation\\Graduation-Project\\dataconnect": could not find dataconnect.yaml in `f:\React\Animation\Graduation-Project\dataconnect`
 {"metadata":{"emulator":{"name":"dataconnect"},"message":"E0521 07:31:20.087188   32040 watch.go:40] Failed to load config from \"f:\\\\React\\\\Animation\\\\Graduation-Project\\\\dataconnect\": could not find dataconnect.yaml in `f:\\React\\Animation\\Graduation-Project\\dataconnect`\n"}}
[debug] [2026-05-21T04:31:30.087Z] E0521 07:31:30.086968   32040 watch.go:40] Failed to load config from "f:\\React\\Animation\\Graduation-Project\\dataconnect": could not find dataconnect.yaml in `f:\React\Animation\Graduation-Project\dataconnect`
 {"metadata":{"emulator":{"name":"dataconnect"},"message":"E0521 07:31:30.086968   32040 watch.go:40] Failed to load config from \"f:\\\\React\\\\Animation\\\\Graduation-Project\\\\dataconnect\": could not find dataconnect.yaml in `f:\\React\\Animation\\Graduation-Project\\dataconnect`\n"}}
[debug] [2026-05-21T04:31:40.087Z] E0521 07:31:40.087008   32040 watch.go:40] Failed to load config from "f:\\React\\Animation\\Graduation-Project\\dataconnect": could not find dataconnect.yaml in `f:\React\Animation\Graduation-Project\dataconnect`
 {"metadata":{"emulator":{"name":"dataconnect"},"message":"E0521 07:31:40.087008   32040 watch.go:40] Failed to load config from \"f:\\\\React\\\\Animation\\\\Graduation-Project\\\\dataconnect\": could not find dataconnect.yaml in `f:\\React\\Animation\\Graduation-Project\\dataconnect`\n"}}
[debug] [2026-05-21T04:31:40.088Z] E0521 07:31:40.087008   32040 watch.go:116] watchAllDir unable to walk dir `f:\React\Animation\Graduation-Project\dataconnect`: GetFileAttributesEx f:\React\Animation\Graduation-Project\dataconnect: The system cannot find the file specified.
 {"metadata":{"emulator":{"name":"dataconnect"},"message":"E0521 07:31:40.087008   32040 watch.go:116] watchAllDir unable to walk dir `f:\\React\\Animation\\Graduation-Project\\dataconnect`: GetFileAttributesEx f:\\React\\Animation\\Graduation-Project\\dataconnect: The system cannot find the file specified.\n"}}
[debug] [2026-05-21T04:31:50.087Z] E0521 07:31:50.087376   32040 watch.go:40] Failed to load config from "f:\\React\\Animation\\Graduation-Project\\dataconnect": could not find dataconnect.yaml in `f:\React\Animation\Graduation-Project\dataconnect`
 {"metadata":{"emulator":{"name":"dataconnect"},"message":"E0521 07:31:50.087376   32040 watch.go:40] Failed to load config from \"f:\\\\React\\\\Animation\\\\Graduation-Project\\\\dataconnect\": could not find dataconnect.yaml in `f:\\React\\Animation\\Graduation-Project\\dataconnect`\n"}}
[debug] [2026-05-21T04:32:00.087Z] E0521 07:32:00.087420   32040 watch.go:40] Failed to load config from "f:\\React\\Animation\\Graduation-Project\\dataconnect": could not find dataconnect.yaml in `f:\React\Animation\Graduation-Project\dataconnect`
 {"metadata":{"emulator":{"name":"dataconnect"},"message":"E0521 07:32:00.087420   32040 watch.go:40] Failed to load config from \"f:\\\\React\\\\Animation\\\\Graduation-Project\\\\dataconnect\": could not find dataconnect.yaml in `f:\\React\\Animation\\Graduation-Project\\dataconnect`\n"}}
[debug] [2026-05-21T04:32:10.087Z] E0521 07:32:10.087310   32040 watch.go:40] Failed to load config from "f:\\React\\Animation\\Graduation-Project\\dataconnect": could not find dataconnect.yaml in `f:\React\Animation\Graduation-Project\dataconnect`
 {"metadata":{"emulator":{"name":"dataconnect"},"message":"E0521 07:32:10.087310   32040 watch.go:40] Failed to load config from \"f:\\\\React\\\\Animation\\\\Graduation-Project\\\\dataconnect\": could not find dataconnect.yaml in `f:\\React\\Animation\\Graduation-Project\\dataconnect`\n"}}
[debug] [2026-05-21T04:32:20.087Z] E0521 07:32:20.087012   32040 watch.go:40] Failed to load config from "f:\\React\\Animation\\Graduation-Project\\dataconnect": could not find dataconnect.yaml in `f:\React\Animation\Graduation-Project\dataconnect`
 {"metadata":{"emulator":{"name":"dataconnect"},"message":"E0521 07:32:20.087012   32040 watch.go:40] Failed to load config from \"f:\\\\React\\\\Animation\\\\Graduation-Project\\\\dataconnect\": could not find dataconnect.yaml in `f:\\React\\Animation\\Graduation-Project\\dataconnect`\n"}}
[debug] [2026-05-21T04:32:30.087Z] E0521 07:32:30.087156   32040 watch.go:40] Failed to load config from "f:\\React\\Animation\\Graduation-Project\\dataconnect": could not find dataconnect.yaml in `f:\React\Animation\Graduation-Project\dataconnect`
 {"metadata":{"emulator":{"name":"dataconnect"},"message":"E0521 07:32:30.087156   32040 watch.go:40] Failed to load config from \"f:\\\\React\\\\Animation\\\\Graduation-Project\\\\dataconnect\": could not find dataconnect.yaml in `f:\\React\\Animation\\Graduation-Project\\dataconnect`\n"}}
[debug] [2026-05-21T04:32:40.087Z] E0521 07:32:40.087163   32040 watch.go:116] watchAllDir unable to walk dir `f:\React\Animation\Graduation-Project\dataconnect`: GetFileAttributesEx f:\React\Animation\Graduation-Project\dataconnect: The system cannot find the file specified.
E0521 07:32:40.087163   32040 watch.go:40] Failed to load config from "f:\\React\\Animation\\Graduation-Project\\dataconnect": could not find dataconnect.yaml in `f:\React\Animation\Graduation-Project\dataconnect`
 {"metadata":{"emulator":{"name":"dataconnect"},"message":"E0521 07:32:40.087163   32040 watch.go:116] watchAllDir unable to walk dir `f:\\React\\Animation\\Graduation-Project\\dataconnect`: GetFileAttributesEx f:\\React\\Animation\\Graduation-Project\\dataconnect: The system cannot find the file specified.\nE0521 07:32:40.087163   32040 watch.go:40] Failed to load config from \"f:\\\\React\\\\Animation\\\\Graduation-Project\\\\dataconnect\": could not find dataconnect.yaml in `f:\\React\\Animation\\Graduation-Project\\dataconnect`\n"}}
[debug] [2026-05-21T04:32:50.087Z] E0521 07:32:50.087302   32040 watch.go:40] Failed to load config from "f:\\React\\Animation\\Graduation-Project\\dataconnect": could not find dataconnect.yaml in `f:\React\Animation\Graduation-Project\dataconnect`
 {"metadata":{"emulator":{"name":"dataconnect"},"message":"E0521 07:32:50.087302   32040 watch.go:40] Failed to load config from \"f:\\\\React\\\\Animation\\\\Graduation-Project\\\\dataconnect\": could not find dataconnect.yaml in `f:\\React\\Animation\\Graduation-Project\\dataconnect`\n"}}
[debug] [2026-05-21T04:33:00.087Z] E0521 07:33:00.087033   32040 watch.go:40] Failed to load config from "f:\\React\\Animation\\Graduation-Project\\dataconnect": could not find dataconnect.yaml in `f:\React\Animation\Graduation-Project\dataconnect`
 {"metadata":{"emulator":{"name":"dataconnect"},"message":"E0521 07:33:00.087033   32040 watch.go:40] Failed to load config from \"f:\\\\React\\\\Animation\\\\Graduation-Project\\\\dataconnect\": could not find dataconnect.yaml in `f:\\React\\Animation\\Graduation-Project\\dataconnect`\n"}}
[debug] [2026-05-21T04:33:10.087Z] E0521 07:33:10.087118   32040 watch.go:40] Failed to load config from "f:\\React\\Animation\\Graduation-Project\\dataconnect": could not find dataconnect.yaml in `f:\React\Animation\Graduation-Project\dataconnect`
 {"metadata":{"emulator":{"name":"dataconnect"},"message":"E0521 07:33:10.087118   32040 watch.go:40] Failed to load config from \"f:\\\\React\\\\Animation\\\\Graduation-Project\\\\dataconnect\": could not find dataconnect.yaml in `f:\\React\\Animation\\Graduation-Project\\dataconnect`\n"}}
[debug] [2026-05-21T04:33:20.087Z] E0521 07:33:20.086984   32040 watch.go:40] Failed to load config from "f:\\React\\Animation\\Graduation-Project\\dataconnect": could not find dataconnect.yaml in `f:\React\Animation\Graduation-Project\dataconnect`
 {"metadata":{"emulator":{"name":"dataconnect"},"message":"E0521 07:33:20.086984   32040 watch.go:40] Failed to load config from \"f:\\\\React\\\\Animation\\\\Graduation-Project\\\\dataconnect\": could not find dataconnect.yaml in `f:\\React\\Animation\\Graduation-Project\\dataconnect`\n"}}
[debug] [2026-05-21T04:33:30.088Z] E0521 07:33:30.087353   32040 watch.go:40] Failed to load config from "f:\\React\\Animation\\Graduation-Project\\dataconnect": could not find dataconnect.yaml in `f:\React\Animation\Graduation-Project\dataconnect`
 {"metadata":{"emulator":{"name":"dataconnect"},"message":"E0521 07:33:30.087353   32040 watch.go:40] Failed to load config from \"f:\\\\React\\\\Animation\\\\Graduation-Project\\\\dataconnect\": could not find dataconnect.yaml in `f:\\React\\Animation\\Graduation-Project\\dataconnect`\n"}}
[debug] [2026-05-21T04:33:40.108Z] E0521 07:33:40.087214   32040 watch.go:116] watchAllDir unable to walk dir `f:\React\Animation\Graduation-Project\dataconnect`: GetFileAttributesEx f:\React\Animation\Graduation-Project\dataconnect: The system cannot find the file specified.
E0521 07:33:40.087214   32040 watch.go:40] Failed to load config from "f:\\React\\Animation\\Graduation-Project\\dataconnect": could not find dataconnect.yaml in `f:\React\Animation\Graduation-Project\dataconnect`
 {"metadata":{"emulator":{"name":"dataconnect"},"message":"E0521 07:33:40.087214   32040 watch.go:116] watchAllDir unable to walk dir `f:\\React\\Animation\\Graduation-Project\\dataconnect`: GetFileAttributesEx f:\\React\\Animation\\Graduation-Project\\dataconnect: The system cannot find the file specified.\nE0521 07:33:40.087214   32040 watch.go:40] Failed to load config from \"f:\\\\React\\\\Animation\\\\Graduation-Project\\\\dataconnect\": could not find dataconnect.yaml in `f:\\React\\Animation\\Graduation-Project\\dataconnect`\n"}}
[debug] [2026-05-21T04:33:50.087Z] E0521 07:33:50.087041   32040 watch.go:40] Failed to load config from "f:\\React\\Animation\\Graduation-Project\\dataconnect": could not find dataconnect.yaml in `f:\React\Animation\Graduation-Project\dataconnect`
 {"metadata":{"emulator":{"name":"dataconnect"},"message":"E0521 07:33:50.087041   32040 watch.go:40] Failed to load config from \"f:\\\\React\\\\Animation\\\\Graduation-Project\\\\dataconnect\": could not find dataconnect.yaml in `f:\\React\\Animation\\Graduation-Project\\dataconnect`\n"}}
[debug] [2026-05-21T04:34:00.087Z] E0521 07:34:00.087342   32040 watch.go:40] Failed to load config from "f:\\React\\Animation\\Graduation-Project\\dataconnect": could not find dataconnect.yaml in `f:\React\Animation\Graduation-Project\dataconnect`
 {"metadata":{"emulator":{"name":"dataconnect"},"message":"E0521 07:34:00.087342   32040 watch.go:40] Failed to load config from \"f:\\\\React\\\\Animation\\\\Graduation-Project\\\\dataconnect\": could not find dataconnect.yaml in `f:\\React\\Animation\\Graduation-Project\\dataconnect`\n"}}
[debug] [2026-05-21T04:34:10.087Z] E0521 07:34:10.087352   32040 watch.go:40] Failed to load config from "f:\\React\\Animation\\Graduation-Project\\dataconnect": could not find dataconnect.yaml in `f:\React\Animation\Graduation-Project\dataconnect`
 {"metadata":{"emulator":{"name":"dataconnect"},"message":"E0521 07:34:10.087352   32040 watch.go:40] Failed to load config from \"f:\\\\React\\\\Animation\\\\Graduation-Project\\\\dataconnect\": could not find dataconnect.yaml in `f:\\React\\Animation\\Graduation-Project\\dataconnect`\n"}}
[debug] [2026-05-21T04:34:20.087Z] E0521 07:34:20.087321   32040 watch.go:40] Failed to load config from "f:\\React\\Animation\\Graduation-Project\\dataconnect": could not find dataconnect.yaml in `f:\React\Animation\Graduation-Project\dataconnect`
 {"metadata":{"emulator":{"name":"dataconnect"},"message":"E0521 07:34:20.087321   32040 watch.go:40] Failed to load config from \"f:\\\\React\\\\Animation\\\\Graduation-Project\\\\dataconnect\": could not find dataconnect.yaml in `f:\\React\\Animation\\Graduation-Project\\dataconnect`\n"}}
[debug] [2026-05-21T04:34:30.087Z] E0521 07:34:30.087003   32040 watch.go:40] Failed to load config from "f:\\React\\Animation\\Graduation-Project\\dataconnect": could not find dataconnect.yaml in `f:\React\Animation\Graduation-Project\dataconnect`
 {"metadata":{"emulator":{"name":"dataconnect"},"message":"E0521 07:34:30.087003   32040 watch.go:40] Failed to load config from \"f:\\\\React\\\\Animation\\\\Graduation-Project\\\\dataconnect\": could not find dataconnect.yaml in `f:\\React\\Animation\\Graduation-Project\\dataconnect`\n"}}
[debug] [2026-05-21T04:34:40.087Z] E0521 07:34:40.087249   32040 watch.go:116] watchAllDir unable to walk dir `f:\React\Animation\Graduation-Project\dataconnect`: GetFileAttributesEx f:\React\Animation\Graduation-Project\dataconnect: The system cannot find the file specified.
E0521 07:34:40.087249   32040 watch.go:40] Failed to load config from "f:\\React\\Animation\\Graduation-Project\\dataconnect": could not find dataconnect.yaml in `f:\React\Animation\Graduation-Project\dataconnect`
 {"metadata":{"emulator":{"name":"dataconnect"},"message":"E0521 07:34:40.087249   32040 watch.go:116] watchAllDir unable to walk dir `f:\\React\\Animation\\Graduation-Project\\dataconnect`: GetFileAttributesEx f:\\React\\Animation\\Graduation-Project\\dataconnect: The system cannot find the file specified.\nE0521 07:34:40.087249   32040 watch.go:40] Failed to load config from \"f:\\\\React\\\\Animation\\\\Graduation-Project\\\\dataconnect\": could not find dataconnect.yaml in `f:\\React\\Animation\\Graduation-Project\\dataconnect`\n"}}
[debug] [2026-05-21T04:34:50.087Z] E0521 07:34:50.087364   32040 watch.go:40] Failed to load config from "f:\\React\\Animation\\Graduation-Project\\dataconnect": could not find dataconnect.yaml in `f:\React\Animation\Graduation-Project\dataconnect`
 {"metadata":{"emulator":{"name":"dataconnect"},"message":"E0521 07:34:50.087364   32040 watch.go:40] Failed to load config from \"f:\\\\React\\\\Animation\\\\Graduation-Project\\\\dataconnect\": could not find dataconnect.yaml in `f:\\React\\Animation\\Graduation-Project\\dataconnect`\n"}}
[debug] [2026-05-21T04:35:00.087Z] E0521 07:35:00.087279   32040 watch.go:40] Failed to load config from "f:\\React\\Animation\\Graduation-Project\\dataconnect": could not find dataconnect.yaml in `f:\React\Animation\Graduation-Project\dataconnect`
 {"metadata":{"emulator":{"name":"dataconnect"},"message":"E0521 07:35:00.087279   32040 watch.go:40] Failed to load config from \"f:\\\\React\\\\Animation\\\\Graduation-Project\\\\dataconnect\": could not find dataconnect.yaml in `f:\\React\\Animation\\Graduation-Project\\dataconnect`\n"}}
[debug] [2026-05-21T04:35:10.087Z] E0521 07:35:10.087279   32040 watch.go:40] Failed to load config from "f:\\React\\Animation\\Graduation-Project\\dataconnect": could not find dataconnect.yaml in `f:\React\Animation\Graduation-Project\dataconnect`
 {"metadata":{"emulator":{"name":"dataconnect"},"message":"E0521 07:35:10.087279   32040 watch.go:40] Failed to load config from \"f:\\\\React\\\\Animation\\\\Graduation-Project\\\\dataconnect\": could not find dataconnect.yaml in `f:\\React\\Animation\\Graduation-Project\\dataconnect`\n"}}
[debug] [2026-05-21T04:35:20.087Z] E0521 07:35:20.087505   32040 watch.go:40] Failed to load config from "f:\\React\\Animation\\Graduation-Project\\dataconnect": could not find dataconnect.yaml in `f:\React\Animation\Graduation-Project\dataconnect`
 {"metadata":{"emulator":{"name":"dataconnect"},"message":"E0521 07:35:20.087505   32040 watch.go:40] Failed to load config from \"f:\\\\React\\\\Animation\\\\Graduation-Project\\\\dataconnect\": could not find dataconnect.yaml in `f:\\React\\Animation\\Graduation-Project\\dataconnect`\n"}}
[debug] [2026-05-21T04:35:30.087Z] E0521 07:35:30.087357   32040 watch.go:40] Failed to load config from "f:\\React\\Animation\\Graduation-Project\\dataconnect": could not find dataconnect.yaml in `f:\React\Animation\Graduation-Project\dataconnect`
 {"metadata":{"emulator":{"name":"dataconnect"},"message":"E0521 07:35:30.087357   32040 watch.go:40] Failed to load config from \"f:\\\\React\\\\Animation\\\\Graduation-Project\\\\dataconnect\": could not find dataconnect.yaml in `f:\\React\\Animation\\Graduation-Project\\dataconnect`\n"}}
[debug] [2026-05-21T04:35:40.087Z] E0521 07:35:40.087163   32040 watch.go:116] watchAllDir unable to walk dir `f:\React\Animation\Graduation-Project\dataconnect`: GetFileAttributesEx f:\React\Animation\Graduation-Project\dataconnect: The system cannot find the file specified.
 {"metadata":{"emulator":{"name":"dataconnect"},"message":"E0521 07:35:40.087163   32040 watch.go:116] watchAllDir unable to walk dir `f:\\React\\Animation\\Graduation-Project\\dataconnect`: GetFileAttributesEx f:\\React\\Animation\\Graduation-Project\\dataconnect: The system cannot find the file specified.\n"}}
[debug] [2026-05-21T04:35:40.087Z] E0521 07:35:40.087163   32040 watch.go:40] Failed to load config from "f:\\React\\Animation\\Graduation-Project\\dataconnect": could not find dataconnect.yaml in `f:\React\Animation\Graduation-Project\dataconnect`
 {"metadata":{"emulator":{"name":"dataconnect"},"message":"E0521 07:35:40.087163   32040 watch.go:40] Failed to load config from \"f:\\\\React\\\\Animation\\\\Graduation-Project\\\\dataconnect\": could not find dataconnect.yaml in `f:\\React\\Animation\\Graduation-Project\\dataconnect`\n"}}
[debug] [2026-05-21T04:35:50.087Z] E0521 07:35:50.087188   32040 watch.go:40] Failed to load config from "f:\\React\\Animation\\Graduation-Project\\dataconnect": could not find dataconnect.yaml in `f:\React\Animation\Graduation-Project\dataconnect`
 {"metadata":{"emulator":{"name":"dataconnect"},"message":"E0521 07:35:50.087188   32040 watch.go:40] Failed to load config from \"f:\\\\React\\\\Animation\\\\Graduation-Project\\\\dataconnect\": could not find dataconnect.yaml in `f:\\React\\Animation\\Graduation-Project\\dataconnect`\n"}}
[debug] [2026-05-21T04:36:00.088Z] E0521 07:36:00.087030   32040 watch.go:40] Failed to load config from "f:\\React\\Animation\\Graduation-Project\\dataconnect": could not find dataconnect.yaml in `f:\React\Animation\Graduation-Project\dataconnect`
 {"metadata":{"emulator":{"name":"dataconnect"},"message":"E0521 07:36:00.087030   32040 watch.go:40] Failed to load config from \"f:\\\\React\\\\Animation\\\\Graduation-Project\\\\dataconnect\": could not find dataconnect.yaml in `f:\\React\\Animation\\Graduation-Project\\dataconnect`\n"}}
[debug] [2026-05-21T04:36:10.087Z] E0521 07:36:10.087189   32040 watch.go:40] Failed to load config from "f:\\React\\Animation\\Graduation-Project\\dataconnect": could not find dataconnect.yaml in `f:\React\Animation\Graduation-Project\dataconnect`
 {"metadata":{"emulator":{"name":"dataconnect"},"message":"E0521 07:36:10.087189   32040 watch.go:40] Failed to load config from \"f:\\\\React\\\\Animation\\\\Graduation-Project\\\\dataconnect\": could not find dataconnect.yaml in `f:\\React\\Animation\\Graduation-Project\\dataconnect`\n"}}
[debug] [2026-05-21T04:36:20.087Z] E0521 07:36:20.087103   32040 watch.go:40] Failed to load config from "f:\\React\\Animation\\Graduation-Project\\dataconnect": could not find dataconnect.yaml in `f:\React\Animation\Graduation-Project\dataconnect`
 {"metadata":{"emulator":{"name":"dataconnect"},"message":"E0521 07:36:20.087103   32040 watch.go:40] Failed to load config from \"f:\\\\React\\\\Animation\\\\Graduation-Project\\\\dataconnect\": could not find dataconnect.yaml in `f:\\React\\Animation\\Graduation-Project\\dataconnect`\n"}}
[debug] [2026-05-21T04:36:30.087Z] E0521 07:36:30.087334   32040 watch.go:40] Failed to load config from "f:\\React\\Animation\\Graduation-Project\\dataconnect": could not find dataconnect.yaml in `f:\React\Animation\Graduation-Project\dataconnect`
 {"metadata":{"emulator":{"name":"dataconnect"},"message":"E0521 07:36:30.087334   32040 watch.go:40] Failed to load config from \"f:\\\\React\\\\Animation\\\\Graduation-Project\\\\dataconnect\": could not find dataconnect.yaml in `f:\\React\\Animation\\Graduation-Project\\dataconnect`\n"}}
[debug] [2026-05-21T04:36:40.087Z] E0521 07:36:40.087314   32040 watch.go:116] watchAllDir unable to walk dir `f:\React\Animation\Graduation-Project\dataconnect`: GetFileAttributesEx f:\React\Animation\Graduation-Project\dataconnect: The system cannot find the file specified.
E0521 07:36:40.087314   32040 watch.go:40] Failed to load config from "f:\\React\\Animation\\Graduation-Project\\dataconnect": could not find dataconnect.yaml in `f:\React\Animation\Graduation-Project\dataconnect`
 {"metadata":{"emulator":{"name":"dataconnect"},"message":"E0521 07:36:40.087314   32040 watch.go:116] watchAllDir unable to walk dir `f:\\React\\Animation\\Graduation-Project\\dataconnect`: GetFileAttributesEx f:\\React\\Animation\\Graduation-Project\\dataconnect: The system cannot find the file specified.\nE0521 07:36:40.087314   32040 watch.go:40] Failed to load config from \"f:\\\\React\\\\Animation\\\\Graduation-Project\\\\dataconnect\": could not find dataconnect.yaml in `f:\\React\\Animation\\Graduation-Project\\dataconnect`\n"}}
[debug] [2026-05-21T04:36:50.086Z] E0521 07:36:50.087091   32040 watch.go:40] Failed to load config from "f:\\React\\Animation\\Graduation-Project\\dataconnect": could not find dataconnect.yaml in `f:\React\Animation\Graduation-Project\dataconnect`
 {"metadata":{"emulator":{"name":"dataconnect"},"message":"E0521 07:36:50.087091   32040 watch.go:40] Failed to load config from \"f:\\\\React\\\\Animation\\\\Graduation-Project\\\\dataconnect\": could not find dataconnect.yaml in `f:\\React\\Animation\\Graduation-Project\\dataconnect`\n"}}
[debug] [2026-05-21T04:37:00.086Z] E0521 07:37:00.087138   32040 watch.go:40] Failed to load config from "f:\\React\\Animation\\Graduation-Project\\dataconnect": could not find dataconnect.yaml in `f:\React\Animation\Graduation-Project\dataconnect`
 {"metadata":{"emulator":{"name":"dataconnect"},"message":"E0521 07:37:00.087138   32040 watch.go:40] Failed to load config from \"f:\\\\React\\\\Animation\\\\Graduation-Project\\\\dataconnect\": could not find dataconnect.yaml in `f:\\React\\Animation\\Graduation-Project\\dataconnect`\n"}}
[debug] [2026-05-21T04:37:10.086Z] E0521 07:37:10.087116   32040 watch.go:40] Failed to load config from "f:\\React\\Animation\\Graduation-Project\\dataconnect": could not find dataconnect.yaml in `f:\React\Animation\Graduation-Project\dataconnect`
 {"metadata":{"emulator":{"name":"dataconnect"},"message":"E0521 07:37:10.087116   32040 watch.go:40] Failed to load config from \"f:\\\\React\\\\Animation\\\\Graduation-Project\\\\dataconnect\": could not find dataconnect.yaml in `f:\\React\\Animation\\Graduation-Project\\dataconnect`\n"}}
[debug] [2026-05-21T04:37:20.088Z] E0521 07:37:20.087046   32040 watch.go:40] Failed to load config from "f:\\React\\Animation\\Graduation-Project\\dataconnect": could not find dataconnect.yaml in `f:\React\Animation\Graduation-Project\dataconnect`
 {"metadata":{"emulator":{"name":"dataconnect"},"message":"E0521 07:37:20.087046   32040 watch.go:40] Failed to load config from \"f:\\\\React\\\\Animation\\\\Graduation-Project\\\\dataconnect\": could not find dataconnect.yaml in `f:\\React\\Animation\\Graduation-Project\\dataconnect`\n"}}
[debug] [2026-05-21T04:37:30.087Z] E0521 07:37:30.087256   32040 watch.go:40] Failed to load config from "f:\\React\\Animation\\Graduation-Project\\dataconnect": could not find dataconnect.yaml in `f:\React\Animation\Graduation-Project\dataconnect`
 {"metadata":{"emulator":{"name":"dataconnect"},"message":"E0521 07:37:30.087256   32040 watch.go:40] Failed to load config from \"f:\\\\React\\\\Animation\\\\Graduation-Project\\\\dataconnect\": could not find dataconnect.yaml in `f:\\React\\Animation\\Graduation-Project\\dataconnect`\n"}}
[debug] [2026-05-21T04:37:40.087Z] E0521 07:37:40.087317   32040 watch.go:116] watchAllDir unable to walk dir `f:\React\Animation\Graduation-Project\dataconnect`: GetFileAttributesEx f:\React\Animation\Graduation-Project\dataconnect: The system cannot find the file specified.
E0521 07:37:40.087317   32040 watch.go:40] Failed to load config from "f:\\React\\Animation\\Graduation-Project\\dataconnect": could not find dataconnect.yaml in `f:\React\Animation\Graduation-Project\dataconnect`
 {"metadata":{"emulator":{"name":"dataconnect"},"message":"E0521 07:37:40.087317   32040 watch.go:116] watchAllDir unable to walk dir `f:\\React\\Animation\\Graduation-Project\\dataconnect`: GetFileAttributesEx f:\\React\\Animation\\Graduation-Project\\dataconnect: The system cannot find the file specified.\nE0521 07:37:40.087317   32040 watch.go:40] Failed to load config from \"f:\\\\React\\\\Animation\\\\Graduation-Project\\\\dataconnect\": could not find dataconnect.yaml in `f:\\React\\Animation\\Graduation-Project\\dataconnect`\n"}}
[debug] [2026-05-21T04:37:50.090Z] E0521 07:37:50.087027   32040 watch.go:40] Failed to load config from "f:\\React\\Animation\\Graduation-Project\\dataconnect": could not find dataconnect.yaml in `f:\React\Animation\Graduation-Project\dataconnect`
 {"metadata":{"emulator":{"name":"dataconnect"},"message":"E0521 07:37:50.087027   32040 watch.go:40] Failed to load config from \"f:\\\\React\\\\Animation\\\\Graduation-Project\\\\dataconnect\": could not find dataconnect.yaml in `f:\\React\\Animation\\Graduation-Project\\dataconnect`\n"}}
[debug] [2026-05-21T04:38:00.087Z] E0521 07:38:00.087273   32040 watch.go:40] Failed to load config from "f:\\React\\Animation\\Graduation-Project\\dataconnect": could not find dataconnect.yaml in `f:\React\Animation\Graduation-Project\dataconnect`
 {"metadata":{"emulator":{"name":"dataconnect"},"message":"E0521 07:38:00.087273   32040 watch.go:40] Failed to load config from \"f:\\\\React\\\\Animation\\\\Graduation-Project\\\\dataconnect\": could not find dataconnect.yaml in `f:\\React\\Animation\\Graduation-Project\\dataconnect`\n"}}
[debug] [2026-05-21T04:38:10.088Z] E0521 07:38:10.087698   32040 watch.go:40] Failed to load config from "f:\\React\\Animation\\Graduation-Project\\dataconnect": could not find dataconnect.yaml in `f:\React\Animation\Graduation-Project\dataconnect`
 {"metadata":{"emulator":{"name":"dataconnect"},"message":"E0521 07:38:10.087698   32040 watch.go:40] Failed to load config from \"f:\\\\React\\\\Animation\\\\Graduation-Project\\\\dataconnect\": could not find dataconnect.yaml in `f:\\React\\Animation\\Graduation-Project\\dataconnect`\n"}}
[debug] [2026-05-21T04:38:20.087Z] E0521 07:38:20.087208   32040 watch.go:40] Failed to load config from "f:\\React\\Animation\\Graduation-Project\\dataconnect": could not find dataconnect.yaml in `f:\React\Animation\Graduation-Project\dataconnect`
 {"metadata":{"emulator":{"name":"dataconnect"},"message":"E0521 07:38:20.087208   32040 watch.go:40] Failed to load config from \"f:\\\\React\\\\Animation\\\\Graduation-Project\\\\dataconnect\": could not find dataconnect.yaml in `f:\\React\\Animation\\Graduation-Project\\dataconnect`\n"}}
[debug] [2026-05-21T04:38:30.087Z] E0521 07:38:30.086945   32040 watch.go:40] Failed to load config from "f:\\React\\Animation\\Graduation-Project\\dataconnect": could not find dataconnect.yaml in `f:\React\Animation\Graduation-Project\dataconnect`
 {"metadata":{"emulator":{"name":"dataconnect"},"message":"E0521 07:38:30.086945   32040 watch.go:40] Failed to load config from \"f:\\\\React\\\\Animation\\\\Graduation-Project\\\\dataconnect\": could not find dataconnect.yaml in `f:\\React\\Animation\\Graduation-Project\\dataconnect`\n"}}
[debug] [2026-05-21T04:38:40.087Z] E0521 07:38:40.087247   32040 watch.go:116] watchAllDir unable to walk dir `f:\React\Animation\Graduation-Project\dataconnect`: GetFileAttributesEx f:\React\Animation\Graduation-Project\dataconnect: The system cannot find the file specified.
 {"metadata":{"emulator":{"name":"dataconnect"},"message":"E0521 07:38:40.087247   32040 watch.go:116] watchAllDir unable to walk dir `f:\\React\\Animation\\Graduation-Project\\dataconnect`: GetFileAttributesEx f:\\React\\Animation\\Graduation-Project\\dataconnect: The system cannot find the file specified.\n"}}
[debug] [2026-05-21T04:38:40.089Z] E0521 07:38:40.087247   32040 watch.go:40] Failed to load config from "f:\\React\\Animation\\Graduation-Project\\dataconnect": could not find dataconnect.yaml in `f:\React\Animation\Graduation-Project\dataconnect`
 {"metadata":{"emulator":{"name":"dataconnect"},"message":"E0521 07:38:40.087247   32040 watch.go:40] Failed to load config from \"f:\\\\React\\\\Animation\\\\Graduation-Project\\\\dataconnect\": could not find dataconnect.yaml in `f:\\React\\Animation\\Graduation-Project\\dataconnect`\n"}}
[debug] [2026-05-21T04:38:50.087Z] E0521 07:38:50.087347   32040 watch.go:40] Failed to load config from "f:\\React\\Animation\\Graduation-Project\\dataconnect": could not find dataconnect.yaml in `f:\React\Animation\Graduation-Project\dataconnect`
 {"metadata":{"emulator":{"name":"dataconnect"},"message":"E0521 07:38:50.087347   32040 watch.go:40] Failed to load config from \"f:\\\\React\\\\Animation\\\\Graduation-Project\\\\dataconnect\": could not find dataconnect.yaml in `f:\\React\\Animation\\Graduation-Project\\dataconnect`\n"}}
[debug] [2026-05-21T04:39:00.087Z] E0521 07:39:00.087567   32040 watch.go:40] Failed to load config from "f:\\React\\Animation\\Graduation-Project\\dataconnect": could not find dataconnect.yaml in `f:\React\Animation\Graduation-Project\dataconnect`
 {"metadata":{"emulator":{"name":"dataconnect"},"message":"E0521 07:39:00.087567   32040 watch.go:40] Failed to load config from \"f:\\\\React\\\\Animation\\\\Graduation-Project\\\\dataconnect\": could not find dataconnect.yaml in `f:\\React\\Animation\\Graduation-Project\\dataconnect`\n"}}
[debug] [2026-05-21T04:39:10.087Z] E0521 07:39:10.087061   32040 watch.go:40] Failed to load config from "f:\\React\\Animation\\Graduation-Project\\dataconnect": could not find dataconnect.yaml in `f:\React\Animation\Graduation-Project\dataconnect`
 {"metadata":{"emulator":{"name":"dataconnect"},"message":"E0521 07:39:10.087061   32040 watch.go:40] Failed to load config from \"f:\\\\React\\\\Animation\\\\Graduation-Project\\\\dataconnect\": could not find dataconnect.yaml in `f:\\React\\Animation\\Graduation-Project\\dataconnect`\n"}}
[debug] [2026-05-21T04:39:20.087Z] E0521 07:39:20.087089   32040 watch.go:40] Failed to load config from "f:\\React\\Animation\\Graduation-Project\\dataconnect": could not find dataconnect.yaml in `f:\React\Animation\Graduation-Project\dataconnect`
 {"metadata":{"emulator":{"name":"dataconnect"},"message":"E0521 07:39:20.087089   32040 watch.go:40] Failed to load config from \"f:\\\\React\\\\Animation\\\\Graduation-Project\\\\dataconnect\": could not find dataconnect.yaml in `f:\\React\\Animation\\Graduation-Project\\dataconnect`\n"}}
[debug] [2026-05-21T04:39:30.087Z] E0521 07:39:30.087210   32040 watch.go:40] Failed to load config from "f:\\React\\Animation\\Graduation-Project\\dataconnect": could not find dataconnect.yaml in `f:\React\Animation\Graduation-Project\dataconnect`
 {"metadata":{"emulator":{"name":"dataconnect"},"message":"E0521 07:39:30.087210   32040 watch.go:40] Failed to load config from \"f:\\\\React\\\\Animation\\\\Graduation-Project\\\\dataconnect\": could not find dataconnect.yaml in `f:\\React\\Animation\\Graduation-Project\\dataconnect`\n"}}
[debug] [2026-05-21T04:39:40.087Z] E0521 07:39:40.087471   32040 watch.go:116] watchAllDir unable to walk dir `f:\React\Animation\Graduation-Project\dataconnect`: GetFileAttributesEx f:\React\Animation\Graduation-Project\dataconnect: The system cannot find the file specified.
E0521 07:39:40.087471   32040 watch.go:40] Failed to load config from "f:\\React\\Animation\\Graduation-Project\\dataconnect": could not find dataconnect.yaml in `f:\React\Animation\Graduation-Project\dataconnect`
 {"metadata":{"emulator":{"name":"dataconnect"},"message":"E0521 07:39:40.087471   32040 watch.go:116] watchAllDir unable to walk dir `f:\\React\\Animation\\Graduation-Project\\dataconnect`: GetFileAttributesEx f:\\React\\Animation\\Graduation-Project\\dataconnect: The system cannot find the file specified.\nE0521 07:39:40.087471   32040 watch.go:40] Failed to load config from \"f:\\\\React\\\\Animation\\\\Graduation-Project\\\\dataconnect\": could not find dataconnect.yaml in `f:\\React\\Animation\\Graduation-Project\\dataconnect`\n"}}
[debug] [2026-05-21T04:39:50.087Z] E0521 07:39:50.087379   32040 watch.go:40] Failed to load config from "f:\\React\\Animation\\Graduation-Project\\dataconnect": could not find dataconnect.yaml in `f:\React\Animation\Graduation-Project\dataconnect`
 {"metadata":{"emulator":{"name":"dataconnect"},"message":"E0521 07:39:50.087379   32040 watch.go:40] Failed to load config from \"f:\\\\React\\\\Animation\\\\Graduation-Project\\\\dataconnect\": could not find dataconnect.yaml in `f:\\React\\Animation\\Graduation-Project\\dataconnect`\n"}}
[debug] [2026-05-21T04:40:00.087Z] E0521 07:40:00.087111   32040 watch.go:40] Failed to load config from "f:\\React\\Animation\\Graduation-Project\\dataconnect": could not find dataconnect.yaml in `f:\React\Animation\Graduation-Project\dataconnect`
 {"metadata":{"emulator":{"name":"dataconnect"},"message":"E0521 07:40:00.087111   32040 watch.go:40] Failed to load config from \"f:\\\\React\\\\Animation\\\\Graduation-Project\\\\dataconnect\": could not find dataconnect.yaml in `f:\\React\\Animation\\Graduation-Project\\dataconnect`\n"}}
[debug] [2026-05-21T04:40:10.087Z] E0521 07:40:10.087289   32040 watch.go:40] Failed to load config from "f:\\React\\Animation\\Graduation-Project\\dataconnect": could not find dataconnect.yaml in `f:\React\Animation\Graduation-Project\dataconnect`
 {"metadata":{"emulator":{"name":"dataconnect"},"message":"E0521 07:40:10.087289   32040 watch.go:40] Failed to load config from \"f:\\\\React\\\\Animation\\\\Graduation-Project\\\\dataconnect\": could not find dataconnect.yaml in `f:\\React\\Animation\\Graduation-Project\\dataconnect`\n"}}
[debug] [2026-05-21T04:40:20.088Z] E0521 07:40:20.087931   32040 watch.go:40] Failed to load config from "f:\\React\\Animation\\Graduation-Project\\dataconnect": could not find dataconnect.yaml in `f:\React\Animation\Graduation-Project\dataconnect`
 {"metadata":{"emulator":{"name":"dataconnect"},"message":"E0521 07:40:20.087931   32040 watch.go:40] Failed to load config from \"f:\\\\React\\\\Animation\\\\Graduation-Project\\\\dataconnect\": could not find dataconnect.yaml in `f:\\React\\Animation\\Graduation-Project\\dataconnect`\n"}}
[debug] [2026-05-21T04:40:30.087Z] E0521 07:40:30.087225   32040 watch.go:40] Failed to load config from "f:\\React\\Animation\\Graduation-Project\\dataconnect": could not find dataconnect.yaml in `f:\React\Animation\Graduation-Project\dataconnect`
 {"metadata":{"emulator":{"name":"dataconnect"},"message":"E0521 07:40:30.087225   32040 watch.go:40] Failed to load config from \"f:\\\\React\\\\Animation\\\\Graduation-Project\\\\dataconnect\": could not find dataconnect.yaml in `f:\\React\\Animation\\Graduation-Project\\dataconnect`\n"}}
[debug] [2026-05-21T04:40:40.087Z] E0521 07:40:40.087195   32040 watch.go:116] watchAllDir unable to walk dir `f:\React\Animation\Graduation-Project\dataconnect`: GetFileAttributesEx f:\React\Animation\Graduation-Project\dataconnect: The system cannot find the file specified.
E0521 07:40:40.087195   32040 watch.go:40] Failed to load config from "f:\\React\\Animation\\Graduation-Project\\dataconnect": could not find dataconnect.yaml in `f:\React\Animation\Graduation-Project\dataconnect`
 {"metadata":{"emulator":{"name":"dataconnect"},"message":"E0521 07:40:40.087195   32040 watch.go:116] watchAllDir unable to walk dir `f:\\React\\Animation\\Graduation-Project\\dataconnect`: GetFileAttributesEx f:\\React\\Animation\\Graduation-Project\\dataconnect: The system cannot find the file specified.\nE0521 07:40:40.087195   32040 watch.go:40] Failed to load config from \"f:\\\\React\\\\Animation\\\\Graduation-Project\\\\dataconnect\": could not find dataconnect.yaml in `f:\\React\\Animation\\Graduation-Project\\dataconnect`\n"}}
[debug] [2026-05-21T04:40:50.087Z] E0521 07:40:50.087337   32040 watch.go:40] Failed to load config from "f:\\React\\Animation\\Graduation-Project\\dataconnect": could not find dataconnect.yaml in `f:\React\Animation\Graduation-Project\dataconnect`
 {"metadata":{"emulator":{"name":"dataconnect"},"message":"E0521 07:40:50.087337   32040 watch.go:40] Failed to load config from \"f:\\\\React\\\\Animation\\\\Graduation-Project\\\\dataconnect\": could not find dataconnect.yaml in `f:\\React\\Animation\\Graduation-Project\\dataconnect`\n"}}
[debug] [2026-05-21T04:41:00.087Z] E0521 07:41:00.087052   32040 watch.go:40] Failed to load config from "f:\\React\\Animation\\Graduation-Project\\dataconnect": could not find dataconnect.yaml in `f:\React\Animation\Graduation-Project\dataconnect`
 {"metadata":{"emulator":{"name":"dataconnect"},"message":"E0521 07:41:00.087052   32040 watch.go:40] Failed to load config from \"f:\\\\React\\\\Animation\\\\Graduation-Project\\\\dataconnect\": could not find dataconnect.yaml in `f:\\React\\Animation\\Graduation-Project\\dataconnect`\n"}}
[debug] [2026-05-21T04:41:10.087Z] E0521 07:41:10.087072   32040 watch.go:40] Failed to load config from "f:\\React\\Animation\\Graduation-Project\\dataconnect": could not find dataconnect.yaml in `f:\React\Animation\Graduation-Project\dataconnect`
 {"metadata":{"emulator":{"name":"dataconnect"},"message":"E0521 07:41:10.087072   32040 watch.go:40] Failed to load config from \"f:\\\\React\\\\Animation\\\\Graduation-Project\\\\dataconnect\": could not find dataconnect.yaml in `f:\\React\\Animation\\Graduation-Project\\dataconnect`\n"}}
[debug] [2026-05-21T04:41:20.087Z] E0521 07:41:20.087374   32040 watch.go:40] Failed to load config from "f:\\React\\Animation\\Graduation-Project\\dataconnect": could not find dataconnect.yaml in `f:\React\Animation\Graduation-Project\dataconnect`
 {"metadata":{"emulator":{"name":"dataconnect"},"message":"E0521 07:41:20.087374   32040 watch.go:40] Failed to load config from \"f:\\\\React\\\\Animation\\\\Graduation-Project\\\\dataconnect\": could not find dataconnect.yaml in `f:\\React\\Animation\\Graduation-Project\\dataconnect`\n"}}
[debug] [2026-05-21T04:41:30.087Z] E0521 07:41:30.087065   32040 watch.go:40] Failed to load config from "f:\\React\\Animation\\Graduation-Project\\dataconnect": could not find dataconnect.yaml in `f:\React\Animation\Graduation-Project\dataconnect`
 {"metadata":{"emulator":{"name":"dataconnect"},"message":"E0521 07:41:30.087065   32040 watch.go:40] Failed to load config from \"f:\\\\React\\\\Animation\\\\Graduation-Project\\\\dataconnect\": could not find dataconnect.yaml in `f:\\React\\Animation\\Graduation-Project\\dataconnect`\n"}}
[debug] [2026-05-21T04:41:40.087Z] E0521 07:41:40.087009   32040 watch.go:116] watchAllDir unable to walk dir `f:\React\Animation\Graduation-Project\dataconnect`: GetFileAttributesEx f:\React\Animation\Graduation-Project\dataconnect: The system cannot find the file specified.
E0521 07:41:40.087009   32040 watch.go:40] Failed to load config from "f:\\React\\Animation\\Graduation-Project\\dataconnect": could not find dataconnect.yaml in `f:\React\Animation\Graduation-Project\dataconnect`
 {"metadata":{"emulator":{"name":"dataconnect"},"message":"E0521 07:41:40.087009   32040 watch.go:116] watchAllDir unable to walk dir `f:\\React\\Animation\\Graduation-Project\\dataconnect`: GetFileAttributesEx f:\\React\\Animation\\Graduation-Project\\dataconnect: The system cannot find the file specified.\nE0521 07:41:40.087009   32040 watch.go:40] Failed to load config from \"f:\\\\React\\\\Animation\\\\Graduation-Project\\\\dataconnect\": could not find dataconnect.yaml in `f:\\React\\Animation\\Graduation-Project\\dataconnect`\n"}}
[debug] [2026-05-21T04:41:50.087Z] E0521 07:41:50.087030   32040 watch.go:40] Failed to load config from "f:\\React\\Animation\\Graduation-Project\\dataconnect": could not find dataconnect.yaml in `f:\React\Animation\Graduation-Project\dataconnect`
 {"metadata":{"emulator":{"name":"dataconnect"},"message":"E0521 07:41:50.087030   32040 watch.go:40] Failed to load config from \"f:\\\\React\\\\Animation\\\\Graduation-Project\\\\dataconnect\": could not find dataconnect.yaml in `f:\\React\\Animation\\Graduation-Project\\dataconnect`\n"}}
[debug] [2026-05-21T04:42:00.087Z] E0521 07:42:00.087249   32040 watch.go:40] Failed to load config from "f:\\React\\Animation\\Graduation-Project\\dataconnect": could not find dataconnect.yaml in `f:\React\Animation\Graduation-Project\dataconnect`
 {"metadata":{"emulator":{"name":"dataconnect"},"message":"E0521 07:42:00.087249   32040 watch.go:40] Failed to load config from \"f:\\\\React\\\\Animation\\\\Graduation-Project\\\\dataconnect\": could not find dataconnect.yaml in `f:\\React\\Animation\\Graduation-Project\\dataconnect`\n"}}
[debug] [2026-05-21T04:42:10.087Z] E0521 07:42:10.087267   32040 watch.go:40] Failed to load config from "f:\\React\\Animation\\Graduation-Project\\dataconnect": could not find dataconnect.yaml in `f:\React\Animation\Graduation-Project\dataconnect`
 {"metadata":{"emulator":{"name":"dataconnect"},"message":"E0521 07:42:10.087267   32040 watch.go:40] Failed to load config from \"f:\\\\React\\\\Animation\\\\Graduation-Project\\\\dataconnect\": could not find dataconnect.yaml in `f:\\React\\Animation\\Graduation-Project\\dataconnect`\n"}}
[debug] [2026-05-21T04:42:20.087Z] E0521 07:42:20.087248   32040 watch.go:40] Failed to load config from "f:\\React\\Animation\\Graduation-Project\\dataconnect": could not find dataconnect.yaml in `f:\React\Animation\Graduation-Project\dataconnect`
 {"metadata":{"emulator":{"name":"dataconnect"},"message":"E0521 07:42:20.087248   32040 watch.go:40] Failed to load config from \"f:\\\\React\\\\Animation\\\\Graduation-Project\\\\dataconnect\": could not find dataconnect.yaml in `f:\\React\\Animation\\Graduation-Project\\dataconnect`\n"}}
[debug] [2026-05-21T04:42:30.092Z] E0521 07:42:30.091772   32040 watch.go:40] Failed to load config from "f:\\React\\Animation\\Graduation-Project\\dataconnect": could not find dataconnect.yaml in `f:\React\Animation\Graduation-Project\dataconnect`
 {"metadata":{"emulator":{"name":"dataconnect"},"message":"E0521 07:42:30.091772   32040 watch.go:40] Failed to load config from \"f:\\\\React\\\\Animation\\\\Graduation-Project\\\\dataconnect\": could not find dataconnect.yaml in `f:\\React\\Animation\\Graduation-Project\\dataconnect`\n"}}
[debug] [2026-05-21T04:42:40.087Z] E0521 07:42:40.087094   32040 watch.go:116] watchAllDir unable to walk dir `f:\React\Animation\Graduation-Project\dataconnect`: GetFileAttributesEx f:\React\Animation\Graduation-Project\dataconnect: The system cannot find the file specified.
E0521 07:42:40.087094   32040 watch.go:40] Failed to load config from "f:\\React\\Animation\\Graduation-Project\\dataconnect": could not find dataconnect.yaml in `f:\React\Animation\Graduation-Project\dataconnect`
 {"metadata":{"emulator":{"name":"dataconnect"},"message":"E0521 07:42:40.087094   32040 watch.go:116] watchAllDir unable to walk dir `f:\\React\\Animation\\Graduation-Project\\dataconnect`: GetFileAttributesEx f:\\React\\Animation\\Graduation-Project\\dataconnect: The system cannot find the file specified.\nE0521 07:42:40.087094   32040 watch.go:40] Failed to load config from \"f:\\\\React\\\\Animation\\\\Graduation-Project\\\\dataconnect\": could not find dataconnect.yaml in `f:\\React\\Animation\\Graduation-Project\\dataconnect`\n"}}
[debug] [2026-05-21T04:42:50.087Z] E0521 07:42:50.087228   32040 watch.go:40] Failed to load config from "f:\\React\\Animation\\Graduation-Project\\dataconnect": could not find dataconnect.yaml in `f:\React\Animation\Graduation-Project\dataconnect`
 {"metadata":{"emulator":{"name":"dataconnect"},"message":"E0521 07:42:50.087228   32040 watch.go:40] Failed to load config from \"f:\\\\React\\\\Animation\\\\Graduation-Project\\\\dataconnect\": could not find dataconnect.yaml in `f:\\React\\Animation\\Graduation-Project\\dataconnect`\n"}}
[debug] [2026-05-21T04:43:00.087Z] E0521 07:43:00.087278   32040 watch.go:40] Failed to load config from "f:\\React\\Animation\\Graduation-Project\\dataconnect": could not find dataconnect.yaml in `f:\React\Animation\Graduation-Project\dataconnect`
 {"metadata":{"emulator":{"name":"dataconnect"},"message":"E0521 07:43:00.087278   32040 watch.go:40] Failed to load config from \"f:\\\\React\\\\Animation\\\\Graduation-Project\\\\dataconnect\": could not find dataconnect.yaml in `f:\\React\\Animation\\Graduation-Project\\dataconnect`\n"}}
[debug] [2026-05-21T04:43:10.087Z] E0521 07:43:10.086996   32040 watch.go:40] Failed to load config from "f:\\React\\Animation\\Graduation-Project\\dataconnect": could not find dataconnect.yaml in `f:\React\Animation\Graduation-Project\dataconnect`
 {"metadata":{"emulator":{"name":"dataconnect"},"message":"E0521 07:43:10.086996   32040 watch.go:40] Failed to load config from \"f:\\\\React\\\\Animation\\\\Graduation-Project\\\\dataconnect\": could not find dataconnect.yaml in `f:\\React\\Animation\\Graduation-Project\\dataconnect`\n"}}
[debug] [2026-05-21T04:43:20.087Z] E0521 07:43:20.087055   32040 watch.go:40] Failed to load config from "f:\\React\\Animation\\Graduation-Project\\dataconnect": could not find dataconnect.yaml in `f:\React\Animation\Graduation-Project\dataconnect`
 {"metadata":{"emulator":{"name":"dataconnect"},"message":"E0521 07:43:20.087055   32040 watch.go:40] Failed to load config from \"f:\\\\React\\\\Animation\\\\Graduation-Project\\\\dataconnect\": could not find dataconnect.yaml in `f:\\React\\Animation\\Graduation-Project\\dataconnect`\n"}}
[debug] [2026-05-21T04:43:30.090Z] E0521 07:43:30.087296   32040 watch.go:40] Failed to load config from "f:\\React\\Animation\\Graduation-Project\\dataconnect": could not find dataconnect.yaml in `f:\React\Animation\Graduation-Project\dataconnect`
 {"metadata":{"emulator":{"name":"dataconnect"},"message":"E0521 07:43:30.087296   32040 watch.go:40] Failed to load config from \"f:\\\\React\\\\Animation\\\\Graduation-Project\\\\dataconnect\": could not find dataconnect.yaml in `f:\\React\\Animation\\Graduation-Project\\dataconnect`\n"}}
[debug] [2026-05-21T04:43:40.087Z] E0521 07:43:40.087379   32040 watch.go:116] watchAllDir unable to walk dir `f:\React\Animation\Graduation-Project\dataconnect`: GetFileAttributesEx f:\React\Animation\Graduation-Project\dataconnect: The system cannot find the file specified.
 {"metadata":{"emulator":{"name":"dataconnect"},"message":"E0521 07:43:40.087379   32040 watch.go:116] watchAllDir unable to walk dir `f:\\React\\Animation\\Graduation-Project\\dataconnect`: GetFileAttributesEx f:\\React\\Animation\\Graduation-Project\\dataconnect: The system cannot find the file specified.\n"}}
[debug] [2026-05-21T04:43:40.088Z] E0521 07:43:40.087379   32040 watch.go:40] Failed to load config from "f:\\React\\Animation\\Graduation-Project\\dataconnect": could not find dataconnect.yaml in `f:\React\Animation\Graduation-Project\dataconnect`
 {"metadata":{"emulator":{"name":"dataconnect"},"message":"E0521 07:43:40.087379   32040 watch.go:40] Failed to load config from \"f:\\\\React\\\\Animation\\\\Graduation-Project\\\\dataconnect\": could not find dataconnect.yaml in `f:\\React\\Animation\\Graduation-Project\\dataconnect`\n"}}
[debug] [2026-05-21T04:43:50.087Z] E0521 07:43:50.087116   32040 watch.go:40] Failed to load config from "f:\\React\\Animation\\Graduation-Project\\dataconnect": could not find dataconnect.yaml in `f:\React\Animation\Graduation-Project\dataconnect`
 {"metadata":{"emulator":{"name":"dataconnect"},"message":"E0521 07:43:50.087116   32040 watch.go:40] Failed to load config from \"f:\\\\React\\\\Animation\\\\Graduation-Project\\\\dataconnect\": could not find dataconnect.yaml in `f:\\React\\Animation\\Graduation-Project\\dataconnect`\n"}}
[debug] [2026-05-21T04:44:00.087Z] E0521 07:44:00.087301   32040 watch.go:40] Failed to load config from "f:\\React\\Animation\\Graduation-Project\\dataconnect": could not find dataconnect.yaml in `f:\React\Animation\Graduation-Project\dataconnect`
 {"metadata":{"emulator":{"name":"dataconnect"},"message":"E0521 07:44:00.087301   32040 watch.go:40] Failed to load config from \"f:\\\\React\\\\Animation\\\\Graduation-Project\\\\dataconnect\": could not find dataconnect.yaml in `f:\\React\\Animation\\Graduation-Project\\dataconnect`\n"}}
[debug] [2026-05-21T04:44:10.087Z] E0521 07:44:10.087415   32040 watch.go:40] Failed to load config from "f:\\React\\Animation\\Graduation-Project\\dataconnect": could not find dataconnect.yaml in `f:\React\Animation\Graduation-Project\dataconnect`
 {"metadata":{"emulator":{"name":"dataconnect"},"message":"E0521 07:44:10.087415   32040 watch.go:40] Failed to load config from \"f:\\\\React\\\\Animation\\\\Graduation-Project\\\\dataconnect\": could not find dataconnect.yaml in `f:\\React\\Animation\\Graduation-Project\\dataconnect`\n"}}
[debug] [2026-05-21T04:44:20.087Z] E0521 07:44:20.087127   32040 watch.go:40] Failed to load config from "f:\\React\\Animation\\Graduation-Project\\dataconnect": could not find dataconnect.yaml in `f:\React\Animation\Graduation-Project\dataconnect`
 {"metadata":{"emulator":{"name":"dataconnect"},"message":"E0521 07:44:20.087127   32040 watch.go:40] Failed to load config from \"f:\\\\React\\\\Animation\\\\Graduation-Project\\\\dataconnect\": could not find dataconnect.yaml in `f:\\React\\Animation\\Graduation-Project\\dataconnect`\n"}}
[debug] [2026-05-21T04:44:30.087Z] E0521 07:44:30.087000   32040 watch.go:40] Failed to load config from "f:\\React\\Animation\\Graduation-Project\\dataconnect": could not find dataconnect.yaml in `f:\React\Animation\Graduation-Project\dataconnect`
 {"metadata":{"emulator":{"name":"dataconnect"},"message":"E0521 07:44:30.087000   32040 watch.go:40] Failed to load config from \"f:\\\\React\\\\Animation\\\\Graduation-Project\\\\dataconnect\": could not find dataconnect.yaml in `f:\\React\\Animation\\Graduation-Project\\dataconnect`\n"}}
[debug] [2026-05-21T04:44:40.087Z] E0521 07:44:40.087140   32040 watch.go:116] watchAllDir unable to walk dir `f:\React\Animation\Graduation-Project\dataconnect`: GetFileAttributesEx f:\React\Animation\Graduation-Project\dataconnect: The system cannot find the file specified.
 {"metadata":{"emulator":{"name":"dataconnect"},"message":"E0521 07:44:40.087140   32040 watch.go:116] watchAllDir unable to walk dir `f:\\React\\Animation\\Graduation-Project\\dataconnect`: GetFileAttributesEx f:\\React\\Animation\\Graduation-Project\\dataconnect: The system cannot find the file specified.\n"}}
[debug] [2026-05-21T04:44:40.087Z] E0521 07:44:40.087140   32040 watch.go:40] Failed to load config from "f:\\React\\Animation\\Graduation-Project\\dataconnect": could not find dataconnect.yaml in `f:\React\Animation\Graduation-Project\dataconnect`
 {"metadata":{"emulator":{"name":"dataconnect"},"message":"E0521 07:44:40.087140   32040 watch.go:40] Failed to load config from \"f:\\\\React\\\\Animation\\\\Graduation-Project\\\\dataconnect\": could not find dataconnect.yaml in `f:\\React\\Animation\\Graduation-Project\\dataconnect`\n"}}
[debug] [2026-05-21T04:44:50.087Z] E0521 07:44:50.087284   32040 watch.go:40] Failed to load config from "f:\\React\\Animation\\Graduation-Project\\dataconnect": could not find dataconnect.yaml in `f:\React\Animation\Graduation-Project\dataconnect`
 {"metadata":{"emulator":{"name":"dataconnect"},"message":"E0521 07:44:50.087284   32040 watch.go:40] Failed to load config from \"f:\\\\React\\\\Animation\\\\Graduation-Project\\\\dataconnect\": could not find dataconnect.yaml in `f:\\React\\Animation\\Graduation-Project\\dataconnect`\n"}}
[debug] [2026-05-21T04:45:00.087Z] E0521 07:45:00.087281   32040 watch.go:40] Failed to load config from "f:\\React\\Animation\\Graduation-Project\\dataconnect": could not find dataconnect.yaml in `f:\React\Animation\Graduation-Project\dataconnect`
 {"metadata":{"emulator":{"name":"dataconnect"},"message":"E0521 07:45:00.087281   32040 watch.go:40] Failed to load config from \"f:\\\\React\\\\Animation\\\\Graduation-Project\\\\dataconnect\": could not find dataconnect.yaml in `f:\\React\\Animation\\Graduation-Project\\dataconnect`\n"}}
[debug] [2026-05-21T04:45:10.087Z] E0521 07:45:10.087107   32040 watch.go:40] Failed to load config from "f:\\React\\Animation\\Graduation-Project\\dataconnect": could not find dataconnect.yaml in `f:\React\Animation\Graduation-Project\dataconnect`
 {"metadata":{"emulator":{"name":"dataconnect"},"message":"E0521 07:45:10.087107   32040 watch.go:40] Failed to load config from \"f:\\\\React\\\\Animation\\\\Graduation-Project\\\\dataconnect\": could not find dataconnect.yaml in `f:\\React\\Animation\\Graduation-Project\\dataconnect`\n"}}
[debug] [2026-05-21T04:45:20.087Z] E0521 07:45:20.087203   32040 watch.go:40] Failed to load config from "f:\\React\\Animation\\Graduation-Project\\dataconnect": could not find dataconnect.yaml in `f:\React\Animation\Graduation-Project\dataconnect`
 {"metadata":{"emulator":{"name":"dataconnect"},"message":"E0521 07:45:20.087203   32040 watch.go:40] Failed to load config from \"f:\\\\React\\\\Animation\\\\Graduation-Project\\\\dataconnect\": could not find dataconnect.yaml in `f:\\React\\Animation\\Graduation-Project\\dataconnect`\n"}}
[debug] [2026-05-21T04:45:30.087Z] E0521 07:45:30.087117   32040 watch.go:40] Failed to load config from "f:\\React\\Animation\\Graduation-Project\\dataconnect": could not find dataconnect.yaml in `f:\React\Animation\Graduation-Project\dataconnect`
 {"metadata":{"emulator":{"name":"dataconnect"},"message":"E0521 07:45:30.087117   32040 watch.go:40] Failed to load config from \"f:\\\\React\\\\Animation\\\\Graduation-Project\\\\dataconnect\": could not find dataconnect.yaml in `f:\\React\\Animation\\Graduation-Project\\dataconnect`\n"}}
[debug] [2026-05-21T04:45:40.087Z] E0521 07:45:40.086949   32040 watch.go:116] watchAllDir unable to walk dir `f:\React\Animation\Graduation-Project\dataconnect`: GetFileAttributesEx f:\React\Animation\Graduation-Project\dataconnect: The system cannot find the file specified.
E0521 07:45:40.086949   32040 watch.go:40] Failed to load config from "f:\\React\\Animation\\Graduation-Project\\dataconnect": could not find dataconnect.yaml in `f:\React\Animation\Graduation-Project\dataconnect`
 {"metadata":{"emulator":{"name":"dataconnect"},"message":"E0521 07:45:40.086949   32040 watch.go:116] watchAllDir unable to walk dir `f:\\React\\Animation\\Graduation-Project\\dataconnect`: GetFileAttributesEx f:\\React\\Animation\\Graduation-Project\\dataconnect: The system cannot find the file specified.\nE0521 07:45:40.086949   32040 watch.go:40] Failed to load config from \"f:\\\\React\\\\Animation\\\\Graduation-Project\\\\dataconnect\": could not find dataconnect.yaml in `f:\\React\\Animation\\Graduation-Project\\dataconnect`\n"}}
[debug] [2026-05-21T04:45:50.087Z] E0521 07:45:50.087233   32040 watch.go:40] Failed to load config from "f:\\React\\Animation\\Graduation-Project\\dataconnect": could not find dataconnect.yaml in `f:\React\Animation\Graduation-Project\dataconnect`
 {"metadata":{"emulator":{"name":"dataconnect"},"message":"E0521 07:45:50.087233   32040 watch.go:40] Failed to load config from \"f:\\\\React\\\\Animation\\\\Graduation-Project\\\\dataconnect\": could not find dataconnect.yaml in `f:\\React\\Animation\\Graduation-Project\\dataconnect`\n"}}
[debug] [2026-05-21T04:46:00.087Z] E0521 07:46:00.086919   32040 watch.go:40] Failed to load config from "f:\\React\\Animation\\Graduation-Project\\dataconnect": could not find dataconnect.yaml in `f:\React\Animation\Graduation-Project\dataconnect`
 {"metadata":{"emulator":{"name":"dataconnect"},"message":"E0521 07:46:00.086919   32040 watch.go:40] Failed to load config from \"f:\\\\React\\\\Animation\\\\Graduation-Project\\\\dataconnect\": could not find dataconnect.yaml in `f:\\React\\Animation\\Graduation-Project\\dataconnect`\n"}}
[debug] [2026-05-21T04:46:10.087Z] E0521 07:46:10.087343   32040 watch.go:40] Failed to load config from "f:\\React\\Animation\\Graduation-Project\\dataconnect": could not find dataconnect.yaml in `f:\React\Animation\Graduation-Project\dataconnect`
 {"metadata":{"emulator":{"name":"dataconnect"},"message":"E0521 07:46:10.087343   32040 watch.go:40] Failed to load config from \"f:\\\\React\\\\Animation\\\\Graduation-Project\\\\dataconnect\": could not find dataconnect.yaml in `f:\\React\\Animation\\Graduation-Project\\dataconnect`\n"}}
[debug] [2026-05-21T04:46:20.087Z] E0521 07:46:20.087163   32040 watch.go:40] Failed to load config from "f:\\React\\Animation\\Graduation-Project\\dataconnect": could not find dataconnect.yaml in `f:\React\Animation\Graduation-Project\dataconnect`
 {"metadata":{"emulator":{"name":"dataconnect"},"message":"E0521 07:46:20.087163   32040 watch.go:40] Failed to load config from \"f:\\\\React\\\\Animation\\\\Graduation-Project\\\\dataconnect\": could not find dataconnect.yaml in `f:\\React\\Animation\\Graduation-Project\\dataconnect`\n"}}
[debug] [2026-05-21T04:46:30.087Z] E0521 07:46:30.087028   32040 watch.go:40] Failed to load config from "f:\\React\\Animation\\Graduation-Project\\dataconnect": could not find dataconnect.yaml in `f:\React\Animation\Graduation-Project\dataconnect`
 {"metadata":{"emulator":{"name":"dataconnect"},"message":"E0521 07:46:30.087028   32040 watch.go:40] Failed to load config from \"f:\\\\React\\\\Animation\\\\Graduation-Project\\\\dataconnect\": could not find dataconnect.yaml in `f:\\React\\Animation\\Graduation-Project\\dataconnect`\n"}}
[debug] [2026-05-21T04:46:40.087Z] E0521 07:46:40.086925   32040 watch.go:116] watchAllDir unable to walk dir `f:\React\Animation\Graduation-Project\dataconnect`: GetFileAttributesEx f:\React\Animation\Graduation-Project\dataconnect: The system cannot find the file specified.
 {"metadata":{"emulator":{"name":"dataconnect"},"message":"E0521 07:46:40.086925   32040 watch.go:116] watchAllDir unable to walk dir `f:\\React\\Animation\\Graduation-Project\\dataconnect`: GetFileAttributesEx f:\\React\\Animation\\Graduation-Project\\dataconnect: The system cannot find the file specified.\n"}}
[debug] [2026-05-21T04:46:40.089Z] E0521 07:46:40.086925   32040 watch.go:40] Failed to load config from "f:\\React\\Animation\\Graduation-Project\\dataconnect": could not find dataconnect.yaml in `f:\React\Animation\Graduation-Project\dataconnect`
 {"metadata":{"emulator":{"name":"dataconnect"},"message":"E0521 07:46:40.086925   32040 watch.go:40] Failed to load config from \"f:\\\\React\\\\Animation\\\\Graduation-Project\\\\dataconnect\": could not find dataconnect.yaml in `f:\\React\\Animation\\Graduation-Project\\dataconnect`\n"}}
[debug] [2026-05-21T04:46:50.087Z] E0521 07:46:50.087039   32040 watch.go:40] Failed to load config from "f:\\React\\Animation\\Graduation-Project\\dataconnect": could not find dataconnect.yaml in `f:\React\Animation\Graduation-Project\dataconnect`
 {"metadata":{"emulator":{"name":"dataconnect"},"message":"E0521 07:46:50.087039   32040 watch.go:40] Failed to load config from \"f:\\\\React\\\\Animation\\\\Graduation-Project\\\\dataconnect\": could not find dataconnect.yaml in `f:\\React\\Animation\\Graduation-Project\\dataconnect`\n"}}
[debug] [2026-05-21T04:47:00.087Z] E0521 07:47:00.086895   32040 watch.go:40] Failed to load config from "f:\\React\\Animation\\Graduation-Project\\dataconnect": could not find dataconnect.yaml in `f:\React\Animation\Graduation-Project\dataconnect`
 {"metadata":{"emulator":{"name":"dataconnect"},"message":"E0521 07:47:00.086895   32040 watch.go:40] Failed to load config from \"f:\\\\React\\\\Animation\\\\Graduation-Project\\\\dataconnect\": could not find dataconnect.yaml in `f:\\React\\Animation\\Graduation-Project\\dataconnect`\n"}}
[debug] [2026-05-21T04:47:10.087Z] E0521 07:47:10.087023   32040 watch.go:40] Failed to load config from "f:\\React\\Animation\\Graduation-Project\\dataconnect": could not find dataconnect.yaml in `f:\React\Animation\Graduation-Project\dataconnect`
 {"metadata":{"emulator":{"name":"dataconnect"},"message":"E0521 07:47:10.087023   32040 watch.go:40] Failed to load config from \"f:\\\\React\\\\Animation\\\\Graduation-Project\\\\dataconnect\": could not find dataconnect.yaml in `f:\\React\\Animation\\Graduation-Project\\dataconnect`\n"}}
[debug] [2026-05-21T04:47:20.087Z] E0521 07:47:20.087149   32040 watch.go:40] Failed to load config from "f:\\React\\Animation\\Graduation-Project\\dataconnect": could not find dataconnect.yaml in `f:\React\Animation\Graduation-Project\dataconnect`
 {"metadata":{"emulator":{"name":"dataconnect"},"message":"E0521 07:47:20.087149   32040 watch.go:40] Failed to load config from \"f:\\\\React\\\\Animation\\\\Graduation-Project\\\\dataconnect\": could not find dataconnect.yaml in `f:\\React\\Animation\\Graduation-Project\\dataconnect`\n"}}
[debug] [2026-05-21T04:47:30.087Z] E0521 07:47:30.086996   32040 watch.go:40] Failed to load config from "f:\\React\\Animation\\Graduation-Project\\dataconnect": could not find dataconnect.yaml in `f:\React\Animation\Graduation-Project\dataconnect`
 {"metadata":{"emulator":{"name":"dataconnect"},"message":"E0521 07:47:30.086996   32040 watch.go:40] Failed to load config from \"f:\\\\React\\\\Animation\\\\Graduation-Project\\\\dataconnect\": could not find dataconnect.yaml in `f:\\React\\Animation\\Graduation-Project\\dataconnect`\n"}}
[debug] [2026-05-21T04:47:40.086Z] E0521 07:47:40.087197   32040 watch.go:116] watchAllDir unable to walk dir `f:\React\Animation\Graduation-Project\dataconnect`: GetFileAttributesEx f:\React\Animation\Graduation-Project\dataconnect: The system cannot find the file specified.
E0521 07:47:40.087197   32040 watch.go:40] Failed to load config from "f:\\React\\Animation\\Graduation-Project\\dataconnect": could not find dataconnect.yaml in `f:\React\Animation\Graduation-Project\dataconnect`
 {"metadata":{"emulator":{"name":"dataconnect"},"message":"E0521 07:47:40.087197   32040 watch.go:116] watchAllDir unable to walk dir `f:\\React\\Animation\\Graduation-Project\\dataconnect`: GetFileAttributesEx f:\\React\\Animation\\Graduation-Project\\dataconnect: The system cannot find the file specified.\nE0521 07:47:40.087197   32040 watch.go:40] Failed to load config from \"f:\\\\React\\\\Animation\\\\Graduation-Project\\\\dataconnect\": could not find dataconnect.yaml in `f:\\React\\Animation\\Graduation-Project\\dataconnect`\n"}}
[debug] [2026-05-21T04:47:50.086Z] E0521 07:47:50.087186   32040 watch.go:40] Failed to load config from "f:\\React\\Animation\\Graduation-Project\\dataconnect": could not find dataconnect.yaml in `f:\React\Animation\Graduation-Project\dataconnect`
 {"metadata":{"emulator":{"name":"dataconnect"},"message":"E0521 07:47:50.087186   32040 watch.go:40] Failed to load config from \"f:\\\\React\\\\Animation\\\\Graduation-Project\\\\dataconnect\": could not find dataconnect.yaml in `f:\\React\\Animation\\Graduation-Project\\dataconnect`\n"}}
[debug] [2026-05-21T04:48:00.086Z] E0521 07:48:00.087167   32040 watch.go:40] Failed to load config from "f:\\React\\Animation\\Graduation-Project\\dataconnect": could not find dataconnect.yaml in `f:\React\Animation\Graduation-Project\dataconnect`
 {"metadata":{"emulator":{"name":"dataconnect"},"message":"E0521 07:48:00.087167   32040 watch.go:40] Failed to load config from \"f:\\\\React\\\\Animation\\\\Graduation-Project\\\\dataconnect\": could not find dataconnect.yaml in `f:\\React\\Animation\\Graduation-Project\\dataconnect`\n"}}
[debug] [2026-05-21T04:48:10.086Z] E0521 07:48:10.087090   32040 watch.go:40] Failed to load config from "f:\\React\\Animation\\Graduation-Project\\dataconnect": could not find dataconnect.yaml in `f:\React\Animation\Graduation-Project\dataconnect`
 {"metadata":{"emulator":{"name":"dataconnect"},"message":"E0521 07:48:10.087090   32040 watch.go:40] Failed to load config from \"f:\\\\React\\\\Animation\\\\Graduation-Project\\\\dataconnect\": could not find dataconnect.yaml in `f:\\React\\Animation\\Graduation-Project\\dataconnect`\n"}}
[debug] [2026-05-21T04:48:20.086Z] E0521 07:48:20.087156   32040 watch.go:40] Failed to load config from "f:\\React\\Animation\\Graduation-Project\\dataconnect": could not find dataconnect.yaml in `f:\React\Animation\Graduation-Project\dataconnect`
 {"metadata":{"emulator":{"name":"dataconnect"},"message":"E0521 07:48:20.087156   32040 watch.go:40] Failed to load config from \"f:\\\\React\\\\Animation\\\\Graduation-Project\\\\dataconnect\": could not find dataconnect.yaml in `f:\\React\\Animation\\Graduation-Project\\dataconnect`\n"}}
[debug] [2026-05-21T04:48:30.086Z] E0521 07:48:30.087115   32040 watch.go:40] Failed to load config from "f:\\React\\Animation\\Graduation-Project\\dataconnect": could not find dataconnect.yaml in `f:\React\Animation\Graduation-Project\dataconnect`
 {"metadata":{"emulator":{"name":"dataconnect"},"message":"E0521 07:48:30.087115   32040 watch.go:40] Failed to load config from \"f:\\\\React\\\\Animation\\\\Graduation-Project\\\\dataconnect\": could not find dataconnect.yaml in `f:\\React\\Animation\\Graduation-Project\\dataconnect`\n"}}
[debug] [2026-05-21T04:48:40.087Z] E0521 07:48:40.087340   32040 watch.go:116] watchAllDir unable to walk dir `f:\React\Animation\Graduation-Project\dataconnect`: GetFileAttributesEx f:\React\Animation\Graduation-Project\dataconnect: The system cannot find the file specified.
 {"metadata":{"emulator":{"name":"dataconnect"},"message":"E0521 07:48:40.087340   32040 watch.go:116] watchAllDir unable to walk dir `f:\\React\\Animation\\Graduation-Project\\dataconnect`: GetFileAttributesEx f:\\React\\Animation\\Graduation-Project\\dataconnect: The system cannot find the file specified.\n"}}
[debug] [2026-05-21T04:48:40.088Z] E0521 07:48:40.088440   32040 watch.go:40] Failed to load config from "f:\\React\\Animation\\Graduation-Project\\dataconnect": could not find dataconnect.yaml in `f:\React\Animation\Graduation-Project\dataconnect`
 {"metadata":{"emulator":{"name":"dataconnect"},"message":"E0521 07:48:40.088440   32040 watch.go:40] Failed to load config from \"f:\\\\React\\\\Animation\\\\Graduation-Project\\\\dataconnect\": could not find dataconnect.yaml in `f:\\React\\Animation\\Graduation-Project\\dataconnect`\n"}}
[debug] [2026-05-21T04:48:50.087Z] E0521 07:48:50.087266   32040 watch.go:40] Failed to load config from "f:\\React\\Animation\\Graduation-Project\\dataconnect": could not find dataconnect.yaml in `f:\React\Animation\Graduation-Project\dataconnect`
 {"metadata":{"emulator":{"name":"dataconnect"},"message":"E0521 07:48:50.087266   32040 watch.go:40] Failed to load config from \"f:\\\\React\\\\Animation\\\\Graduation-Project\\\\dataconnect\": could not find dataconnect.yaml in `f:\\React\\Animation\\Graduation-Project\\dataconnect`\n"}}
[debug] [2026-05-21T04:49:00.087Z] E0521 07:49:00.087300   32040 watch.go:40] Failed to load config from "f:\\React\\Animation\\Graduation-Project\\dataconnect": could not find dataconnect.yaml in `f:\React\Animation\Graduation-Project\dataconnect`
 {"metadata":{"emulator":{"name":"dataconnect"},"message":"E0521 07:49:00.087300   32040 watch.go:40] Failed to load config from \"f:\\\\React\\\\Animation\\\\Graduation-Project\\\\dataconnect\": could not find dataconnect.yaml in `f:\\React\\Animation\\Graduation-Project\\dataconnect`\n"}}
[debug] [2026-05-21T04:49:10.087Z] E0521 07:49:10.087386   32040 watch.go:40] Failed to load config from "f:\\React\\Animation\\Graduation-Project\\dataconnect": could not find dataconnect.yaml in `f:\React\Animation\Graduation-Project\dataconnect`
 {"metadata":{"emulator":{"name":"dataconnect"},"message":"E0521 07:49:10.087386   32040 watch.go:40] Failed to load config from \"f:\\\\React\\\\Animation\\\\Graduation-Project\\\\dataconnect\": could not find dataconnect.yaml in `f:\\React\\Animation\\Graduation-Project\\dataconnect`\n"}}
[debug] [2026-05-21T04:49:20.087Z] E0521 07:49:20.087240   32040 watch.go:40] Failed to load config from "f:\\React\\Animation\\Graduation-Project\\dataconnect": could not find dataconnect.yaml in `f:\React\Animation\Graduation-Project\dataconnect`
 {"metadata":{"emulator":{"name":"dataconnect"},"message":"E0521 07:49:20.087240   32040 watch.go:40] Failed to load config from \"f:\\\\React\\\\Animation\\\\Graduation-Project\\\\dataconnect\": could not find dataconnect.yaml in `f:\\React\\Animation\\Graduation-Project\\dataconnect`\n"}}
[debug] [2026-05-21T04:49:30.087Z] E0521 07:49:30.087008   32040 watch.go:40] Failed to load config from "f:\\React\\Animation\\Graduation-Project\\dataconnect": could not find dataconnect.yaml in `f:\React\Animation\Graduation-Project\dataconnect`
 {"metadata":{"emulator":{"name":"dataconnect"},"message":"E0521 07:49:30.087008   32040 watch.go:40] Failed to load config from \"f:\\\\React\\\\Animation\\\\Graduation-Project\\\\dataconnect\": could not find dataconnect.yaml in `f:\\React\\Animation\\Graduation-Project\\dataconnect`\n"}}
[debug] [2026-05-21T04:49:40.086Z] E0521 07:49:40.087067   32040 watch.go:116] watchAllDir unable to walk dir `f:\React\Animation\Graduation-Project\dataconnect`: GetFileAttributesEx f:\React\Animation\Graduation-Project\dataconnect: The system cannot find the file specified.
E0521 07:49:40.087067   32040 watch.go:40] Failed to load config from "f:\\React\\Animation\\Graduation-Project\\dataconnect": could not find dataconnect.yaml in `f:\React\Animation\Graduation-Project\dataconnect`
 {"metadata":{"emulator":{"name":"dataconnect"},"message":"E0521 07:49:40.087067   32040 watch.go:116] watchAllDir unable to walk dir `f:\\React\\Animation\\Graduation-Project\\dataconnect`: GetFileAttributesEx f:\\React\\Animation\\Graduation-Project\\dataconnect: The system cannot find the file specified.\nE0521 07:49:40.087067   32040 watch.go:40] Failed to load config from \"f:\\\\React\\\\Animation\\\\Graduation-Project\\\\dataconnect\": could not find dataconnect.yaml in `f:\\React\\Animation\\Graduation-Project\\dataconnect`\n"}}
[debug] [2026-05-21T04:49:50.086Z] E0521 07:49:50.086955   32040 watch.go:40] Failed to load config from "f:\\React\\Animation\\Graduation-Project\\dataconnect": could not find dataconnect.yaml in `f:\React\Animation\Graduation-Project\dataconnect`
 {"metadata":{"emulator":{"name":"dataconnect"},"message":"E0521 07:49:50.086955   32040 watch.go:40] Failed to load config from \"f:\\\\React\\\\Animation\\\\Graduation-Project\\\\dataconnect\": could not find dataconnect.yaml in `f:\\React\\Animation\\Graduation-Project\\dataconnect`\n"}}
[debug] [2026-05-21T04:50:00.086Z] E0521 07:50:00.087137   32040 watch.go:40] Failed to load config from "f:\\React\\Animation\\Graduation-Project\\dataconnect": could not find dataconnect.yaml in `f:\React\Animation\Graduation-Project\dataconnect`
 {"metadata":{"emulator":{"name":"dataconnect"},"message":"E0521 07:50:00.087137   32040 watch.go:40] Failed to load config from \"f:\\\\React\\\\Animation\\\\Graduation-Project\\\\dataconnect\": could not find dataconnect.yaml in `f:\\React\\Animation\\Graduation-Project\\dataconnect`\n"}}
[debug] [2026-05-21T04:50:10.087Z] E0521 07:50:10.087427   32040 watch.go:40] Failed to load config from "f:\\React\\Animation\\Graduation-Project\\dataconnect": could not find dataconnect.yaml in `f:\React\Animation\Graduation-Project\dataconnect`
 {"metadata":{"emulator":{"name":"dataconnect"},"message":"E0521 07:50:10.087427   32040 watch.go:40] Failed to load config from \"f:\\\\React\\\\Animation\\\\Graduation-Project\\\\dataconnect\": could not find dataconnect.yaml in `f:\\React\\Animation\\Graduation-Project\\dataconnect`\n"}}
[debug] [2026-05-21T04:50:20.086Z] E0521 07:50:20.086998   32040 watch.go:40] Failed to load config from "f:\\React\\Animation\\Graduation-Project\\dataconnect": could not find dataconnect.yaml in `f:\React\Animation\Graduation-Project\dataconnect`
 {"metadata":{"emulator":{"name":"dataconnect"},"message":"E0521 07:50:20.086998   32040 watch.go:40] Failed to load config from \"f:\\\\React\\\\Animation\\\\Graduation-Project\\\\dataconnect\": could not find dataconnect.yaml in `f:\\React\\Animation\\Graduation-Project\\dataconnect`\n"}}
[debug] [2026-05-21T04:50:30.087Z] E0521 07:50:30.087178   32040 watch.go:40] Failed to load config from "f:\\React\\Animation\\Graduation-Project\\dataconnect": could not find dataconnect.yaml in `f:\React\Animation\Graduation-Project\dataconnect`
 {"metadata":{"emulator":{"name":"dataconnect"},"message":"E0521 07:50:30.087178   32040 watch.go:40] Failed to load config from \"f:\\\\React\\\\Animation\\\\Graduation-Project\\\\dataconnect\": could not find dataconnect.yaml in `f:\\React\\Animation\\Graduation-Project\\dataconnect`\n"}}
[debug] [2026-05-21T04:50:40.087Z] E0521 07:50:40.087337   32040 watch.go:116] watchAllDir unable to walk dir `f:\React\Animation\Graduation-Project\dataconnect`: GetFileAttributesEx f:\React\Animation\Graduation-Project\dataconnect: The system cannot find the file specified.
 {"metadata":{"emulator":{"name":"dataconnect"},"message":"E0521 07:50:40.087337   32040 watch.go:116] watchAllDir unable to walk dir `f:\\React\\Animation\\Graduation-Project\\dataconnect`: GetFileAttributesEx f:\\React\\Animation\\Graduation-Project\\dataconnect: The system cannot find the file specified.\n"}}
[debug] [2026-05-21T04:50:40.088Z] E0521 07:50:40.087337   32040 watch.go:40] Failed to load config from "f:\\React\\Animation\\Graduation-Project\\dataconnect": could not find dataconnect.yaml in `f:\React\Animation\Graduation-Project\dataconnect`
 {"metadata":{"emulator":{"name":"dataconnect"},"message":"E0521 07:50:40.087337   32040 watch.go:40] Failed to load config from \"f:\\\\React\\\\Animation\\\\Graduation-Project\\\\dataconnect\": could not find dataconnect.yaml in `f:\\React\\Animation\\Graduation-Project\\dataconnect`\n"}}
[debug] [2026-05-21T04:50:50.087Z] E0521 07:50:50.087407   32040 watch.go:40] Failed to load config from "f:\\React\\Animation\\Graduation-Project\\dataconnect": could not find dataconnect.yaml in `f:\React\Animation\Graduation-Project\dataconnect`
 {"metadata":{"emulator":{"name":"dataconnect"},"message":"E0521 07:50:50.087407   32040 watch.go:40] Failed to load config from \"f:\\\\React\\\\Animation\\\\Graduation-Project\\\\dataconnect\": could not find dataconnect.yaml in `f:\\React\\Animation\\Graduation-Project\\dataconnect`\n"}}
[debug] [2026-05-21T04:51:00.087Z] E0521 07:51:00.087000   32040 watch.go:40] Failed to load config from "f:\\React\\Animation\\Graduation-Project\\dataconnect": could not find dataconnect.yaml in `f:\React\Animation\Graduation-Project\dataconnect`
 {"metadata":{"emulator":{"name":"dataconnect"},"message":"E0521 07:51:00.087000   32040 watch.go:40] Failed to load config from \"f:\\\\React\\\\Animation\\\\Graduation-Project\\\\dataconnect\": could not find dataconnect.yaml in `f:\\React\\Animation\\Graduation-Project\\dataconnect`\n"}}
[debug] [2026-05-21T04:51:10.087Z] E0521 07:51:10.087318   32040 watch.go:40] Failed to load config from "f:\\React\\Animation\\Graduation-Project\\dataconnect": could not find dataconnect.yaml in `f:\React\Animation\Graduation-Project\dataconnect`
 {"metadata":{"emulator":{"name":"dataconnect"},"message":"E0521 07:51:10.087318   32040 watch.go:40] Failed to load config from \"f:\\\\React\\\\Animation\\\\Graduation-Project\\\\dataconnect\": could not find dataconnect.yaml in `f:\\React\\Animation\\Graduation-Project\\dataconnect`\n"}}
[debug] [2026-05-21T04:51:20.087Z] E0521 07:51:20.087069   32040 watch.go:40] Failed to load config from "f:\\React\\Animation\\Graduation-Project\\dataconnect": could not find dataconnect.yaml in `f:\React\Animation\Graduation-Project\dataconnect`
 {"metadata":{"emulator":{"name":"dataconnect"},"message":"E0521 07:51:20.087069   32040 watch.go:40] Failed to load config from \"f:\\\\React\\\\Animation\\\\Graduation-Project\\\\dataconnect\": could not find dataconnect.yaml in `f:\\React\\Animation\\Graduation-Project\\dataconnect`\n"}}
[debug] [2026-05-21T04:51:30.087Z] E0521 07:51:30.087080   32040 watch.go:40] Failed to load config from "f:\\React\\Animation\\Graduation-Project\\dataconnect": could not find dataconnect.yaml in `f:\React\Animation\Graduation-Project\dataconnect`
 {"metadata":{"emulator":{"name":"dataconnect"},"message":"E0521 07:51:30.087080   32040 watch.go:40] Failed to load config from \"f:\\\\React\\\\Animation\\\\Graduation-Project\\\\dataconnect\": could not find dataconnect.yaml in `f:\\React\\Animation\\Graduation-Project\\dataconnect`\n"}}
[debug] [2026-05-21T04:51:40.087Z] E0521 07:51:40.087382   32040 watch.go:116] watchAllDir unable to walk dir `f:\React\Animation\Graduation-Project\dataconnect`: GetFileAttributesEx f:\React\Animation\Graduation-Project\dataconnect: The system cannot find the file specified.
 {"metadata":{"emulator":{"name":"dataconnect"},"message":"E0521 07:51:40.087382   32040 watch.go:116] watchAllDir unable to walk dir `f:\\React\\Animation\\Graduation-Project\\dataconnect`: GetFileAttributesEx f:\\React\\Animation\\Graduation-Project\\dataconnect: The system cannot find the file specified.\n"}}
[debug] [2026-05-21T04:51:40.088Z] E0521 07:51:40.087382   32040 watch.go:40] Failed to load config from "f:\\React\\Animation\\Graduation-Project\\dataconnect": could not find dataconnect.yaml in `f:\React\Animation\Graduation-Project\dataconnect`
 {"metadata":{"emulator":{"name":"dataconnect"},"message":"E0521 07:51:40.087382   32040 watch.go:40] Failed to load config from \"f:\\\\React\\\\Animation\\\\Graduation-Project\\\\dataconnect\": could not find dataconnect.yaml in `f:\\React\\Animation\\Graduation-Project\\dataconnect`\n"}}
[debug] [2026-05-21T04:51:50.087Z] E0521 07:51:50.087161   32040 watch.go:40] Failed to load config from "f:\\React\\Animation\\Graduation-Project\\dataconnect": could not find dataconnect.yaml in `f:\React\Animation\Graduation-Project\dataconnect`
 {"metadata":{"emulator":{"name":"dataconnect"},"message":"E0521 07:51:50.087161   32040 watch.go:40] Failed to load config from \"f:\\\\React\\\\Animation\\\\Graduation-Project\\\\dataconnect\": could not find dataconnect.yaml in `f:\\React\\Animation\\Graduation-Project\\dataconnect`\n"}}
[debug] [2026-05-21T04:52:00.087Z] E0521 07:52:00.087029   32040 watch.go:40] Failed to load config from "f:\\React\\Animation\\Graduation-Project\\dataconnect": could not find dataconnect.yaml in `f:\React\Animation\Graduation-Project\dataconnect`
 {"metadata":{"emulator":{"name":"dataconnect"},"message":"E0521 07:52:00.087029   32040 watch.go:40] Failed to load config from \"f:\\\\React\\\\Animation\\\\Graduation-Project\\\\dataconnect\": could not find dataconnect.yaml in `f:\\React\\Animation\\Graduation-Project\\dataconnect`\n"}}
[debug] [2026-05-21T04:52:10.087Z] E0521 07:52:10.086956   32040 watch.go:40] Failed to load config from "f:\\React\\Animation\\Graduation-Project\\dataconnect": could not find dataconnect.yaml in `f:\React\Animation\Graduation-Project\dataconnect`
 {"metadata":{"emulator":{"name":"dataconnect"},"message":"E0521 07:52:10.086956   32040 watch.go:40] Failed to load config from \"f:\\\\React\\\\Animation\\\\Graduation-Project\\\\dataconnect\": could not find dataconnect.yaml in `f:\\React\\Animation\\Graduation-Project\\dataconnect`\n"}}
[debug] [2026-05-21T04:52:20.087Z] E0521 07:52:20.087163   32040 watch.go:40] Failed to load config from "f:\\React\\Animation\\Graduation-Project\\dataconnect": could not find dataconnect.yaml in `f:\React\Animation\Graduation-Project\dataconnect`
 {"metadata":{"emulator":{"name":"dataconnect"},"message":"E0521 07:52:20.087163   32040 watch.go:40] Failed to load config from \"f:\\\\React\\\\Animation\\\\Graduation-Project\\\\dataconnect\": could not find dataconnect.yaml in `f:\\React\\Animation\\Graduation-Project\\dataconnect`\n"}}
[debug] [2026-05-21T04:52:30.087Z] E0521 07:52:30.087277   32040 watch.go:40] Failed to load config from "f:\\React\\Animation\\Graduation-Project\\dataconnect": could not find dataconnect.yaml in `f:\React\Animation\Graduation-Project\dataconnect`
 {"metadata":{"emulator":{"name":"dataconnect"},"message":"E0521 07:52:30.087277   32040 watch.go:40] Failed to load config from \"f:\\\\React\\\\Animation\\\\Graduation-Project\\\\dataconnect\": could not find dataconnect.yaml in `f:\\React\\Animation\\Graduation-Project\\dataconnect`\n"}}
[debug] [2026-05-21T04:52:40.087Z] E0521 07:52:40.086953   32040 watch.go:116] watchAllDir unable to walk dir `f:\React\Animation\Graduation-Project\dataconnect`: GetFileAttributesEx f:\React\Animation\Graduation-Project\dataconnect: The system cannot find the file specified.
 {"metadata":{"emulator":{"name":"dataconnect"},"message":"E0521 07:52:40.086953   32040 watch.go:116] watchAllDir unable to walk dir `f:\\React\\Animation\\Graduation-Project\\dataconnect`: GetFileAttributesEx f:\\React\\Animation\\Graduation-Project\\dataconnect: The system cannot find the file specified.\n"}}
[debug] [2026-05-21T04:52:40.087Z] E0521 07:52:40.086953   32040 watch.go:40] Failed to load config from "f:\\React\\Animation\\Graduation-Project\\dataconnect": could not find dataconnect.yaml in `f:\React\Animation\Graduation-Project\dataconnect`
 {"metadata":{"emulator":{"name":"dataconnect"},"message":"E0521 07:52:40.086953   32040 watch.go:40] Failed to load config from \"f:\\\\React\\\\Animation\\\\Graduation-Project\\\\dataconnect\": could not find dataconnect.yaml in `f:\\React\\Animation\\Graduation-Project\\dataconnect`\n"}}
[debug] [2026-05-21T04:52:50.087Z] E0521 07:52:50.086911   32040 watch.go:40] Failed to load config from "f:\\React\\Animation\\Graduation-Project\\dataconnect": could not find dataconnect.yaml in `f:\React\Animation\Graduation-Project\dataconnect`
 {"metadata":{"emulator":{"name":"dataconnect"},"message":"E0521 07:52:50.086911   32040 watch.go:40] Failed to load config from \"f:\\\\React\\\\Animation\\\\Graduation-Project\\\\dataconnect\": could not find dataconnect.yaml in `f:\\React\\Animation\\Graduation-Project\\dataconnect`\n"}}
[debug] [2026-05-21T04:53:00.088Z] E0521 07:53:00.087904   32040 watch.go:40] Failed to load config from "f:\\React\\Animation\\Graduation-Project\\dataconnect": could not find dataconnect.yaml in `f:\React\Animation\Graduation-Project\dataconnect`
 {"metadata":{"emulator":{"name":"dataconnect"},"message":"E0521 07:53:00.087904   32040 watch.go:40] Failed to load config from \"f:\\\\React\\\\Animation\\\\Graduation-Project\\\\dataconnect\": could not find dataconnect.yaml in `f:\\React\\Animation\\Graduation-Project\\dataconnect`\n"}}
[debug] [2026-05-21T04:53:10.087Z] E0521 07:53:10.087358   32040 watch.go:40] Failed to load config from "f:\\React\\Animation\\Graduation-Project\\dataconnect": could not find dataconnect.yaml in `f:\React\Animation\Graduation-Project\dataconnect`
 {"metadata":{"emulator":{"name":"dataconnect"},"message":"E0521 07:53:10.087358   32040 watch.go:40] Failed to load config from \"f:\\\\React\\\\Animation\\\\Graduation-Project\\\\dataconnect\": could not find dataconnect.yaml in `f:\\React\\Animation\\Graduation-Project\\dataconnect`\n"}}
[debug] [2026-05-21T04:53:20.089Z] E0521 07:53:20.087055   32040 watch.go:40] Failed to load config from "f:\\React\\Animation\\Graduation-Project\\dataconnect": could not find dataconnect.yaml in `f:\React\Animation\Graduation-Project\dataconnect`
 {"metadata":{"emulator":{"name":"dataconnect"},"message":"E0521 07:53:20.087055   32040 watch.go:40] Failed to load config from \"f:\\\\React\\\\Animation\\\\Graduation-Project\\\\dataconnect\": could not find dataconnect.yaml in `f:\\React\\Animation\\Graduation-Project\\dataconnect`\n"}}
[debug] [2026-05-21T04:53:30.087Z] E0521 07:53:30.086926   32040 watch.go:40] Failed to load config from "f:\\React\\Animation\\Graduation-Project\\dataconnect": could not find dataconnect.yaml in `f:\React\Animation\Graduation-Project\dataconnect`
 {"metadata":{"emulator":{"name":"dataconnect"},"message":"E0521 07:53:30.086926   32040 watch.go:40] Failed to load config from \"f:\\\\React\\\\Animation\\\\Graduation-Project\\\\dataconnect\": could not find dataconnect.yaml in `f:\\React\\Animation\\Graduation-Project\\dataconnect`\n"}}
[debug] [2026-05-21T04:53:40.087Z] E0521 07:53:40.087425   32040 watch.go:116] watchAllDir unable to walk dir `f:\React\Animation\Graduation-Project\dataconnect`: GetFileAttributesEx f:\React\Animation\Graduation-Project\dataconnect: The system cannot find the file specified.
E0521 07:53:40.087425   32040 watch.go:40] Failed to load config from "f:\\React\\Animation\\Graduation-Project\\dataconnect": could not find dataconnect.yaml in `f:\React\Animation\Graduation-Project\dataconnect`
 {"metadata":{"emulator":{"name":"dataconnect"},"message":"E0521 07:53:40.087425   32040 watch.go:116] watchAllDir unable to walk dir `f:\\React\\Animation\\Graduation-Project\\dataconnect`: GetFileAttributesEx f:\\React\\Animation\\Graduation-Project\\dataconnect: The system cannot find the file specified.\nE0521 07:53:40.087425   32040 watch.go:40] Failed to load config from \"f:\\\\React\\\\Animation\\\\Graduation-Project\\\\dataconnect\": could not find dataconnect.yaml in `f:\\React\\Animation\\Graduation-Project\\dataconnect`\n"}}
[debug] [2026-05-21T04:53:50.087Z] E0521 07:53:50.087383   32040 watch.go:40] Failed to load config from "f:\\React\\Animation\\Graduation-Project\\dataconnect": could not find dataconnect.yaml in `f:\React\Animation\Graduation-Project\dataconnect`
 {"metadata":{"emulator":{"name":"dataconnect"},"message":"E0521 07:53:50.087383   32040 watch.go:40] Failed to load config from \"f:\\\\React\\\\Animation\\\\Graduation-Project\\\\dataconnect\": could not find dataconnect.yaml in `f:\\React\\Animation\\Graduation-Project\\dataconnect`\n"}}
[debug] [2026-05-21T04:54:00.087Z] E0521 07:54:00.087378   32040 watch.go:40] Failed to load config from "f:\\React\\Animation\\Graduation-Project\\dataconnect": could not find dataconnect.yaml in `f:\React\Animation\Graduation-Project\dataconnect`
 {"metadata":{"emulator":{"name":"dataconnect"},"message":"E0521 07:54:00.087378   32040 watch.go:40] Failed to load config from \"f:\\\\React\\\\Animation\\\\Graduation-Project\\\\dataconnect\": could not find dataconnect.yaml in `f:\\React\\Animation\\Graduation-Project\\dataconnect`\n"}}
[debug] [2026-05-21T04:54:10.087Z] E0521 07:54:10.087339   32040 watch.go:40] Failed to load config from "f:\\React\\Animation\\Graduation-Project\\dataconnect": could not find dataconnect.yaml in `f:\React\Animation\Graduation-Project\dataconnect`
 {"metadata":{"emulator":{"name":"dataconnect"},"message":"E0521 07:54:10.087339   32040 watch.go:40] Failed to load config from \"f:\\\\React\\\\Animation\\\\Graduation-Project\\\\dataconnect\": could not find dataconnect.yaml in `f:\\React\\Animation\\Graduation-Project\\dataconnect`\n"}}
[debug] [2026-05-21T04:54:20.087Z] E0521 07:54:20.086948   32040 watch.go:40] Failed to load config from "f:\\React\\Animation\\Graduation-Project\\dataconnect": could not find dataconnect.yaml in `f:\React\Animation\Graduation-Project\dataconnect`
 {"metadata":{"emulator":{"name":"dataconnect"},"message":"E0521 07:54:20.086948   32040 watch.go:40] Failed to load config from \"f:\\\\React\\\\Animation\\\\Graduation-Project\\\\dataconnect\": could not find dataconnect.yaml in `f:\\React\\Animation\\Graduation-Project\\dataconnect`\n"}}
[debug] [2026-05-21T04:54:30.087Z] E0521 07:54:30.087008   32040 watch.go:40] Failed to load config from "f:\\React\\Animation\\Graduation-Project\\dataconnect": could not find dataconnect.yaml in `f:\React\Animation\Graduation-Project\dataconnect`
 {"metadata":{"emulator":{"name":"dataconnect"},"message":"E0521 07:54:30.087008   32040 watch.go:40] Failed to load config from \"f:\\\\React\\\\Animation\\\\Graduation-Project\\\\dataconnect\": could not find dataconnect.yaml in `f:\\React\\Animation\\Graduation-Project\\dataconnect`\n"}}
[debug] [2026-05-21T04:54:40.086Z] E0521 07:54:40.087334   32040 watch.go:116] watchAllDir unable to walk dir `f:\React\Animation\Graduation-Project\dataconnect`: GetFileAttributesEx f:\React\Animation\Graduation-Project\dataconnect: The system cannot find the file specified.
E0521 07:54:40.087334   32040 watch.go:40] Failed to load config from "f:\\React\\Animation\\Graduation-Project\\dataconnect": could not find dataconnect.yaml in `f:\React\Animation\Graduation-Project\dataconnect`
 {"metadata":{"emulator":{"name":"dataconnect"},"message":"E0521 07:54:40.087334   32040 watch.go:116] watchAllDir unable to walk dir `f:\\React\\Animation\\Graduation-Project\\dataconnect`: GetFileAttributesEx f:\\React\\Animation\\Graduation-Project\\dataconnect: The system cannot find the file specified.\nE0521 07:54:40.087334   32040 watch.go:40] Failed to load config from \"f:\\\\React\\\\Animation\\\\Graduation-Project\\\\dataconnect\": could not find dataconnect.yaml in `f:\\React\\Animation\\Graduation-Project\\dataconnect`\n"}}
[debug] [2026-05-21T04:54:50.086Z] E0521 07:54:50.087095   32040 watch.go:40] Failed to load config from "f:\\React\\Animation\\Graduation-Project\\dataconnect": could not find dataconnect.yaml in `f:\React\Animation\Graduation-Project\dataconnect`
 {"metadata":{"emulator":{"name":"dataconnect"},"message":"E0521 07:54:50.087095   32040 watch.go:40] Failed to load config from \"f:\\\\React\\\\Animation\\\\Graduation-Project\\\\dataconnect\": could not find dataconnect.yaml in `f:\\React\\Animation\\Graduation-Project\\dataconnect`\n"}}
[debug] [2026-05-21T04:55:00.086Z] E0521 07:55:00.087011   32040 watch.go:40] Failed to load config from "f:\\React\\Animation\\Graduation-Project\\dataconnect": could not find dataconnect.yaml in `f:\React\Animation\Graduation-Project\dataconnect`
 {"metadata":{"emulator":{"name":"dataconnect"},"message":"E0521 07:55:00.087011   32040 watch.go:40] Failed to load config from \"f:\\\\React\\\\Animation\\\\Graduation-Project\\\\dataconnect\": could not find dataconnect.yaml in `f:\\React\\Animation\\Graduation-Project\\dataconnect`\n"}}
[debug] [2026-05-21T04:55:10.086Z] E0521 07:55:10.087003   32040 watch.go:40] Failed to load config from "f:\\React\\Animation\\Graduation-Project\\dataconnect": could not find dataconnect.yaml in `f:\React\Animation\Graduation-Project\dataconnect`
 {"metadata":{"emulator":{"name":"dataconnect"},"message":"E0521 07:55:10.087003   32040 watch.go:40] Failed to load config from \"f:\\\\React\\\\Animation\\\\Graduation-Project\\\\dataconnect\": could not find dataconnect.yaml in `f:\\React\\Animation\\Graduation-Project\\dataconnect`\n"}}
[debug] [2026-05-21T04:55:20.086Z] E0521 07:55:20.087039   32040 watch.go:40] Failed to load config from "f:\\React\\Animation\\Graduation-Project\\dataconnect": could not find dataconnect.yaml in `f:\React\Animation\Graduation-Project\dataconnect`
 {"metadata":{"emulator":{"name":"dataconnect"},"message":"E0521 07:55:20.087039   32040 watch.go:40] Failed to load config from \"f:\\\\React\\\\Animation\\\\Graduation-Project\\\\dataconnect\": could not find dataconnect.yaml in `f:\\React\\Animation\\Graduation-Project\\dataconnect`\n"}}
[debug] [2026-05-21T04:55:30.086Z] E0521 07:55:30.087257   32040 watch.go:40] Failed to load config from "f:\\React\\Animation\\Graduation-Project\\dataconnect": could not find dataconnect.yaml in `f:\React\Animation\Graduation-Project\dataconnect`
 {"metadata":{"emulator":{"name":"dataconnect"},"message":"E0521 07:55:30.087257   32040 watch.go:40] Failed to load config from \"f:\\\\React\\\\Animation\\\\Graduation-Project\\\\dataconnect\": could not find dataconnect.yaml in `f:\\React\\Animation\\Graduation-Project\\dataconnect`\n"}}
[debug] [2026-05-21T04:55:40.087Z] E0521 07:55:40.087179   32040 watch.go:116] watchAllDir unable to walk dir `f:\React\Animation\Graduation-Project\dataconnect`: GetFileAttributesEx f:\React\Animation\Graduation-Project\dataconnect: The system cannot find the file specified.
 {"metadata":{"emulator":{"name":"dataconnect"},"message":"E0521 07:55:40.087179   32040 watch.go:116] watchAllDir unable to walk dir `f:\\React\\Animation\\Graduation-Project\\dataconnect`: GetFileAttributesEx f:\\React\\Animation\\Graduation-Project\\dataconnect: The system cannot find the file specified.\n"}}
[debug] [2026-05-21T04:55:40.087Z] E0521 07:55:40.087179   32040 watch.go:40] Failed to load config from "f:\\React\\Animation\\Graduation-Project\\dataconnect": could not find dataconnect.yaml in `f:\React\Animation\Graduation-Project\dataconnect`
 {"metadata":{"emulator":{"name":"dataconnect"},"message":"E0521 07:55:40.087179   32040 watch.go:40] Failed to load config from \"f:\\\\React\\\\Animation\\\\Graduation-Project\\\\dataconnect\": could not find dataconnect.yaml in `f:\\React\\Animation\\Graduation-Project\\dataconnect`\n"}}
[debug] [2026-05-21T04:55:50.087Z] E0521 07:55:50.087421   32040 watch.go:40] Failed to load config from "f:\\React\\Animation\\Graduation-Project\\dataconnect": could not find dataconnect.yaml in `f:\React\Animation\Graduation-Project\dataconnect`
 {"metadata":{"emulator":{"name":"dataconnect"},"message":"E0521 07:55:50.087421   32040 watch.go:40] Failed to load config from \"f:\\\\React\\\\Animation\\\\Graduation-Project\\\\dataconnect\": could not find dataconnect.yaml in `f:\\React\\Animation\\Graduation-Project\\dataconnect`\n"}}
[debug] [2026-05-21T04:56:00.087Z] E0521 07:56:00.087382   32040 watch.go:40] Failed to load config from "f:\\React\\Animation\\Graduation-Project\\dataconnect": could not find dataconnect.yaml in `f:\React\Animation\Graduation-Project\dataconnect`
 {"metadata":{"emulator":{"name":"dataconnect"},"message":"E0521 07:56:00.087382   32040 watch.go:40] Failed to load config from \"f:\\\\React\\\\Animation\\\\Graduation-Project\\\\dataconnect\": could not find dataconnect.yaml in `f:\\React\\Animation\\Graduation-Project\\dataconnect`\n"}}
[debug] [2026-05-21T04:56:10.087Z] E0521 07:56:10.087319   32040 watch.go:40] Failed to load config from "f:\\React\\Animation\\Graduation-Project\\dataconnect": could not find dataconnect.yaml in `f:\React\Animation\Graduation-Project\dataconnect`
 {"metadata":{"emulator":{"name":"dataconnect"},"message":"E0521 07:56:10.087319   32040 watch.go:40] Failed to load config from \"f:\\\\React\\\\Animation\\\\Graduation-Project\\\\dataconnect\": could not find dataconnect.yaml in `f:\\React\\Animation\\Graduation-Project\\dataconnect`\n"}}
[debug] [2026-05-21T04:56:20.087Z] E0521 07:56:20.086977   32040 watch.go:40] Failed to load config from "f:\\React\\Animation\\Graduation-Project\\dataconnect": could not find dataconnect.yaml in `f:\React\Animation\Graduation-Project\dataconnect`
 {"metadata":{"emulator":{"name":"dataconnect"},"message":"E0521 07:56:20.086977   32040 watch.go:40] Failed to load config from \"f:\\\\React\\\\Animation\\\\Graduation-Project\\\\dataconnect\": could not find dataconnect.yaml in `f:\\React\\Animation\\Graduation-Project\\dataconnect`\n"}}
[debug] [2026-05-21T04:56:30.087Z] E0521 07:56:30.087184   32040 watch.go:40] Failed to load config from "f:\\React\\Animation\\Graduation-Project\\dataconnect": could not find dataconnect.yaml in `f:\React\Animation\Graduation-Project\dataconnect`
 {"metadata":{"emulator":{"name":"dataconnect"},"message":"E0521 07:56:30.087184   32040 watch.go:40] Failed to load config from \"f:\\\\React\\\\Animation\\\\Graduation-Project\\\\dataconnect\": could not find dataconnect.yaml in `f:\\React\\Animation\\Graduation-Project\\dataconnect`\n"}}
[debug] [2026-05-21T04:56:40.087Z] E0521 07:56:40.087089   32040 watch.go:116] watchAllDir unable to walk dir `f:\React\Animation\Graduation-Project\dataconnect`: GetFileAttributesEx f:\React\Animation\Graduation-Project\dataconnect: The system cannot find the file specified.
E0521 07:56:40.087089   32040 watch.go:40] Failed to load config from "f:\\React\\Animation\\Graduation-Project\\dataconnect": could not find dataconnect.yaml in `f:\React\Animation\Graduation-Project\dataconnect`
 {"metadata":{"emulator":{"name":"dataconnect"},"message":"E0521 07:56:40.087089   32040 watch.go:116] watchAllDir unable to walk dir `f:\\React\\Animation\\Graduation-Project\\dataconnect`: GetFileAttributesEx f:\\React\\Animation\\Graduation-Project\\dataconnect: The system cannot find the file specified.\nE0521 07:56:40.087089   32040 watch.go:40] Failed to load config from \"f:\\\\React\\\\Animation\\\\Graduation-Project\\\\dataconnect\": could not find dataconnect.yaml in `f:\\React\\Animation\\Graduation-Project\\dataconnect`\n"}}
[debug] [2026-05-21T04:56:50.087Z] E0521 07:56:50.087874   32040 watch.go:40] Failed to load config from "f:\\React\\Animation\\Graduation-Project\\dataconnect": could not find dataconnect.yaml in `f:\React\Animation\Graduation-Project\dataconnect`
 {"metadata":{"emulator":{"name":"dataconnect"},"message":"E0521 07:56:50.087874   32040 watch.go:40] Failed to load config from \"f:\\\\React\\\\Animation\\\\Graduation-Project\\\\dataconnect\": could not find dataconnect.yaml in `f:\\React\\Animation\\Graduation-Project\\dataconnect`\n"}}
[debug] [2026-05-21T04:57:00.091Z] E0521 07:57:00.087540   32040 watch.go:40] Failed to load config from "f:\\React\\Animation\\Graduation-Project\\dataconnect": could not find dataconnect.yaml in `f:\React\Animation\Graduation-Project\dataconnect`
 {"metadata":{"emulator":{"name":"dataconnect"},"message":"E0521 07:57:00.087540   32040 watch.go:40] Failed to load config from \"f:\\\\React\\\\Animation\\\\Graduation-Project\\\\dataconnect\": could not find dataconnect.yaml in `f:\\React\\Animation\\Graduation-Project\\dataconnect`\n"}}
[debug] [2026-05-21T04:57:10.087Z] E0521 07:57:10.087143   32040 watch.go:40] Failed to load config from "f:\\React\\Animation\\Graduation-Project\\dataconnect": could not find dataconnect.yaml in `f:\React\Animation\Graduation-Project\dataconnect`
 {"metadata":{"emulator":{"name":"dataconnect"},"message":"E0521 07:57:10.087143   32040 watch.go:40] Failed to load config from \"f:\\\\React\\\\Animation\\\\Graduation-Project\\\\dataconnect\": could not find dataconnect.yaml in `f:\\React\\Animation\\Graduation-Project\\dataconnect`\n"}}
[debug] [2026-05-21T04:57:20.087Z] E0521 07:57:20.087301   32040 watch.go:40] Failed to load config from "f:\\React\\Animation\\Graduation-Project\\dataconnect": could not find dataconnect.yaml in `f:\React\Animation\Graduation-Project\dataconnect`
 {"metadata":{"emulator":{"name":"dataconnect"},"message":"E0521 07:57:20.087301   32040 watch.go:40] Failed to load config from \"f:\\\\React\\\\Animation\\\\Graduation-Project\\\\dataconnect\": could not find dataconnect.yaml in `f:\\React\\Animation\\Graduation-Project\\dataconnect`\n"}}
[debug] [2026-05-21T04:57:30.087Z] E0521 07:57:30.087422   32040 watch.go:40] Failed to load config from "f:\\React\\Animation\\Graduation-Project\\dataconnect": could not find dataconnect.yaml in `f:\React\Animation\Graduation-Project\dataconnect`
 {"metadata":{"emulator":{"name":"dataconnect"},"message":"E0521 07:57:30.087422   32040 watch.go:40] Failed to load config from \"f:\\\\React\\\\Animation\\\\Graduation-Project\\\\dataconnect\": could not find dataconnect.yaml in `f:\\React\\Animation\\Graduation-Project\\dataconnect`\n"}}
[debug] [2026-05-21T04:57:40.087Z] E0521 07:57:40.087037   32040 watch.go:116] watchAllDir unable to walk dir `f:\React\Animation\Graduation-Project\dataconnect`: GetFileAttributesEx f:\React\Animation\Graduation-Project\dataconnect: The system cannot find the file specified.
E0521 07:57:40.087037   32040 watch.go:40] Failed to load config from "f:\\React\\Animation\\Graduation-Project\\dataconnect": could not find dataconnect.yaml in `f:\React\Animation\Graduation-Project\dataconnect`
 {"metadata":{"emulator":{"name":"dataconnect"},"message":"E0521 07:57:40.087037   32040 watch.go:116] watchAllDir unable to walk dir `f:\\React\\Animation\\Graduation-Project\\dataconnect`: GetFileAttributesEx f:\\React\\Animation\\Graduation-Project\\dataconnect: The system cannot find the file specified.\nE0521 07:57:40.087037   32040 watch.go:40] Failed to load config from \"f:\\\\React\\\\Animation\\\\Graduation-Project\\\\dataconnect\": could not find dataconnect.yaml in `f:\\React\\Animation\\Graduation-Project\\dataconnect`\n"}}
[debug] [2026-05-21T04:57:50.087Z] E0521 07:57:50.087427   32040 watch.go:40] Failed to load config from "f:\\React\\Animation\\Graduation-Project\\dataconnect": could not find dataconnect.yaml in `f:\React\Animation\Graduation-Project\dataconnect`
 {"metadata":{"emulator":{"name":"dataconnect"},"message":"E0521 07:57:50.087427   32040 watch.go:40] Failed to load config from \"f:\\\\React\\\\Animation\\\\Graduation-Project\\\\dataconnect\": could not find dataconnect.yaml in `f:\\React\\Animation\\Graduation-Project\\dataconnect`\n"}}
[debug] [2026-05-21T04:58:00.087Z] E0521 07:58:00.087077   32040 watch.go:40] Failed to load config from "f:\\React\\Animation\\Graduation-Project\\dataconnect": could not find dataconnect.yaml in `f:\React\Animation\Graduation-Project\dataconnect`
 {"metadata":{"emulator":{"name":"dataconnect"},"message":"E0521 07:58:00.087077   32040 watch.go:40] Failed to load config from \"f:\\\\React\\\\Animation\\\\Graduation-Project\\\\dataconnect\": could not find dataconnect.yaml in `f:\\React\\Animation\\Graduation-Project\\dataconnect`\n"}}
[debug] [2026-05-21T04:58:10.087Z] E0521 07:58:10.087235   32040 watch.go:40] Failed to load config from "f:\\React\\Animation\\Graduation-Project\\dataconnect": could not find dataconnect.yaml in `f:\React\Animation\Graduation-Project\dataconnect`
 {"metadata":{"emulator":{"name":"dataconnect"},"message":"E0521 07:58:10.087235   32040 watch.go:40] Failed to load config from \"f:\\\\React\\\\Animation\\\\Graduation-Project\\\\dataconnect\": could not find dataconnect.yaml in `f:\\React\\Animation\\Graduation-Project\\dataconnect`\n"}}
[debug] [2026-05-21T04:58:20.087Z] E0521 07:58:20.087188   32040 watch.go:40] Failed to load config from "f:\\React\\Animation\\Graduation-Project\\dataconnect": could not find dataconnect.yaml in `f:\React\Animation\Graduation-Project\dataconnect`
 {"metadata":{"emulator":{"name":"dataconnect"},"message":"E0521 07:58:20.087188   32040 watch.go:40] Failed to load config from \"f:\\\\React\\\\Animation\\\\Graduation-Project\\\\dataconnect\": could not find dataconnect.yaml in `f:\\React\\Animation\\Graduation-Project\\dataconnect`\n"}}
[debug] [2026-05-21T04:58:30.087Z] E0521 07:58:30.086995   32040 watch.go:40] Failed to load config from "f:\\React\\Animation\\Graduation-Project\\dataconnect": could not find dataconnect.yaml in `f:\React\Animation\Graduation-Project\dataconnect`
 {"metadata":{"emulator":{"name":"dataconnect"},"message":"E0521 07:58:30.086995   32040 watch.go:40] Failed to load config from \"f:\\\\React\\\\Animation\\\\Graduation-Project\\\\dataconnect\": could not find dataconnect.yaml in `f:\\React\\Animation\\Graduation-Project\\dataconnect`\n"}}
[debug] [2026-05-21T04:58:40.087Z] E0521 07:58:40.087250   32040 watch.go:116] watchAllDir unable to walk dir `f:\React\Animation\Graduation-Project\dataconnect`: GetFileAttributesEx f:\React\Animation\Graduation-Project\dataconnect: The system cannot find the file specified.
 {"metadata":{"emulator":{"name":"dataconnect"},"message":"E0521 07:58:40.087250   32040 watch.go:116] watchAllDir unable to walk dir `f:\\React\\Animation\\Graduation-Project\\dataconnect`: GetFileAttributesEx f:\\React\\Animation\\Graduation-Project\\dataconnect: The system cannot find the file specified.\n"}}
[debug] [2026-05-21T04:58:40.087Z] E0521 07:58:40.087250   32040 watch.go:40] Failed to load config from "f:\\React\\Animation\\Graduation-Project\\dataconnect": could not find dataconnect.yaml in `f:\React\Animation\Graduation-Project\dataconnect`
 {"metadata":{"emulator":{"name":"dataconnect"},"message":"E0521 07:58:40.087250   32040 watch.go:40] Failed to load config from \"f:\\\\React\\\\Animation\\\\Graduation-Project\\\\dataconnect\": could not find dataconnect.yaml in `f:\\React\\Animation\\Graduation-Project\\dataconnect`\n"}}
[debug] [2026-05-21T04:58:50.100Z] E0521 07:58:50.087289   32040 watch.go:40] Failed to load config from "f:\\React\\Animation\\Graduation-Project\\dataconnect": could not find dataconnect.yaml in `f:\React\Animation\Graduation-Project\dataconnect`
 {"metadata":{"emulator":{"name":"dataconnect"},"message":"E0521 07:58:50.087289   32040 watch.go:40] Failed to load config from \"f:\\\\React\\\\Animation\\\\Graduation-Project\\\\dataconnect\": could not find dataconnect.yaml in `f:\\React\\Animation\\Graduation-Project\\dataconnect`\n"}}
[debug] [2026-05-21T04:59:00.087Z] E0521 07:59:00.086989   32040 watch.go:40] Failed to load config from "f:\\React\\Animation\\Graduation-Project\\dataconnect": could not find dataconnect.yaml in `f:\React\Animation\Graduation-Project\dataconnect`
 {"metadata":{"emulator":{"name":"dataconnect"},"message":"E0521 07:59:00.086989   32040 watch.go:40] Failed to load config from \"f:\\\\React\\\\Animation\\\\Graduation-Project\\\\dataconnect\": could not find dataconnect.yaml in `f:\\React\\Animation\\Graduation-Project\\dataconnect`\n"}}
[debug] [2026-05-21T04:59:10.101Z] E0521 07:59:10.090154   32040 watch.go:40] Failed to load config from "f:\\React\\Animation\\Graduation-Project\\dataconnect": could not find dataconnect.yaml in `f:\React\Animation\Graduation-Project\dataconnect`
 {"metadata":{"emulator":{"name":"dataconnect"},"message":"E0521 07:59:10.090154   32040 watch.go:40] Failed to load config from \"f:\\\\React\\\\Animation\\\\Graduation-Project\\\\dataconnect\": could not find dataconnect.yaml in `f:\\React\\Animation\\Graduation-Project\\dataconnect`\n"}}
[debug] [2026-05-21T04:59:20.087Z] E0521 07:59:20.087221   32040 watch.go:40] Failed to load config from "f:\\React\\Animation\\Graduation-Project\\dataconnect": could not find dataconnect.yaml in `f:\React\Animation\Graduation-Project\dataconnect`
 {"metadata":{"emulator":{"name":"dataconnect"},"message":"E0521 07:59:20.087221   32040 watch.go:40] Failed to load config from \"f:\\\\React\\\\Animation\\\\Graduation-Project\\\\dataconnect\": could not find dataconnect.yaml in `f:\\React\\Animation\\Graduation-Project\\dataconnect`\n"}}
[debug] [2026-05-21T04:59:30.087Z] E0521 07:59:30.087399   32040 watch.go:40] Failed to load config from "f:\\React\\Animation\\Graduation-Project\\dataconnect": could not find dataconnect.yaml in `f:\React\Animation\Graduation-Project\dataconnect`
 {"metadata":{"emulator":{"name":"dataconnect"},"message":"E0521 07:59:30.087399   32040 watch.go:40] Failed to load config from \"f:\\\\React\\\\Animation\\\\Graduation-Project\\\\dataconnect\": could not find dataconnect.yaml in `f:\\React\\Animation\\Graduation-Project\\dataconnect`\n"}}
[debug] [2026-05-21T04:59:40.087Z] E0521 07:59:40.087150   32040 watch.go:116] watchAllDir unable to walk dir `f:\React\Animation\Graduation-Project\dataconnect`: GetFileAttributesEx f:\React\Animation\Graduation-Project\dataconnect: The system cannot find the file specified.
E0521 07:59:40.087150   32040 watch.go:40] Failed to load config from "f:\\React\\Animation\\Graduation-Project\\dataconnect": could not find dataconnect.yaml in `f:\React\Animation\Graduation-Project\dataconnect`
 {"metadata":{"emulator":{"name":"dataconnect"},"message":"E0521 07:59:40.087150   32040 watch.go:116] watchAllDir unable to walk dir `f:\\React\\Animation\\Graduation-Project\\dataconnect`: GetFileAttributesEx f:\\React\\Animation\\Graduation-Project\\dataconnect: The system cannot find the file specified.\nE0521 07:59:40.087150   32040 watch.go:40] Failed to load config from \"f:\\\\React\\\\Animation\\\\Graduation-Project\\\\dataconnect\": could not find dataconnect.yaml in `f:\\React\\Animation\\Graduation-Project\\dataconnect`\n"}}
[debug] [2026-05-21T04:59:50.087Z] E0521 07:59:50.087289   32040 watch.go:40] Failed to load config from "f:\\React\\Animation\\Graduation-Project\\dataconnect": could not find dataconnect.yaml in `f:\React\Animation\Graduation-Project\dataconnect`
 {"metadata":{"emulator":{"name":"dataconnect"},"message":"E0521 07:59:50.087289   32040 watch.go:40] Failed to load config from \"f:\\\\React\\\\Animation\\\\Graduation-Project\\\\dataconnect\": could not find dataconnect.yaml in `f:\\React\\Animation\\Graduation-Project\\dataconnect`\n"}}
[debug] [2026-05-21T05:00:00.086Z] E0521 08:00:00.086917   32040 watch.go:40] Failed to load config from "f:\\React\\Animation\\Graduation-Project\\dataconnect": could not find dataconnect.yaml in `f:\React\Animation\Graduation-Project\dataconnect`
 {"metadata":{"emulator":{"name":"dataconnect"},"message":"E0521 08:00:00.086917   32040 watch.go:40] Failed to load config from \"f:\\\\React\\\\Animation\\\\Graduation-Project\\\\dataconnect\": could not find dataconnect.yaml in `f:\\React\\Animation\\Graduation-Project\\dataconnect`\n"}}
[debug] [2026-05-21T05:00:10.087Z] E0521 08:00:10.087795   32040 watch.go:40] Failed to load config from "f:\\React\\Animation\\Graduation-Project\\dataconnect": could not find dataconnect.yaml in `f:\React\Animation\Graduation-Project\dataconnect`
 {"metadata":{"emulator":{"name":"dataconnect"},"message":"E0521 08:00:10.087795   32040 watch.go:40] Failed to load config from \"f:\\\\React\\\\Animation\\\\Graduation-Project\\\\dataconnect\": could not find dataconnect.yaml in `f:\\React\\Animation\\Graduation-Project\\dataconnect`\n"}}
[debug] [2026-05-21T05:00:20.087Z] E0521 08:00:20.087115   32040 watch.go:40] Failed to load config from "f:\\React\\Animation\\Graduation-Project\\dataconnect": could not find dataconnect.yaml in `f:\React\Animation\Graduation-Project\dataconnect`
 {"metadata":{"emulator":{"name":"dataconnect"},"message":"E0521 08:00:20.087115   32040 watch.go:40] Failed to load config from \"f:\\\\React\\\\Animation\\\\Graduation-Project\\\\dataconnect\": could not find dataconnect.yaml in `f:\\React\\Animation\\Graduation-Project\\dataconnect`\n"}}
[debug] [2026-05-21T05:00:30.087Z] E0521 08:00:30.087402   32040 watch.go:40] Failed to load config from "f:\\React\\Animation\\Graduation-Project\\dataconnect": could not find dataconnect.yaml in `f:\React\Animation\Graduation-Project\dataconnect`
 {"metadata":{"emulator":{"name":"dataconnect"},"message":"E0521 08:00:30.087402   32040 watch.go:40] Failed to load config from \"f:\\\\React\\\\Animation\\\\Graduation-Project\\\\dataconnect\": could not find dataconnect.yaml in `f:\\React\\Animation\\Graduation-Project\\dataconnect`\n"}}
[debug] [2026-05-21T05:00:40.087Z] E0521 08:00:40.087217   32040 watch.go:116] watchAllDir unable to walk dir `f:\React\Animation\Graduation-Project\dataconnect`: GetFileAttributesEx f:\React\Animation\Graduation-Project\dataconnect: The system cannot find the file specified.
E0521 08:00:40.087217   32040 watch.go:40] Failed to load config from "f:\\React\\Animation\\Graduation-Project\\dataconnect": could not find dataconnect.yaml in `f:\React\Animation\Graduation-Project\dataconnect`
 {"metadata":{"emulator":{"name":"dataconnect"},"message":"E0521 08:00:40.087217   32040 watch.go:116] watchAllDir unable to walk dir `f:\\React\\Animation\\Graduation-Project\\dataconnect`: GetFileAttributesEx f:\\React\\Animation\\Graduation-Project\\dataconnect: The system cannot find the file specified.\nE0521 08:00:40.087217   32040 watch.go:40] Failed to load config from \"f:\\\\React\\\\Animation\\\\Graduation-Project\\\\dataconnect\": could not find dataconnect.yaml in `f:\\React\\Animation\\Graduation-Project\\dataconnect`\n"}}
[debug] [2026-05-21T05:00:50.087Z] E0521 08:00:50.087404   32040 watch.go:40] Failed to load config from "f:\\React\\Animation\\Graduation-Project\\dataconnect": could not find dataconnect.yaml in `f:\React\Animation\Graduation-Project\dataconnect`
 {"metadata":{"emulator":{"name":"dataconnect"},"message":"E0521 08:00:50.087404   32040 watch.go:40] Failed to load config from \"f:\\\\React\\\\Animation\\\\Graduation-Project\\\\dataconnect\": could not find dataconnect.yaml in `f:\\React\\Animation\\Graduation-Project\\dataconnect`\n"}}
[debug] [2026-05-21T05:01:00.087Z] E0521 08:01:00.087269   32040 watch.go:40] Failed to load config from "f:\\React\\Animation\\Graduation-Project\\dataconnect": could not find dataconnect.yaml in `f:\React\Animation\Graduation-Project\dataconnect`
 {"metadata":{"emulator":{"name":"dataconnect"},"message":"E0521 08:01:00.087269   32040 watch.go:40] Failed to load config from \"f:\\\\React\\\\Animation\\\\Graduation-Project\\\\dataconnect\": could not find dataconnect.yaml in `f:\\React\\Animation\\Graduation-Project\\dataconnect`\n"}}
[debug] [2026-05-21T05:01:10.087Z] E0521 08:01:10.087397   32040 watch.go:40] Failed to load config from "f:\\React\\Animation\\Graduation-Project\\dataconnect": could not find dataconnect.yaml in `f:\React\Animation\Graduation-Project\dataconnect`
 {"metadata":{"emulator":{"name":"dataconnect"},"message":"E0521 08:01:10.087397   32040 watch.go:40] Failed to load config from \"f:\\\\React\\\\Animation\\\\Graduation-Project\\\\dataconnect\": could not find dataconnect.yaml in `f:\\React\\Animation\\Graduation-Project\\dataconnect`\n"}}
[debug] [2026-05-21T05:01:20.087Z] E0521 08:01:20.087194   32040 watch.go:40] Failed to load config from "f:\\React\\Animation\\Graduation-Project\\dataconnect": could not find dataconnect.yaml in `f:\React\Animation\Graduation-Project\dataconnect`
 {"metadata":{"emulator":{"name":"dataconnect"},"message":"E0521 08:01:20.087194   32040 watch.go:40] Failed to load config from \"f:\\\\React\\\\Animation\\\\Graduation-Project\\\\dataconnect\": could not find dataconnect.yaml in `f:\\React\\Animation\\Graduation-Project\\dataconnect`\n"}}
[debug] [2026-05-21T05:01:30.086Z] E0521 08:01:30.087030   32040 watch.go:40] Failed to load config from "f:\\React\\Animation\\Graduation-Project\\dataconnect": could not find dataconnect.yaml in `f:\React\Animation\Graduation-Project\dataconnect`
 {"metadata":{"emulator":{"name":"dataconnect"},"message":"E0521 08:01:30.087030   32040 watch.go:40] Failed to load config from \"f:\\\\React\\\\Animation\\\\Graduation-Project\\\\dataconnect\": could not find dataconnect.yaml in `f:\\React\\Animation\\Graduation-Project\\dataconnect`\n"}}
[debug] [2026-05-21T05:01:40.087Z] E0521 08:01:40.087395   32040 watch.go:116] watchAllDir unable to walk dir `f:\React\Animation\Graduation-Project\dataconnect`: GetFileAttributesEx f:\React\Animation\Graduation-Project\dataconnect: The system cannot find the file specified.
 {"metadata":{"emulator":{"name":"dataconnect"},"message":"E0521 08:01:40.087395   32040 watch.go:116] watchAllDir unable to walk dir `f:\\React\\Animation\\Graduation-Project\\dataconnect`: GetFileAttributesEx f:\\React\\Animation\\Graduation-Project\\dataconnect: The system cannot find the file specified.\n"}}
[debug] [2026-05-21T05:01:40.087Z] E0521 08:01:40.087395   32040 watch.go:40] Failed to load config from "f:\\React\\Animation\\Graduation-Project\\dataconnect": could not find dataconnect.yaml in `f:\React\Animation\Graduation-Project\dataconnect`
 {"metadata":{"emulator":{"name":"dataconnect"},"message":"E0521 08:01:40.087395   32040 watch.go:40] Failed to load config from \"f:\\\\React\\\\Animation\\\\Graduation-Project\\\\dataconnect\": could not find dataconnect.yaml in `f:\\React\\Animation\\Graduation-Project\\dataconnect`\n"}}
[debug] [2026-05-21T05:01:50.087Z] E0521 08:01:50.087450   32040 watch.go:40] Failed to load config from "f:\\React\\Animation\\Graduation-Project\\dataconnect": could not find dataconnect.yaml in `f:\React\Animation\Graduation-Project\dataconnect`
 {"metadata":{"emulator":{"name":"dataconnect"},"message":"E0521 08:01:50.087450   32040 watch.go:40] Failed to load config from \"f:\\\\React\\\\Animation\\\\Graduation-Project\\\\dataconnect\": could not find dataconnect.yaml in `f:\\React\\Animation\\Graduation-Project\\dataconnect`\n"}}
[debug] [2026-05-21T05:02:00.087Z] E0521 08:02:00.086934   32040 watch.go:40] Failed to load config from "f:\\React\\Animation\\Graduation-Project\\dataconnect": could not find dataconnect.yaml in `f:\React\Animation\Graduation-Project\dataconnect`
 {"metadata":{"emulator":{"name":"dataconnect"},"message":"E0521 08:02:00.086934   32040 watch.go:40] Failed to load config from \"f:\\\\React\\\\Animation\\\\Graduation-Project\\\\dataconnect\": could not find dataconnect.yaml in `f:\\React\\Animation\\Graduation-Project\\dataconnect`\n"}}
[debug] [2026-05-21T05:02:10.087Z] E0521 08:02:10.087172   32040 watch.go:40] Failed to load config from "f:\\React\\Animation\\Graduation-Project\\dataconnect": could not find dataconnect.yaml in `f:\React\Animation\Graduation-Project\dataconnect`
 {"metadata":{"emulator":{"name":"dataconnect"},"message":"E0521 08:02:10.087172   32040 watch.go:40] Failed to load config from \"f:\\\\React\\\\Animation\\\\Graduation-Project\\\\dataconnect\": could not find dataconnect.yaml in `f:\\React\\Animation\\Graduation-Project\\dataconnect`\n"}}
[debug] [2026-05-21T05:02:20.087Z] E0521 08:02:20.087174   32040 watch.go:40] Failed to load config from "f:\\React\\Animation\\Graduation-Project\\dataconnect": could not find dataconnect.yaml in `f:\React\Animation\Graduation-Project\dataconnect`
 {"metadata":{"emulator":{"name":"dataconnect"},"message":"E0521 08:02:20.087174   32040 watch.go:40] Failed to load config from \"f:\\\\React\\\\Animation\\\\Graduation-Project\\\\dataconnect\": could not find dataconnect.yaml in `f:\\React\\Animation\\Graduation-Project\\dataconnect`\n"}}
[debug] [2026-05-21T05:02:30.087Z] E0521 08:02:30.087055   32040 watch.go:40] Failed to load config from "f:\\React\\Animation\\Graduation-Project\\dataconnect": could not find dataconnect.yaml in `f:\React\Animation\Graduation-Project\dataconnect`
 {"metadata":{"emulator":{"name":"dataconnect"},"message":"E0521 08:02:30.087055   32040 watch.go:40] Failed to load config from \"f:\\\\React\\\\Animation\\\\Graduation-Project\\\\dataconnect\": could not find dataconnect.yaml in `f:\\React\\Animation\\Graduation-Project\\dataconnect`\n"}}
[debug] [2026-05-21T05:02:40.087Z] E0521 08:02:40.087245   32040 watch.go:116] watchAllDir unable to walk dir `f:\React\Animation\Graduation-Project\dataconnect`: GetFileAttributesEx f:\React\Animation\Graduation-Project\dataconnect: The system cannot find the file specified.
E0521 08:02:40.087245   32040 watch.go:40] Failed to load config from "f:\\React\\Animation\\Graduation-Project\\dataconnect": could not find dataconnect.yaml in `f:\React\Animation\Graduation-Project\dataconnect`
 {"metadata":{"emulator":{"name":"dataconnect"},"message":"E0521 08:02:40.087245   32040 watch.go:116] watchAllDir unable to walk dir `f:\\React\\Animation\\Graduation-Project\\dataconnect`: GetFileAttributesEx f:\\React\\Animation\\Graduation-Project\\dataconnect: The system cannot find the file specified.\nE0521 08:02:40.087245   32040 watch.go:40] Failed to load config from \"f:\\\\React\\\\Animation\\\\Graduation-Project\\\\dataconnect\": could not find dataconnect.yaml in `f:\\React\\Animation\\Graduation-Project\\dataconnect`\n"}}
[debug] [2026-05-21T05:02:50.087Z] E0521 08:02:50.087146   32040 watch.go:40] Failed to load config from "f:\\React\\Animation\\Graduation-Project\\dataconnect": could not find dataconnect.yaml in `f:\React\Animation\Graduation-Project\dataconnect`
 {"metadata":{"emulator":{"name":"dataconnect"},"message":"E0521 08:02:50.087146   32040 watch.go:40] Failed to load config from \"f:\\\\React\\\\Animation\\\\Graduation-Project\\\\dataconnect\": could not find dataconnect.yaml in `f:\\React\\Animation\\Graduation-Project\\dataconnect`\n"}}
[debug] [2026-05-21T05:03:00.087Z] E0521 08:03:00.087151   32040 watch.go:40] Failed to load config from "f:\\React\\Animation\\Graduation-Project\\dataconnect": could not find dataconnect.yaml in `f:\React\Animation\Graduation-Project\dataconnect`
 {"metadata":{"emulator":{"name":"dataconnect"},"message":"E0521 08:03:00.087151   32040 watch.go:40] Failed to load config from \"f:\\\\React\\\\Animation\\\\Graduation-Project\\\\dataconnect\": could not find dataconnect.yaml in `f:\\React\\Animation\\Graduation-Project\\dataconnect`\n"}}
[debug] [2026-05-21T05:03:10.087Z] E0521 08:03:10.086983   32040 watch.go:40] Failed to load config from "f:\\React\\Animation\\Graduation-Project\\dataconnect": could not find dataconnect.yaml in `f:\React\Animation\Graduation-Project\dataconnect`
 {"metadata":{"emulator":{"name":"dataconnect"},"message":"E0521 08:03:10.086983   32040 watch.go:40] Failed to load config from \"f:\\\\React\\\\Animation\\\\Graduation-Project\\\\dataconnect\": could not find dataconnect.yaml in `f:\\React\\Animation\\Graduation-Project\\dataconnect`\n"}}
[debug] [2026-05-21T05:03:20.087Z] E0521 08:03:20.087199   32040 watch.go:40] Failed to load config from "f:\\React\\Animation\\Graduation-Project\\dataconnect": could not find dataconnect.yaml in `f:\React\Animation\Graduation-Project\dataconnect`
 {"metadata":{"emulator":{"name":"dataconnect"},"message":"E0521 08:03:20.087199   32040 watch.go:40] Failed to load config from \"f:\\\\React\\\\Animation\\\\Graduation-Project\\\\dataconnect\": could not find dataconnect.yaml in `f:\\React\\Animation\\Graduation-Project\\dataconnect`\n"}}
[debug] [2026-05-21T05:03:30.087Z] E0521 08:03:30.087147   32040 watch.go:40] Failed to load config from "f:\\React\\Animation\\Graduation-Project\\dataconnect": could not find dataconnect.yaml in `f:\React\Animation\Graduation-Project\dataconnect`
 {"metadata":{"emulator":{"name":"dataconnect"},"message":"E0521 08:03:30.087147   32040 watch.go:40] Failed to load config from \"f:\\\\React\\\\Animation\\\\Graduation-Project\\\\dataconnect\": could not find dataconnect.yaml in `f:\\React\\Animation\\Graduation-Project\\dataconnect`\n"}}
[debug] [2026-05-21T05:03:40.087Z] E0521 08:03:40.086994   32040 watch.go:116] watchAllDir unable to walk dir `f:\React\Animation\Graduation-Project\dataconnect`: GetFileAttributesEx f:\React\Animation\Graduation-Project\dataconnect: The system cannot find the file specified.
E0521 08:03:40.086994   32040 watch.go:40] Failed to load config from "f:\\React\\Animation\\Graduation-Project\\dataconnect": could not find dataconnect.yaml in `f:\React\Animation\Graduation-Project\dataconnect`
 {"metadata":{"emulator":{"name":"dataconnect"},"message":"E0521 08:03:40.086994   32040 watch.go:116] watchAllDir unable to walk dir `f:\\React\\Animation\\Graduation-Project\\dataconnect`: GetFileAttributesEx f:\\React\\Animation\\Graduation-Project\\dataconnect: The system cannot find the file specified.\nE0521 08:03:40.086994   32040 watch.go:40] Failed to load config from \"f:\\\\React\\\\Animation\\\\Graduation-Project\\\\dataconnect\": could not find dataconnect.yaml in `f:\\React\\Animation\\Graduation-Project\\dataconnect`\n"}}
[debug] [2026-05-21T05:03:50.087Z] E0521 08:03:50.087144   32040 watch.go:40] Failed to load config from "f:\\React\\Animation\\Graduation-Project\\dataconnect": could not find dataconnect.yaml in `f:\React\Animation\Graduation-Project\dataconnect`
 {"metadata":{"emulator":{"name":"dataconnect"},"message":"E0521 08:03:50.087144   32040 watch.go:40] Failed to load config from \"f:\\\\React\\\\Animation\\\\Graduation-Project\\\\dataconnect\": could not find dataconnect.yaml in `f:\\React\\Animation\\Graduation-Project\\dataconnect`\n"}}
[debug] [2026-05-21T05:04:00.104Z] E0521 08:04:00.086984   32040 watch.go:40] Failed to load config from "f:\\React\\Animation\\Graduation-Project\\dataconnect": could not find dataconnect.yaml in `f:\React\Animation\Graduation-Project\dataconnect`
 {"metadata":{"emulator":{"name":"dataconnect"},"message":"E0521 08:04:00.086984   32040 watch.go:40] Failed to load config from \"f:\\\\React\\\\Animation\\\\Graduation-Project\\\\dataconnect\": could not find dataconnect.yaml in `f:\\React\\Animation\\Graduation-Project\\dataconnect`\n"}}
[debug] [2026-05-21T05:04:10.087Z] E0521 08:04:10.087248   32040 watch.go:40] Failed to load config from "f:\\React\\Animation\\Graduation-Project\\dataconnect": could not find dataconnect.yaml in `f:\React\Animation\Graduation-Project\dataconnect`
 {"metadata":{"emulator":{"name":"dataconnect"},"message":"E0521 08:04:10.087248   32040 watch.go:40] Failed to load config from \"f:\\\\React\\\\Animation\\\\Graduation-Project\\\\dataconnect\": could not find dataconnect.yaml in `f:\\React\\Animation\\Graduation-Project\\dataconnect`\n"}}
[debug] [2026-05-21T05:04:20.086Z] E0521 08:04:20.086916   32040 watch.go:40] Failed to load config from "f:\\React\\Animation\\Graduation-Project\\dataconnect": could not find dataconnect.yaml in `f:\React\Animation\Graduation-Project\dataconnect`
 {"metadata":{"emulator":{"name":"dataconnect"},"message":"E0521 08:04:20.086916   32040 watch.go:40] Failed to load config from \"f:\\\\React\\\\Animation\\\\Graduation-Project\\\\dataconnect\": could not find dataconnect.yaml in `f:\\React\\Animation\\Graduation-Project\\dataconnect`\n"}}
[debug] [2026-05-21T05:04:30.087Z] E0521 08:04:30.087193   32040 watch.go:40] Failed to load config from "f:\\React\\Animation\\Graduation-Project\\dataconnect": could not find dataconnect.yaml in `f:\React\Animation\Graduation-Project\dataconnect`
 {"metadata":{"emulator":{"name":"dataconnect"},"message":"E0521 08:04:30.087193   32040 watch.go:40] Failed to load config from \"f:\\\\React\\\\Animation\\\\Graduation-Project\\\\dataconnect\": could not find dataconnect.yaml in `f:\\React\\Animation\\Graduation-Project\\dataconnect`\n"}}
[debug] [2026-05-21T05:04:40.087Z] E0521 08:04:40.086999   32040 watch.go:116] watchAllDir unable to walk dir `f:\React\Animation\Graduation-Project\dataconnect`: GetFileAttributesEx f:\React\Animation\Graduation-Project\dataconnect: The system cannot find the file specified.
E0521 08:04:40.086999   32040 watch.go:40] Failed to load config from "f:\\React\\Animation\\Graduation-Project\\dataconnect": could not find dataconnect.yaml in `f:\React\Animation\Graduation-Project\dataconnect`
 {"metadata":{"emulator":{"name":"dataconnect"},"message":"E0521 08:04:40.086999   32040 watch.go:116] watchAllDir unable to walk dir `f:\\React\\Animation\\Graduation-Project\\dataconnect`: GetFileAttributesEx f:\\React\\Animation\\Graduation-Project\\dataconnect: The system cannot find the file specified.\nE0521 08:04:40.086999   32040 watch.go:40] Failed to load config from \"f:\\\\React\\\\Animation\\\\Graduation-Project\\\\dataconnect\": could not find dataconnect.yaml in `f:\\React\\Animation\\Graduation-Project\\dataconnect`\n"}}
[debug] [2026-05-21T05:04:50.087Z] E0521 08:04:50.087265   32040 watch.go:40] Failed to load config from "f:\\React\\Animation\\Graduation-Project\\dataconnect": could not find dataconnect.yaml in `f:\React\Animation\Graduation-Project\dataconnect`
 {"metadata":{"emulator":{"name":"dataconnect"},"message":"E0521 08:04:50.087265   32040 watch.go:40] Failed to load config from \"f:\\\\React\\\\Animation\\\\Graduation-Project\\\\dataconnect\": could not find dataconnect.yaml in `f:\\React\\Animation\\Graduation-Project\\dataconnect`\n"}}
[debug] [2026-05-21T05:05:00.087Z] E0521 08:05:00.087059   32040 watch.go:40] Failed to load config from "f:\\React\\Animation\\Graduation-Project\\dataconnect": could not find dataconnect.yaml in `f:\React\Animation\Graduation-Project\dataconnect`
 {"metadata":{"emulator":{"name":"dataconnect"},"message":"E0521 08:05:00.087059   32040 watch.go:40] Failed to load config from \"f:\\\\React\\\\Animation\\\\Graduation-Project\\\\dataconnect\": could not find dataconnect.yaml in `f:\\React\\Animation\\Graduation-Project\\dataconnect`\n"}}
[debug] [2026-05-21T05:05:10.087Z] E0521 08:05:10.087514   32040 watch.go:40] Failed to load config from "f:\\React\\Animation\\Graduation-Project\\dataconnect": could not find dataconnect.yaml in `f:\React\Animation\Graduation-Project\dataconnect`
 {"metadata":{"emulator":{"name":"dataconnect"},"message":"E0521 08:05:10.087514   32040 watch.go:40] Failed to load config from \"f:\\\\React\\\\Animation\\\\Graduation-Project\\\\dataconnect\": could not find dataconnect.yaml in `f:\\React\\Animation\\Graduation-Project\\dataconnect`\n"}}
[debug] [2026-05-21T05:05:20.087Z] E0521 08:05:20.087380   32040 watch.go:40] Failed to load config from "f:\\React\\Animation\\Graduation-Project\\dataconnect": could not find dataconnect.yaml in `f:\React\Animation\Graduation-Project\dataconnect`
 {"metadata":{"emulator":{"name":"dataconnect"},"message":"E0521 08:05:20.087380   32040 watch.go:40] Failed to load config from \"f:\\\\React\\\\Animation\\\\Graduation-Project\\\\dataconnect\": could not find dataconnect.yaml in `f:\\React\\Animation\\Graduation-Project\\dataconnect`\n"}}
[debug] [2026-05-21T05:05:30.087Z] E0521 08:05:30.087266   32040 watch.go:40] Failed to load config from "f:\\React\\Animation\\Graduation-Project\\dataconnect": could not find dataconnect.yaml in `f:\React\Animation\Graduation-Project\dataconnect`
 {"metadata":{"emulator":{"name":"dataconnect"},"message":"E0521 08:05:30.087266   32040 watch.go:40] Failed to load config from \"f:\\\\React\\\\Animation\\\\Graduation-Project\\\\dataconnect\": could not find dataconnect.yaml in `f:\\React\\Animation\\Graduation-Project\\dataconnect`\n"}}
[debug] [2026-05-21T05:05:40.087Z] E0521 08:05:40.087284   32040 watch.go:116] watchAllDir unable to walk dir `f:\React\Animation\Graduation-Project\dataconnect`: GetFileAttributesEx f:\React\Animation\Graduation-Project\dataconnect: The system cannot find the file specified.
E0521 08:05:40.087284   32040 watch.go:40] Failed to load config from "f:\\React\\Animation\\Graduation-Project\\dataconnect": could not find dataconnect.yaml in `f:\React\Animation\Graduation-Project\dataconnect`
 {"metadata":{"emulator":{"name":"dataconnect"},"message":"E0521 08:05:40.087284   32040 watch.go:116] watchAllDir unable to walk dir `f:\\React\\Animation\\Graduation-Project\\dataconnect`: GetFileAttributesEx f:\\React\\Animation\\Graduation-Project\\dataconnect: The system cannot find the file specified.\nE0521 08:05:40.087284   32040 watch.go:40] Failed to load config from \"f:\\\\React\\\\Animation\\\\Graduation-Project\\\\dataconnect\": could not find dataconnect.yaml in `f:\\React\\Animation\\Graduation-Project\\dataconnect`\n"}}
[debug] [2026-05-21T05:05:50.087Z] E0521 08:05:50.087110   32040 watch.go:40] Failed to load config from "f:\\React\\Animation\\Graduation-Project\\dataconnect": could not find dataconnect.yaml in `f:\React\Animation\Graduation-Project\dataconnect`
 {"metadata":{"emulator":{"name":"dataconnect"},"message":"E0521 08:05:50.087110   32040 watch.go:40] Failed to load config from \"f:\\\\React\\\\Animation\\\\Graduation-Project\\\\dataconnect\": could not find dataconnect.yaml in `f:\\React\\Animation\\Graduation-Project\\dataconnect`\n"}}
[debug] [2026-05-21T05:06:00.087Z] E0521 08:06:00.087185   32040 watch.go:40] Failed to load config from "f:\\React\\Animation\\Graduation-Project\\dataconnect": could not find dataconnect.yaml in `f:\React\Animation\Graduation-Project\dataconnect`
 {"metadata":{"emulator":{"name":"dataconnect"},"message":"E0521 08:06:00.087185   32040 watch.go:40] Failed to load config from \"f:\\\\React\\\\Animation\\\\Graduation-Project\\\\dataconnect\": could not find dataconnect.yaml in `f:\\React\\Animation\\Graduation-Project\\dataconnect`\n"}}
[debug] [2026-05-21T05:06:10.087Z] E0521 08:06:10.087000   32040 watch.go:40] Failed to load config from "f:\\React\\Animation\\Graduation-Project\\dataconnect": could not find dataconnect.yaml in `f:\React\Animation\Graduation-Project\dataconnect`
 {"metadata":{"emulator":{"name":"dataconnect"},"message":"E0521 08:06:10.087000   32040 watch.go:40] Failed to load config from \"f:\\\\React\\\\Animation\\\\Graduation-Project\\\\dataconnect\": could not find dataconnect.yaml in `f:\\React\\Animation\\Graduation-Project\\dataconnect`\n"}}
[debug] [2026-05-21T05:06:20.087Z] E0521 08:06:20.087341   32040 watch.go:40] Failed to load config from "f:\\React\\Animation\\Graduation-Project\\dataconnect": could not find dataconnect.yaml in `f:\React\Animation\Graduation-Project\dataconnect`
 {"metadata":{"emulator":{"name":"dataconnect"},"message":"E0521 08:06:20.087341   32040 watch.go:40] Failed to load config from \"f:\\\\React\\\\Animation\\\\Graduation-Project\\\\dataconnect\": could not find dataconnect.yaml in `f:\\React\\Animation\\Graduation-Project\\dataconnect`\n"}}
[debug] [2026-05-21T05:06:30.087Z] E0521 08:06:30.087260   32040 watch.go:40] Failed to load config from "f:\\React\\Animation\\Graduation-Project\\dataconnect": could not find dataconnect.yaml in `f:\React\Animation\Graduation-Project\dataconnect`
 {"metadata":{"emulator":{"name":"dataconnect"},"message":"E0521 08:06:30.087260   32040 watch.go:40] Failed to load config from \"f:\\\\React\\\\Animation\\\\Graduation-Project\\\\dataconnect\": could not find dataconnect.yaml in `f:\\React\\Animation\\Graduation-Project\\dataconnect`\n"}}
[debug] [2026-05-21T05:06:40.087Z] E0521 08:06:40.087096   32040 watch.go:116] watchAllDir unable to walk dir `f:\React\Animation\Graduation-Project\dataconnect`: GetFileAttributesEx f:\React\Animation\Graduation-Project\dataconnect: The system cannot find the file specified.
E0521 08:06:40.087096   32040 watch.go:40] Failed to load config from "f:\\React\\Animation\\Graduation-Project\\dataconnect": could not find dataconnect.yaml in `f:\React\Animation\Graduation-Project\dataconnect`
 {"metadata":{"emulator":{"name":"dataconnect"},"message":"E0521 08:06:40.087096   32040 watch.go:116] watchAllDir unable to walk dir `f:\\React\\Animation\\Graduation-Project\\dataconnect`: GetFileAttributesEx f:\\React\\Animation\\Graduation-Project\\dataconnect: The system cannot find the file specified.\nE0521 08:06:40.087096   32040 watch.go:40] Failed to load config from \"f:\\\\React\\\\Animation\\\\Graduation-Project\\\\dataconnect\": could not find dataconnect.yaml in `f:\\React\\Animation\\Graduation-Project\\dataconnect`\n"}}
[debug] [2026-05-21T05:06:50.087Z] E0521 08:06:50.087415   32040 watch.go:40] Failed to load config from "f:\\React\\Animation\\Graduation-Project\\dataconnect": could not find dataconnect.yaml in `f:\React\Animation\Graduation-Project\dataconnect`
 {"metadata":{"emulator":{"name":"dataconnect"},"message":"E0521 08:06:50.087415   32040 watch.go:40] Failed to load config from \"f:\\\\React\\\\Animation\\\\Graduation-Project\\\\dataconnect\": could not find dataconnect.yaml in `f:\\React\\Animation\\Graduation-Project\\dataconnect`\n"}}
[debug] [2026-05-21T05:07:00.087Z] E0521 08:07:00.087306   32040 watch.go:40] Failed to load config from "f:\\React\\Animation\\Graduation-Project\\dataconnect": could not find dataconnect.yaml in `f:\React\Animation\Graduation-Project\dataconnect`
 {"metadata":{"emulator":{"name":"dataconnect"},"message":"E0521 08:07:00.087306   32040 watch.go:40] Failed to load config from \"f:\\\\React\\\\Animation\\\\Graduation-Project\\\\dataconnect\": could not find dataconnect.yaml in `f:\\React\\Animation\\Graduation-Project\\dataconnect`\n"}}
[debug] [2026-05-21T05:07:10.087Z] E0521 08:07:10.087260   32040 watch.go:40] Failed to load config from "f:\\React\\Animation\\Graduation-Project\\dataconnect": could not find dataconnect.yaml in `f:\React\Animation\Graduation-Project\dataconnect`
 {"metadata":{"emulator":{"name":"dataconnect"},"message":"E0521 08:07:10.087260   32040 watch.go:40] Failed to load config from \"f:\\\\React\\\\Animation\\\\Graduation-Project\\\\dataconnect\": could not find dataconnect.yaml in `f:\\React\\Animation\\Graduation-Project\\dataconnect`\n"}}
[debug] [2026-05-21T05:07:20.087Z] E0521 08:07:20.087126   32040 watch.go:40] Failed to load config from "f:\\React\\Animation\\Graduation-Project\\dataconnect": could not find dataconnect.yaml in `f:\React\Animation\Graduation-Project\dataconnect`
 {"metadata":{"emulator":{"name":"dataconnect"},"message":"E0521 08:07:20.087126   32040 watch.go:40] Failed to load config from \"f:\\\\React\\\\Animation\\\\Graduation-Project\\\\dataconnect\": could not find dataconnect.yaml in `f:\\React\\Animation\\Graduation-Project\\dataconnect`\n"}}
[debug] [2026-05-21T05:07:30.087Z] E0521 08:07:30.087265   32040 watch.go:40] Failed to load config from "f:\\React\\Animation\\Graduation-Project\\dataconnect": could not find dataconnect.yaml in `f:\React\Animation\Graduation-Project\dataconnect`
 {"metadata":{"emulator":{"name":"dataconnect"},"message":"E0521 08:07:30.087265   32040 watch.go:40] Failed to load config from \"f:\\\\React\\\\Animation\\\\Graduation-Project\\\\dataconnect\": could not find dataconnect.yaml in `f:\\React\\Animation\\Graduation-Project\\dataconnect`\n"}}
[debug] [2026-05-21T05:07:40.087Z] E0521 08:07:40.087084   32040 watch.go:116] watchAllDir unable to walk dir `f:\React\Animation\Graduation-Project\dataconnect`: GetFileAttributesEx f:\React\Animation\Graduation-Project\dataconnect: The system cannot find the file specified.
E0521 08:07:40.087084   32040 watch.go:40] Failed to load config from "f:\\React\\Animation\\Graduation-Project\\dataconnect": could not find dataconnect.yaml in `f:\React\Animation\Graduation-Project\dataconnect`
 {"metadata":{"emulator":{"name":"dataconnect"},"message":"E0521 08:07:40.087084   32040 watch.go:116] watchAllDir unable to walk dir `f:\\React\\Animation\\Graduation-Project\\dataconnect`: GetFileAttributesEx f:\\React\\Animation\\Graduation-Project\\dataconnect: The system cannot find the file specified.\nE0521 08:07:40.087084   32040 watch.go:40] Failed to load config from \"f:\\\\React\\\\Animation\\\\Graduation-Project\\\\dataconnect\": could not find dataconnect.yaml in `f:\\React\\Animation\\Graduation-Project\\dataconnect`\n"}}
[debug] [2026-05-21T05:07:50.087Z] E0521 08:07:50.087517   32040 watch.go:40] Failed to load config from "f:\\React\\Animation\\Graduation-Project\\dataconnect": could not find dataconnect.yaml in `f:\React\Animation\Graduation-Project\dataconnect`
 {"metadata":{"emulator":{"name":"dataconnect"},"message":"E0521 08:07:50.087517   32040 watch.go:40] Failed to load config from \"f:\\\\React\\\\Animation\\\\Graduation-Project\\\\dataconnect\": could not find dataconnect.yaml in `f:\\React\\Animation\\Graduation-Project\\dataconnect`\n"}}
[debug] [2026-05-21T05:08:00.087Z] E0521 08:08:00.087040   32040 watch.go:40] Failed to load config from "f:\\React\\Animation\\Graduation-Project\\dataconnect": could not find dataconnect.yaml in `f:\React\Animation\Graduation-Project\dataconnect`
 {"metadata":{"emulator":{"name":"dataconnect"},"message":"E0521 08:08:00.087040   32040 watch.go:40] Failed to load config from \"f:\\\\React\\\\Animation\\\\Graduation-Project\\\\dataconnect\": could not find dataconnect.yaml in `f:\\React\\Animation\\Graduation-Project\\dataconnect`\n"}}
[debug] [2026-05-21T05:08:10.087Z] E0521 08:08:10.087355   32040 watch.go:40] Failed to load config from "f:\\React\\Animation\\Graduation-Project\\dataconnect": could not find dataconnect.yaml in `f:\React\Animation\Graduation-Project\dataconnect`
 {"metadata":{"emulator":{"name":"dataconnect"},"message":"E0521 08:08:10.087355   32040 watch.go:40] Failed to load config from \"f:\\\\React\\\\Animation\\\\Graduation-Project\\\\dataconnect\": could not find dataconnect.yaml in `f:\\React\\Animation\\Graduation-Project\\dataconnect`\n"}}
[debug] [2026-05-21T05:08:20.087Z] E0521 08:08:20.087260   32040 watch.go:40] Failed to load config from "f:\\React\\Animation\\Graduation-Project\\dataconnect": could not find dataconnect.yaml in `f:\React\Animation\Graduation-Project\dataconnect`
 {"metadata":{"emulator":{"name":"dataconnect"},"message":"E0521 08:08:20.087260   32040 watch.go:40] Failed to load config from \"f:\\\\React\\\\Animation\\\\Graduation-Project\\\\dataconnect\": could not find dataconnect.yaml in `f:\\React\\Animation\\Graduation-Project\\dataconnect`\n"}}
[debug] [2026-05-21T05:08:30.087Z] E0521 08:08:30.086928   32040 watch.go:40] Failed to load config from "f:\\React\\Animation\\Graduation-Project\\dataconnect": could not find dataconnect.yaml in `f:\React\Animation\Graduation-Project\dataconnect`
 {"metadata":{"emulator":{"name":"dataconnect"},"message":"E0521 08:08:30.086928   32040 watch.go:40] Failed to load config from \"f:\\\\React\\\\Animation\\\\Graduation-Project\\\\dataconnect\": could not find dataconnect.yaml in `f:\\React\\Animation\\Graduation-Project\\dataconnect`\n"}}
[debug] [2026-05-21T05:08:40.087Z] E0521 08:08:40.087078   32040 watch.go:116] watchAllDir unable to walk dir `f:\React\Animation\Graduation-Project\dataconnect`: GetFileAttributesEx f:\React\Animation\Graduation-Project\dataconnect: The system cannot find the file specified.
E0521 08:08:40.087078   32040 watch.go:40] Failed to load config from "f:\\React\\Animation\\Graduation-Project\\dataconnect": could not find dataconnect.yaml in `f:\React\Animation\Graduation-Project\dataconnect`
 {"metadata":{"emulator":{"name":"dataconnect"},"message":"E0521 08:08:40.087078   32040 watch.go:116] watchAllDir unable to walk dir `f:\\React\\Animation\\Graduation-Project\\dataconnect`: GetFileAttributesEx f:\\React\\Animation\\Graduation-Project\\dataconnect: The system cannot find the file specified.\nE0521 08:08:40.087078   32040 watch.go:40] Failed to load config from \"f:\\\\React\\\\Animation\\\\Graduation-Project\\\\dataconnect\": could not find dataconnect.yaml in `f:\\React\\Animation\\Graduation-Project\\dataconnect`\n"}}
[debug] [2026-05-21T05:08:50.087Z] E0521 08:08:50.087037   32040 watch.go:40] Failed to load config from "f:\\React\\Animation\\Graduation-Project\\dataconnect": could not find dataconnect.yaml in `f:\React\Animation\Graduation-Project\dataconnect`
 {"metadata":{"emulator":{"name":"dataconnect"},"message":"E0521 08:08:50.087037   32040 watch.go:40] Failed to load config from \"f:\\\\React\\\\Animation\\\\Graduation-Project\\\\dataconnect\": could not find dataconnect.yaml in `f:\\React\\Animation\\Graduation-Project\\dataconnect`\n"}}
[debug] [2026-05-21T05:09:00.087Z] E0521 08:09:00.087098   32040 watch.go:40] Failed to load config from "f:\\React\\Animation\\Graduation-Project\\dataconnect": could not find dataconnect.yaml in `f:\React\Animation\Graduation-Project\dataconnect`
 {"metadata":{"emulator":{"name":"dataconnect"},"message":"E0521 08:09:00.087098   32040 watch.go:40] Failed to load config from \"f:\\\\React\\\\Animation\\\\Graduation-Project\\\\dataconnect\": could not find dataconnect.yaml in `f:\\React\\Animation\\Graduation-Project\\dataconnect`\n"}}
[debug] [2026-05-21T05:09:10.087Z] E0521 08:09:10.087264   32040 watch.go:40] Failed to load config from "f:\\React\\Animation\\Graduation-Project\\dataconnect": could not find dataconnect.yaml in `f:\React\Animation\Graduation-Project\dataconnect`
 {"metadata":{"emulator":{"name":"dataconnect"},"message":"E0521 08:09:10.087264   32040 watch.go:40] Failed to load config from \"f:\\\\React\\\\Animation\\\\Graduation-Project\\\\dataconnect\": could not find dataconnect.yaml in `f:\\React\\Animation\\Graduation-Project\\dataconnect`\n"}}
[debug] [2026-05-21T05:09:20.087Z] E0521 08:09:20.087048   32040 watch.go:40] Failed to load config from "f:\\React\\Animation\\Graduation-Project\\dataconnect": could not find dataconnect.yaml in `f:\React\Animation\Graduation-Project\dataconnect`
 {"metadata":{"emulator":{"name":"dataconnect"},"message":"E0521 08:09:20.087048   32040 watch.go:40] Failed to load config from \"f:\\\\React\\\\Animation\\\\Graduation-Project\\\\dataconnect\": could not find dataconnect.yaml in `f:\\React\\Animation\\Graduation-Project\\dataconnect`\n"}}
[debug] [2026-05-21T05:09:30.087Z] E0521 08:09:30.087095   32040 watch.go:40] Failed to load config from "f:\\React\\Animation\\Graduation-Project\\dataconnect": could not find dataconnect.yaml in `f:\React\Animation\Graduation-Project\dataconnect`
 {"metadata":{"emulator":{"name":"dataconnect"},"message":"E0521 08:09:30.087095   32040 watch.go:40] Failed to load config from \"f:\\\\React\\\\Animation\\\\Graduation-Project\\\\dataconnect\": could not find dataconnect.yaml in `f:\\React\\Animation\\Graduation-Project\\dataconnect`\n"}}
[debug] [2026-05-21T05:09:40.087Z] E0521 08:09:40.087211   32040 watch.go:116] watchAllDir unable to walk dir `f:\React\Animation\Graduation-Project\dataconnect`: GetFileAttributesEx f:\React\Animation\Graduation-Project\dataconnect: The system cannot find the file specified.
 {"metadata":{"emulator":{"name":"dataconnect"},"message":"E0521 08:09:40.087211   32040 watch.go:116] watchAllDir unable to walk dir `f:\\React\\Animation\\Graduation-Project\\dataconnect`: GetFileAttributesEx f:\\React\\Animation\\Graduation-Project\\dataconnect: The system cannot find the file specified.\n"}}
[debug] [2026-05-21T05:09:40.088Z] E0521 08:09:40.088350   32040 watch.go:40] Failed to load config from "f:\\React\\Animation\\Graduation-Project\\dataconnect": could not find dataconnect.yaml in `f:\React\Animation\Graduation-Project\dataconnect`
 {"metadata":{"emulator":{"name":"dataconnect"},"message":"E0521 08:09:40.088350   32040 watch.go:40] Failed to load config from \"f:\\\\React\\\\Animation\\\\Graduation-Project\\\\dataconnect\": could not find dataconnect.yaml in `f:\\React\\Animation\\Graduation-Project\\dataconnect`\n"}}
[debug] [2026-05-21T05:09:50.087Z] E0521 08:09:50.087422   32040 watch.go:40] Failed to load config from "f:\\React\\Animation\\Graduation-Project\\dataconnect": could not find dataconnect.yaml in `f:\React\Animation\Graduation-Project\dataconnect`
 {"metadata":{"emulator":{"name":"dataconnect"},"message":"E0521 08:09:50.087422   32040 watch.go:40] Failed to load config from \"f:\\\\React\\\\Animation\\\\Graduation-Project\\\\dataconnect\": could not find dataconnect.yaml in `f:\\React\\Animation\\Graduation-Project\\dataconnect`\n"}}
[debug] [2026-05-21T05:10:00.087Z] E0521 08:10:00.086991   32040 watch.go:40] Failed to load config from "f:\\React\\Animation\\Graduation-Project\\dataconnect": could not find dataconnect.yaml in `f:\React\Animation\Graduation-Project\dataconnect`
 {"metadata":{"emulator":{"name":"dataconnect"},"message":"E0521 08:10:00.086991   32040 watch.go:40] Failed to load config from \"f:\\\\React\\\\Animation\\\\Graduation-Project\\\\dataconnect\": could not find dataconnect.yaml in `f:\\React\\Animation\\Graduation-Project\\dataconnect`\n"}}
[debug] [2026-05-21T05:10:10.087Z] E0521 08:10:10.086992   32040 watch.go:40] Failed to load config from "f:\\React\\Animation\\Graduation-Project\\dataconnect": could not find dataconnect.yaml in `f:\React\Animation\Graduation-Project\dataconnect`
 {"metadata":{"emulator":{"name":"dataconnect"},"message":"E0521 08:10:10.086992   32040 watch.go:40] Failed to load config from \"f:\\\\React\\\\Animation\\\\Graduation-Project\\\\dataconnect\": could not find dataconnect.yaml in `f:\\React\\Animation\\Graduation-Project\\dataconnect`\n"}}
[debug] [2026-05-21T05:10:20.087Z] E0521 08:10:20.087280   32040 watch.go:40] Failed to load config from "f:\\React\\Animation\\Graduation-Project\\dataconnect": could not find dataconnect.yaml in `f:\React\Animation\Graduation-Project\dataconnect`
 {"metadata":{"emulator":{"name":"dataconnect"},"message":"E0521 08:10:20.087280   32040 watch.go:40] Failed to load config from \"f:\\\\React\\\\Animation\\\\Graduation-Project\\\\dataconnect\": could not find dataconnect.yaml in `f:\\React\\Animation\\Graduation-Project\\dataconnect`\n"}}
[debug] [2026-05-21T05:10:30.087Z] E0521 08:10:30.087116   32040 watch.go:40] Failed to load config from "f:\\React\\Animation\\Graduation-Project\\dataconnect": could not find dataconnect.yaml in `f:\React\Animation\Graduation-Project\dataconnect`
 {"metadata":{"emulator":{"name":"dataconnect"},"message":"E0521 08:10:30.087116   32040 watch.go:40] Failed to load config from \"f:\\\\React\\\\Animation\\\\Graduation-Project\\\\dataconnect\": could not find dataconnect.yaml in `f:\\React\\Animation\\Graduation-Project\\dataconnect`\n"}}
[debug] [2026-05-21T05:10:40.087Z] E0521 08:10:40.087399   32040 watch.go:116] watchAllDir unable to walk dir `f:\React\Animation\Graduation-Project\dataconnect`: GetFileAttributesEx f:\React\Animation\Graduation-Project\dataconnect: The system cannot find the file specified.
E0521 08:10:40.087399   32040 watch.go:40] Failed to load config from "f:\\React\\Animation\\Graduation-Project\\dataconnect": could not find dataconnect.yaml in `f:\React\Animation\Graduation-Project\dataconnect`
 {"metadata":{"emulator":{"name":"dataconnect"},"message":"E0521 08:10:40.087399   32040 watch.go:116] watchAllDir unable to walk dir `f:\\React\\Animation\\Graduation-Project\\dataconnect`: GetFileAttributesEx f:\\React\\Animation\\Graduation-Project\\dataconnect: The system cannot find the file specified.\nE0521 08:10:40.087399   32040 watch.go:40] Failed to load config from \"f:\\\\React\\\\Animation\\\\Graduation-Project\\\\dataconnect\": could not find dataconnect.yaml in `f:\\React\\Animation\\Graduation-Project\\dataconnect`\n"}}
[debug] [2026-05-21T05:10:50.087Z] E0521 08:10:50.087279   32040 watch.go:40] Failed to load config from "f:\\React\\Animation\\Graduation-Project\\dataconnect": could not find dataconnect.yaml in `f:\React\Animation\Graduation-Project\dataconnect`
 {"metadata":{"emulator":{"name":"dataconnect"},"message":"E0521 08:10:50.087279   32040 watch.go:40] Failed to load config from \"f:\\\\React\\\\Animation\\\\Graduation-Project\\\\dataconnect\": could not find dataconnect.yaml in `f:\\React\\Animation\\Graduation-Project\\dataconnect`\n"}}
[debug] [2026-05-21T05:11:00.087Z] E0521 08:11:00.086956   32040 watch.go:40] Failed to load config from "f:\\React\\Animation\\Graduation-Project\\dataconnect": could not find dataconnect.yaml in `f:\React\Animation\Graduation-Project\dataconnect`
 {"metadata":{"emulator":{"name":"dataconnect"},"message":"E0521 08:11:00.086956   32040 watch.go:40] Failed to load config from \"f:\\\\React\\\\Animation\\\\Graduation-Project\\\\dataconnect\": could not find dataconnect.yaml in `f:\\React\\Animation\\Graduation-Project\\dataconnect`\n"}}
[debug] [2026-05-21T05:11:10.087Z] E0521 08:11:10.087202   32040 watch.go:40] Failed to load config from "f:\\React\\Animation\\Graduation-Project\\dataconnect": could not find dataconnect.yaml in `f:\React\Animation\Graduation-Project\dataconnect`
 {"metadata":{"emulator":{"name":"dataconnect"},"message":"E0521 08:11:10.087202   32040 watch.go:40] Failed to load config from \"f:\\\\React\\\\Animation\\\\Graduation-Project\\\\dataconnect\": could not find dataconnect.yaml in `f:\\React\\Animation\\Graduation-Project\\dataconnect`\n"}}
[debug] [2026-05-21T05:11:20.087Z] E0521 08:11:20.086903   32040 watch.go:40] Failed to load config from "f:\\React\\Animation\\Graduation-Project\\dataconnect": could not find dataconnect.yaml in `f:\React\Animation\Graduation-Project\dataconnect`
 {"metadata":{"emulator":{"name":"dataconnect"},"message":"E0521 08:11:20.086903   32040 watch.go:40] Failed to load config from \"f:\\\\React\\\\Animation\\\\Graduation-Project\\\\dataconnect\": could not find dataconnect.yaml in `f:\\React\\Animation\\Graduation-Project\\dataconnect`\n"}}
[debug] [2026-05-21T05:11:30.087Z] E0521 08:11:30.087279   32040 watch.go:40] Failed to load config from "f:\\React\\Animation\\Graduation-Project\\dataconnect": could not find dataconnect.yaml in `f:\React\Animation\Graduation-Project\dataconnect`
 {"metadata":{"emulator":{"name":"dataconnect"},"message":"E0521 08:11:30.087279   32040 watch.go:40] Failed to load config from \"f:\\\\React\\\\Animation\\\\Graduation-Project\\\\dataconnect\": could not find dataconnect.yaml in `f:\\React\\Animation\\Graduation-Project\\dataconnect`\n"}}
[debug] [2026-05-21T05:11:40.087Z] E0521 08:11:40.087262   32040 watch.go:116] watchAllDir unable to walk dir `f:\React\Animation\Graduation-Project\dataconnect`: GetFileAttributesEx f:\React\Animation\Graduation-Project\dataconnect: The system cannot find the file specified.
E0521 08:11:40.087262   32040 watch.go:40] Failed to load config from "f:\\React\\Animation\\Graduation-Project\\dataconnect": could not find dataconnect.yaml in `f:\React\Animation\Graduation-Project\dataconnect`
 {"metadata":{"emulator":{"name":"dataconnect"},"message":"E0521 08:11:40.087262   32040 watch.go:116] watchAllDir unable to walk dir `f:\\React\\Animation\\Graduation-Project\\dataconnect`: GetFileAttributesEx f:\\React\\Animation\\Graduation-Project\\dataconnect: The system cannot find the file specified.\nE0521 08:11:40.087262   32040 watch.go:40] Failed to load config from \"f:\\\\React\\\\Animation\\\\Graduation-Project\\\\dataconnect\": could not find dataconnect.yaml in `f:\\React\\Animation\\Graduation-Project\\dataconnect`\n"}}
[debug] [2026-05-21T05:11:50.087Z] E0521 08:11:50.087011   32040 watch.go:40] Failed to load config from "f:\\React\\Animation\\Graduation-Project\\dataconnect": could not find dataconnect.yaml in `f:\React\Animation\Graduation-Project\dataconnect`
 {"metadata":{"emulator":{"name":"dataconnect"},"message":"E0521 08:11:50.087011   32040 watch.go:40] Failed to load config from \"f:\\\\React\\\\Animation\\\\Graduation-Project\\\\dataconnect\": could not find dataconnect.yaml in `f:\\React\\Animation\\Graduation-Project\\dataconnect`\n"}}
[debug] [2026-05-21T05:12:00.087Z] E0521 08:12:00.087171   32040 watch.go:40] Failed to load config from "f:\\React\\Animation\\Graduation-Project\\dataconnect": could not find dataconnect.yaml in `f:\React\Animation\Graduation-Project\dataconnect`
 {"metadata":{"emulator":{"name":"dataconnect"},"message":"E0521 08:12:00.087171   32040 watch.go:40] Failed to load config from \"f:\\\\React\\\\Animation\\\\Graduation-Project\\\\dataconnect\": could not find dataconnect.yaml in `f:\\React\\Animation\\Graduation-Project\\dataconnect`\n"}}
[debug] [2026-05-21T05:12:10.087Z] E0521 08:12:10.086975   32040 watch.go:40] Failed to load config from "f:\\React\\Animation\\Graduation-Project\\dataconnect": could not find dataconnect.yaml in `f:\React\Animation\Graduation-Project\dataconnect`
 {"metadata":{"emulator":{"name":"dataconnect"},"message":"E0521 08:12:10.086975   32040 watch.go:40] Failed to load config from \"f:\\\\React\\\\Animation\\\\Graduation-Project\\\\dataconnect\": could not find dataconnect.yaml in `f:\\React\\Animation\\Graduation-Project\\dataconnect`\n"}}
[debug] [2026-05-21T05:12:20.087Z] E0521 08:12:20.087311   32040 watch.go:40] Failed to load config from "f:\\React\\Animation\\Graduation-Project\\dataconnect": could not find dataconnect.yaml in `f:\React\Animation\Graduation-Project\dataconnect`
 {"metadata":{"emulator":{"name":"dataconnect"},"message":"E0521 08:12:20.087311   32040 watch.go:40] Failed to load config from \"f:\\\\React\\\\Animation\\\\Graduation-Project\\\\dataconnect\": could not find dataconnect.yaml in `f:\\React\\Animation\\Graduation-Project\\dataconnect`\n"}}
[debug] [2026-05-21T05:12:30.087Z] E0521 08:12:30.086960   32040 watch.go:40] Failed to load config from "f:\\React\\Animation\\Graduation-Project\\dataconnect": could not find dataconnect.yaml in `f:\React\Animation\Graduation-Project\dataconnect`
 {"metadata":{"emulator":{"name":"dataconnect"},"message":"E0521 08:12:30.086960   32040 watch.go:40] Failed to load config from \"f:\\\\React\\\\Animation\\\\Graduation-Project\\\\dataconnect\": could not find dataconnect.yaml in `f:\\React\\Animation\\Graduation-Project\\dataconnect`\n"}}
[debug] [2026-05-21T05:12:40.087Z] E0521 08:12:40.087262   32040 watch.go:116] watchAllDir unable to walk dir `f:\React\Animation\Graduation-Project\dataconnect`: GetFileAttributesEx f:\React\Animation\Graduation-Project\dataconnect: The system cannot find the file specified.
E0521 08:12:40.087262   32040 watch.go:40] Failed to load config from "f:\\React\\Animation\\Graduation-Project\\dataconnect": could not find dataconnect.yaml in `f:\React\Animation\Graduation-Project\dataconnect`
 {"metadata":{"emulator":{"name":"dataconnect"},"message":"E0521 08:12:40.087262   32040 watch.go:116] watchAllDir unable to walk dir `f:\\React\\Animation\\Graduation-Project\\dataconnect`: GetFileAttributesEx f:\\React\\Animation\\Graduation-Project\\dataconnect: The system cannot find the file specified.\nE0521 08:12:40.087262   32040 watch.go:40] Failed to load config from \"f:\\\\React\\\\Animation\\\\Graduation-Project\\\\dataconnect\": could not find dataconnect.yaml in `f:\\React\\Animation\\Graduation-Project\\dataconnect`\n"}}
[debug] [2026-05-21T05:12:50.087Z] E0521 08:12:50.087571   32040 watch.go:40] Failed to load config from "f:\\React\\Animation\\Graduation-Project\\dataconnect": could not find dataconnect.yaml in `f:\React\Animation\Graduation-Project\dataconnect`
 {"metadata":{"emulator":{"name":"dataconnect"},"message":"E0521 08:12:50.087571   32040 watch.go:40] Failed to load config from \"f:\\\\React\\\\Animation\\\\Graduation-Project\\\\dataconnect\": could not find dataconnect.yaml in `f:\\React\\Animation\\Graduation-Project\\dataconnect`\n"}}
[debug] [2026-05-21T05:13:00.087Z] E0521 08:13:00.086936   32040 watch.go:40] Failed to load config from "f:\\React\\Animation\\Graduation-Project\\dataconnect": could not find dataconnect.yaml in `f:\React\Animation\Graduation-Project\dataconnect`
 {"metadata":{"emulator":{"name":"dataconnect"},"message":"E0521 08:13:00.086936   32040 watch.go:40] Failed to load config from \"f:\\\\React\\\\Animation\\\\Graduation-Project\\\\dataconnect\": could not find dataconnect.yaml in `f:\\React\\Animation\\Graduation-Project\\dataconnect`\n"}}
[debug] [2026-05-21T05:13:10.087Z] E0521 08:13:10.087196   32040 watch.go:40] Failed to load config from "f:\\React\\Animation\\Graduation-Project\\dataconnect": could not find dataconnect.yaml in `f:\React\Animation\Graduation-Project\dataconnect`
 {"metadata":{"emulator":{"name":"dataconnect"},"message":"E0521 08:13:10.087196   32040 watch.go:40] Failed to load config from \"f:\\\\React\\\\Animation\\\\Graduation-Project\\\\dataconnect\": could not find dataconnect.yaml in `f:\\React\\Animation\\Graduation-Project\\dataconnect`\n"}}
[debug] [2026-05-21T05:13:20.087Z] E0521 08:13:20.087108   32040 watch.go:40] Failed to load config from "f:\\React\\Animation\\Graduation-Project\\dataconnect": could not find dataconnect.yaml in `f:\React\Animation\Graduation-Project\dataconnect`
 {"metadata":{"emulator":{"name":"dataconnect"},"message":"E0521 08:13:20.087108   32040 watch.go:40] Failed to load config from \"f:\\\\React\\\\Animation\\\\Graduation-Project\\\\dataconnect\": could not find dataconnect.yaml in `f:\\React\\Animation\\Graduation-Project\\dataconnect`\n"}}
[debug] [2026-05-21T05:13:30.087Z] E0521 08:13:30.087149   32040 watch.go:40] Failed to load config from "f:\\React\\Animation\\Graduation-Project\\dataconnect": could not find dataconnect.yaml in `f:\React\Animation\Graduation-Project\dataconnect`
 {"metadata":{"emulator":{"name":"dataconnect"},"message":"E0521 08:13:30.087149   32040 watch.go:40] Failed to load config from \"f:\\\\React\\\\Animation\\\\Graduation-Project\\\\dataconnect\": could not find dataconnect.yaml in `f:\\React\\Animation\\Graduation-Project\\dataconnect`\n"}}
[debug] [2026-05-21T05:13:40.087Z] E0521 08:13:40.086942   32040 watch.go:116] watchAllDir unable to walk dir `f:\React\Animation\Graduation-Project\dataconnect`: GetFileAttributesEx f:\React\Animation\Graduation-Project\dataconnect: The system cannot find the file specified.
E0521 08:13:40.086942   32040 watch.go:40] Failed to load config from "f:\\React\\Animation\\Graduation-Project\\dataconnect": could not find dataconnect.yaml in `f:\React\Animation\Graduation-Project\dataconnect`
 {"metadata":{"emulator":{"name":"dataconnect"},"message":"E0521 08:13:40.086942   32040 watch.go:116] watchAllDir unable to walk dir `f:\\React\\Animation\\Graduation-Project\\dataconnect`: GetFileAttributesEx f:\\React\\Animation\\Graduation-Project\\dataconnect: The system cannot find the file specified.\nE0521 08:13:40.086942   32040 watch.go:40] Failed to load config from \"f:\\\\React\\\\Animation\\\\Graduation-Project\\\\dataconnect\": could not find dataconnect.yaml in `f:\\React\\Animation\\Graduation-Project\\dataconnect`\n"}}
[debug] [2026-05-21T05:13:50.087Z] E0521 08:13:50.087486   32040 watch.go:40] Failed to load config from "f:\\React\\Animation\\Graduation-Project\\dataconnect": could not find dataconnect.yaml in `f:\React\Animation\Graduation-Project\dataconnect`
 {"metadata":{"emulator":{"name":"dataconnect"},"message":"E0521 08:13:50.087486   32040 watch.go:40] Failed to load config from \"f:\\\\React\\\\Animation\\\\Graduation-Project\\\\dataconnect\": could not find dataconnect.yaml in `f:\\React\\Animation\\Graduation-Project\\dataconnect`\n"}}
[debug] [2026-05-21T05:14:00.087Z] E0521 08:14:00.087364   32040 watch.go:40] Failed to load config from "f:\\React\\Animation\\Graduation-Project\\dataconnect": could not find dataconnect.yaml in `f:\React\Animation\Graduation-Project\dataconnect`
 {"metadata":{"emulator":{"name":"dataconnect"},"message":"E0521 08:14:00.087364   32040 watch.go:40] Failed to load config from \"f:\\\\React\\\\Animation\\\\Graduation-Project\\\\dataconnect\": could not find dataconnect.yaml in `f:\\React\\Animation\\Graduation-Project\\dataconnect`\n"}}
[debug] [2026-05-21T05:14:10.087Z] E0521 08:14:10.087094   32040 watch.go:40] Failed to load config from "f:\\React\\Animation\\Graduation-Project\\dataconnect": could not find dataconnect.yaml in `f:\React\Animation\Graduation-Project\dataconnect`
 {"metadata":{"emulator":{"name":"dataconnect"},"message":"E0521 08:14:10.087094   32040 watch.go:40] Failed to load config from \"f:\\\\React\\\\Animation\\\\Graduation-Project\\\\dataconnect\": could not find dataconnect.yaml in `f:\\React\\Animation\\Graduation-Project\\dataconnect`\n"}}
[debug] [2026-05-21T05:14:20.087Z] E0521 08:14:20.087214   32040 watch.go:40] Failed to load config from "f:\\React\\Animation\\Graduation-Project\\dataconnect": could not find dataconnect.yaml in `f:\React\Animation\Graduation-Project\dataconnect`
 {"metadata":{"emulator":{"name":"dataconnect"},"message":"E0521 08:14:20.087214   32040 watch.go:40] Failed to load config from \"f:\\\\React\\\\Animation\\\\Graduation-Project\\\\dataconnect\": could not find dataconnect.yaml in `f:\\React\\Animation\\Graduation-Project\\dataconnect`\n"}}
[debug] [2026-05-21T05:14:30.087Z] E0521 08:14:30.087190   32040 watch.go:40] Failed to load config from "f:\\React\\Animation\\Graduation-Project\\dataconnect": could not find dataconnect.yaml in `f:\React\Animation\Graduation-Project\dataconnect`
 {"metadata":{"emulator":{"name":"dataconnect"},"message":"E0521 08:14:30.087190   32040 watch.go:40] Failed to load config from \"f:\\\\React\\\\Animation\\\\Graduation-Project\\\\dataconnect\": could not find dataconnect.yaml in `f:\\React\\Animation\\Graduation-Project\\dataconnect`\n"}}
[debug] [2026-05-21T05:14:40.087Z] E0521 08:14:40.087269   32040 watch.go:116] watchAllDir unable to walk dir `f:\React\Animation\Graduation-Project\dataconnect`: GetFileAttributesEx f:\React\Animation\Graduation-Project\dataconnect: The system cannot find the file specified.
E0521 08:14:40.087269   32040 watch.go:40] Failed to load config from "f:\\React\\Animation\\Graduation-Project\\dataconnect": could not find dataconnect.yaml in `f:\React\Animation\Graduation-Project\dataconnect`
 {"metadata":{"emulator":{"name":"dataconnect"},"message":"E0521 08:14:40.087269   32040 watch.go:116] watchAllDir unable to walk dir `f:\\React\\Animation\\Graduation-Project\\dataconnect`: GetFileAttributesEx f:\\React\\Animation\\Graduation-Project\\dataconnect: The system cannot find the file specified.\nE0521 08:14:40.087269   32040 watch.go:40] Failed to load config from \"f:\\\\React\\\\Animation\\\\Graduation-Project\\\\dataconnect\": could not find dataconnect.yaml in `f:\\React\\Animation\\Graduation-Project\\dataconnect`\n"}}
[debug] [2026-05-21T05:14:50.087Z] E0521 08:14:50.087234   32040 watch.go:40] Failed to load config from "f:\\React\\Animation\\Graduation-Project\\dataconnect": could not find dataconnect.yaml in `f:\React\Animation\Graduation-Project\dataconnect`
 {"metadata":{"emulator":{"name":"dataconnect"},"message":"E0521 08:14:50.087234   32040 watch.go:40] Failed to load config from \"f:\\\\React\\\\Animation\\\\Graduation-Project\\\\dataconnect\": could not find dataconnect.yaml in `f:\\React\\Animation\\Graduation-Project\\dataconnect`\n"}}
[debug] [2026-05-21T05:15:00.087Z] E0521 08:15:00.087040   32040 watch.go:40] Failed to load config from "f:\\React\\Animation\\Graduation-Project\\dataconnect": could not find dataconnect.yaml in `f:\React\Animation\Graduation-Project\dataconnect`
 {"metadata":{"emulator":{"name":"dataconnect"},"message":"E0521 08:15:00.087040   32040 watch.go:40] Failed to load config from \"f:\\\\React\\\\Animation\\\\Graduation-Project\\\\dataconnect\": could not find dataconnect.yaml in `f:\\React\\Animation\\Graduation-Project\\dataconnect`\n"}}
[debug] [2026-05-21T05:15:10.087Z] E0521 08:15:10.087039   32040 watch.go:40] Failed to load config from "f:\\React\\Animation\\Graduation-Project\\dataconnect": could not find dataconnect.yaml in `f:\React\Animation\Graduation-Project\dataconnect`
 {"metadata":{"emulator":{"name":"dataconnect"},"message":"E0521 08:15:10.087039   32040 watch.go:40] Failed to load config from \"f:\\\\React\\\\Animation\\\\Graduation-Project\\\\dataconnect\": could not find dataconnect.yaml in `f:\\React\\Animation\\Graduation-Project\\dataconnect`\n"}}
[debug] [2026-05-21T05:15:20.087Z] E0521 08:15:20.087051   32040 watch.go:40] Failed to load config from "f:\\React\\Animation\\Graduation-Project\\dataconnect": could not find dataconnect.yaml in `f:\React\Animation\Graduation-Project\dataconnect`
 {"metadata":{"emulator":{"name":"dataconnect"},"message":"E0521 08:15:20.087051   32040 watch.go:40] Failed to load config from \"f:\\\\React\\\\Animation\\\\Graduation-Project\\\\dataconnect\": could not find dataconnect.yaml in `f:\\React\\Animation\\Graduation-Project\\dataconnect`\n"}}
[debug] [2026-05-21T05:15:30.087Z] E0521 08:15:30.087428   32040 watch.go:40] Failed to load config from "f:\\React\\Animation\\Graduation-Project\\dataconnect": could not find dataconnect.yaml in `f:\React\Animation\Graduation-Project\dataconnect`
 {"metadata":{"emulator":{"name":"dataconnect"},"message":"E0521 08:15:30.087428   32040 watch.go:40] Failed to load config from \"f:\\\\React\\\\Animation\\\\Graduation-Project\\\\dataconnect\": could not find dataconnect.yaml in `f:\\React\\Animation\\Graduation-Project\\dataconnect`\n"}}
[debug] [2026-05-21T05:15:40.087Z] E0521 08:15:40.086982   32040 watch.go:116] watchAllDir unable to walk dir `f:\React\Animation\Graduation-Project\dataconnect`: GetFileAttributesEx f:\React\Animation\Graduation-Project\dataconnect: The system cannot find the file specified.
E0521 08:15:40.086982   32040 watch.go:40] Failed to load config from "f:\\React\\Animation\\Graduation-Project\\dataconnect": could not find dataconnect.yaml in `f:\React\Animation\Graduation-Project\dataconnect`
 {"metadata":{"emulator":{"name":"dataconnect"},"message":"E0521 08:15:40.086982   32040 watch.go:116] watchAllDir unable to walk dir `f:\\React\\Animation\\Graduation-Project\\dataconnect`: GetFileAttributesEx f:\\React\\Animation\\Graduation-Project\\dataconnect: The system cannot find the file specified.\nE0521 08:15:40.086982   32040 watch.go:40] Failed to load config from \"f:\\\\React\\\\Animation\\\\Graduation-Project\\\\dataconnect\": could not find dataconnect.yaml in `f:\\React\\Animation\\Graduation-Project\\dataconnect`\n"}}
[debug] [2026-05-21T05:15:50.087Z] E0521 08:15:50.087436   32040 watch.go:40] Failed to load config from "f:\\React\\Animation\\Graduation-Project\\dataconnect": could not find dataconnect.yaml in `f:\React\Animation\Graduation-Project\dataconnect`
 {"metadata":{"emulator":{"name":"dataconnect"},"message":"E0521 08:15:50.087436   32040 watch.go:40] Failed to load config from \"f:\\\\React\\\\Animation\\\\Graduation-Project\\\\dataconnect\": could not find dataconnect.yaml in `f:\\React\\Animation\\Graduation-Project\\dataconnect`\n"}}
[debug] [2026-05-21T05:16:00.087Z] E0521 08:16:00.087059   32040 watch.go:40] Failed to load config from "f:\\React\\Animation\\Graduation-Project\\dataconnect": could not find dataconnect.yaml in `f:\React\Animation\Graduation-Project\dataconnect`
 {"metadata":{"emulator":{"name":"dataconnect"},"message":"E0521 08:16:00.087059   32040 watch.go:40] Failed to load config from \"f:\\\\React\\\\Animation\\\\Graduation-Project\\\\dataconnect\": could not find dataconnect.yaml in `f:\\React\\Animation\\Graduation-Project\\dataconnect`\n"}}
[debug] [2026-05-21T05:16:10.087Z] E0521 08:16:10.087087   32040 watch.go:40] Failed to load config from "f:\\React\\Animation\\Graduation-Project\\dataconnect": could not find dataconnect.yaml in `f:\React\Animation\Graduation-Project\dataconnect`
 {"metadata":{"emulator":{"name":"dataconnect"},"message":"E0521 08:16:10.087087   32040 watch.go:40] Failed to load config from \"f:\\\\React\\\\Animation\\\\Graduation-Project\\\\dataconnect\": could not find dataconnect.yaml in `f:\\React\\Animation\\Graduation-Project\\dataconnect`\n"}}
[debug] [2026-05-21T05:16:20.087Z] E0521 08:16:20.087120   32040 watch.go:40] Failed to load config from "f:\\React\\Animation\\Graduation-Project\\dataconnect": could not find dataconnect.yaml in `f:\React\Animation\Graduation-Project\dataconnect`
 {"metadata":{"emulator":{"name":"dataconnect"},"message":"E0521 08:16:20.087120   32040 watch.go:40] Failed to load config from \"f:\\\\React\\\\Animation\\\\Graduation-Project\\\\dataconnect\": could not find dataconnect.yaml in `f:\\React\\Animation\\Graduation-Project\\dataconnect`\n"}}
[debug] [2026-05-21T05:16:30.087Z] E0521 08:16:30.086993   32040 watch.go:40] Failed to load config from "f:\\React\\Animation\\Graduation-Project\\dataconnect": could not find dataconnect.yaml in `f:\React\Animation\Graduation-Project\dataconnect`
 {"metadata":{"emulator":{"name":"dataconnect"},"message":"E0521 08:16:30.086993   32040 watch.go:40] Failed to load config from \"f:\\\\React\\\\Animation\\\\Graduation-Project\\\\dataconnect\": could not find dataconnect.yaml in `f:\\React\\Animation\\Graduation-Project\\dataconnect`\n"}}
[debug] [2026-05-21T05:16:40.087Z] E0521 08:16:40.086998   32040 watch.go:116] watchAllDir unable to walk dir `f:\React\Animation\Graduation-Project\dataconnect`: GetFileAttributesEx f:\React\Animation\Graduation-Project\dataconnect: The system cannot find the file specified.
E0521 08:16:40.086998   32040 watch.go:40] Failed to load config from "f:\\React\\Animation\\Graduation-Project\\dataconnect": could not find dataconnect.yaml in `f:\React\Animation\Graduation-Project\dataconnect`
 {"metadata":{"emulator":{"name":"dataconnect"},"message":"E0521 08:16:40.086998   32040 watch.go:116] watchAllDir unable to walk dir `f:\\React\\Animation\\Graduation-Project\\dataconnect`: GetFileAttributesEx f:\\React\\Animation\\Graduation-Project\\dataconnect: The system cannot find the file specified.\nE0521 08:16:40.086998   32040 watch.go:40] Failed to load config from \"f:\\\\React\\\\Animation\\\\Graduation-Project\\\\dataconnect\": could not find dataconnect.yaml in `f:\\React\\Animation\\Graduation-Project\\dataconnect`\n"}}
[info] [Firebase Plugin] Stopping SQL Connect toolkit
[warn] !  SQL Connect Emulator has exited upon receiving signal: SIGINT 
[debug] [2026-05-22T13:58:06.500Z] [Firebase Plugin] Activating Firebase extension.
[info] [Firebase Plugin] Checked firebase-tools, is up to date!
[debug] [2026-05-22T13:58:17.048Z] [Firebase Plugin] requireAuthWrapper
[debug] [2026-05-22T13:58:17.050Z] > command requires scopes: ["email","openid","https://www.googleapis.com/auth/cloudplatformprojects.readonly","https://www.googleapis.com/auth/firebase","https://www.googleapis.com/auth/cloud-platform"]
[debug] [2026-05-22T13:58:17.051Z] > authorizing via signed-in user (feraswork02@gmail.com)
[debug] [2026-05-22T13:58:17.054Z] Checked if tokens are valid: false, expires at: 1779330999286
[debug] [2026-05-22T13:58:17.055Z] Checked if tokens are valid: false, expires at: 1779330999286
[debug] [2026-05-22T13:58:17.055Z] > refreshing access token with scopes: []
[debug] [2026-05-22T13:58:17.057Z] >>> [apiv2][query] POST https://www.googleapis.com/oauth2/v3/token [none]
[debug] [2026-05-22T13:58:17.057Z] >>> [apiv2][body] POST https://www.googleapis.com/oauth2/v3/token [omitted]
[debug] [2026-05-22T13:58:17.071Z] [Firebase Plugin] VSCode notification server listening on port 40001
[info] [Firebase Plugin] Starting SQL Connect toolkit (version 3.4.8) on port 50001
[debug] [2026-05-22T13:58:20.365Z] 'fdc build' failed with error: Unable to build your SQL Connect schema and connectors (exit code 1): E0522 16:58:20.347020    6636 cmd.go:43] Error loading data connect config: could not find dataconnect.yaml in `f:\React\Animation\Graduation-Project\dataconnect`
 {"metadata":{"emulator":{"name":"dataconnect"},"message":"'fdc build' failed with error: Unable to build your SQL Connect schema and connectors (exit code 1): E0522 16:58:20.347020    6636 cmd.go:43] Error loading data connect config: could not find dataconnect.yaml in `f:\\React\\Animation\\Graduation-Project\\dataconnect`\n"}}
[debug] [2026-05-22T13:58:20.366Z] Ignoring unsupported arg: auto_download {"metadata":{"emulator":{"name":"dataconnect"},"message":"Ignoring unsupported arg: auto_download"}}
[debug] [2026-05-22T13:58:20.366Z] Ignoring unsupported arg: port {"metadata":{"emulator":{"name":"dataconnect"},"message":"Ignoring unsupported arg: port"}}
[debug] [2026-05-22T13:58:20.366Z] Starting SQL Connect Emulator with command {"binary":"C:\\Users\\feras\\.cache\\firebase\\emulators\\dataconnect-emulator-3.4.8.exe","args":["--logtostderr","-v=2","dev","--listen=localhost:50001","--config_dir=f:\\React\\Animation\\Graduation-Project\\dataconnect","--enable_output_schema_extensions=true","--enable_output_generated_sdk=true"],"optionalArgs":["listen","config_dir","enable_output_schema_extensions","enable_output_generated_sdk"],"joinArgs":true,"shell":false,"port":9399} {"metadata":{"emulator":{"name":"dataconnect"},"message":"Starting SQL Connect Emulator with command {\"binary\":\"C:\\\\Users\\\\feras\\\\.cache\\\\firebase\\\\emulators\\\\dataconnect-emulator-3.4.8.exe\",\"args\":[\"--logtostderr\",\"-v=2\",\"dev\",\"--listen=localhost:50001\",\"--config_dir=f:\\\\React\\\\Animation\\\\Graduation-Project\\\\dataconnect\",\"--enable_output_schema_extensions=true\",\"--enable_output_generated_sdk=true\"],\"optionalArgs\":[\"listen\",\"config_dir\",\"enable_output_schema_extensions\",\"enable_output_generated_sdk\"],\"joinArgs\":true,\"shell\":false,\"port\":9399}"}}
[info] i  dataconnect: SQL Connect Emulator logging to dataconnect-debug.log {"metadata":{"emulator":{"name":"dataconnect"},"message":"SQL Connect Emulator logging to \u001b[1mdataconnect-debug.log\u001b[22m"}}
[debug] [2026-05-22T13:58:20.456Z] E0522 16:58:20.416674   29932 dev.go:83] Failed to load initial config from "f:\\React\\Animation\\Graduation-Project\\dataconnect": could not find dataconnect.yaml in `f:\React\Animation\Graduation-Project\dataconnect`
E0522 16:58:20.432724   29932 watch.go:116] watchAllDir unable to walk dir `f:\React\Animation\Graduation-Project\dataconnect`: GetFileAttributesEx f:\React\Animation\Graduation-Project\dataconnect: The system cannot find the file specified.
I0522 16:58:20.445920   29932 dev.go:104] Listening on address (HTTP + gRPC): 127.0.0.1:50001
 {"metadata":{"emulator":{"name":"dataconnect"},"message":"E0522 16:58:20.416674   29932 dev.go:83] Failed to load initial config from \"f:\\\\React\\\\Animation\\\\Graduation-Project\\\\dataconnect\": could not find dataconnect.yaml in `f:\\React\\Animation\\Graduation-Project\\dataconnect`\nE0522 16:58:20.432724   29932 watch.go:116] watchAllDir unable to walk dir `f:\\React\\Animation\\Graduation-Project\\dataconnect`: GetFileAttributesEx f:\\React\\Animation\\Graduation-Project\\dataconnect: The system cannot find the file specified.\nI0522 16:58:20.445920   29932 dev.go:104] Listening on address (HTTP + gRPC): 127.0.0.1:50001\n"}}
[error] [Firebase Plugin] error:  {}
[debug] [2026-05-22T13:58:21.459Z] <<< [apiv2][status] POST https://www.googleapis.com/oauth2/v3/token 200
[debug] [2026-05-22T13:58:21.459Z] <<< [apiv2][body] POST https://www.googleapis.com/oauth2/v3/token [omitted]
[debug] [2026-05-22T13:58:21.474Z] [Firebase Plugin] User found:  feraswork02@gmail.com
[info] [Firebase Plugin] (Core:Project) New user detected, fetching projects
[debug] [2026-05-22T13:58:21.475Z] Checked if tokens are valid: true, expires at: 1779461900459
[debug] [2026-05-22T13:58:21.476Z] >>> [apiv2][query] GET https://firebase.googleapis.com/v1beta1/projects pageSize=1000
[debug] [2026-05-22T13:58:24.324Z] <<< [apiv2][status] GET https://firebase.googleapis.com/v1beta1/projects 200
[debug] [2026-05-22T13:58:24.325Z] <<< [apiv2][body] GET https://firebase.googleapis.com/v1beta1/projects [omitted]
